,HYRIV_ID,RIVER_ID,direction,UPLAND_SKM,DIS_AV_CMS,ORD_STRA,ORD_CLAS,gsw_max_occ,division,lon,lat,dry_status,dry_width_m,dry_scene,dry_cloud,monsoon_status,monsoon_width_m,monsoon_scene,monsoon_cloud
0,40877830,40877830,out_of_BD,3.3,0.152,1,5,60,Rangpur,88.38960872510108,26.614583425510713,no_water_crossing,0.0,S2B_MSIL2A_20240314T043659_R033_T45RXK_20240314T085020,2.0,no_water_crossing,0.0,S2A_MSIL2A_20240816T043701_R033_T45RXK_20240816T093750,22.5
1,40878357,40917784,into_BD,745.7,37.169,5,4,53,Rangpur,88.38805285441201,26.611947349638346,no_water_crossing,0.0,S2B_MSIL2A_20240314T043659_R033_T45RXK_20240314T085020,2.0,no_water_crossing,0.0,S2A_MSIL2A_20240816T043701_R033_T45RXK_20240816T093750,22.5
2,40878357,40917784,out_of_BD,745.7,37.169,5,4,62,Rangpur,88.39230451015207,26.60769562511492,confirmed,60.0,S2B_MSIL2A_20240314T043659_R033_T45RXK_20240314T085020,2.0,confirmed,100.0,S2A_MSIL2A_20240816T043701_R033_T45RXK_20240816T093750,22.5
3,40878577,40878577,out_of_BD,10.2,0.472,1,5,32,Rangpur,88.39752399450087,26.60247602562519,confirmed,90.0,S2B_MSIL2A_20240314T043659_R033_T45RXK_20240314T085020,2.0,confirmed,110.0,S2A_MSIL2A_20240816T043701_R033_T45RXK_20240816T093750,22.5
4,40878830,40878830,into_BD,5.9,0.278,1,5,66,Rangpur,88.38099741434552,26.598169265750435,no_water_crossing,0.0,S2B_MSIL2A_20240314T043659_R033_T45RXK_20240314T085020,2.0,confirmed,30.0,S2A_MSIL2A_20240816T043701_R033_T45RXK_20240816T093750,22.5
5,40878831,40917784,into_BD,758.0,37.87,5,4,74,Rangpur,88.38961129768082,26.60214502421119,confirmed,40.0,S2B_MSIL2A_20240314T043659_R033_T45RXK_20240314T085020,2.0,no_water_crossing,0.0,S2A_MSIL2A_20240816T043701_R033_T45RXK_20240816T093750,22.5
6,40878831,40917784,out_of_BD,758.0,37.87,5,4,72,Rangpur,88.38913789242885,26.602083339186564,confirmed,40.0,S2B_MSIL2A_20240314T043659_R033_T45RXK_20240314T085020,2.0,no_water_crossing,0.0,S2A_MSIL2A_20240816T043701_R033_T45RXK_20240816T093750,22.5
7,40878831,40917784,into_BD,758.0,37.87,5,4,59,Rangpur,88.38183961287325,26.59850630284889,no_water_crossing,0.0,S2B_MSIL2A_20240314T043659_R033_T45RXK_20240314T085020,2.0,no_water_crossing,0.0,S2A_MSIL2A_20240816T043701_R033_T45RXK_20240816T093750,22.5
8,40879070,40879070,into_BD,5.2,0.241,1,6,72,Rangpur,88.38036707342549,26.59791667690396,no_water_crossing,0.0,S2B_MSIL2A_20240314T043659_R033_T45RXK_20240314T085020,2.0,confirmed,20.0,S2A_MSIL2A_20240816T043701_R033_T45RXK_20240816T093750,22.5
9,40880343,40917784,out_of_BD,775.1,38.976,5,4,41,Rangpur,88.37521391716437,26.581250015157572,confirmed,90.0,S2B_MSIL2A_20240314T043659_R033_T45RXK_20240314T085020,2.0,confirmed,90.0,S2A_MSIL2A_20240816T043701_R033_T45RXK_20240816T093750,22.5
10,40880343,40917784,into_BD,775.1,38.976,5,4,72,Rangpur,88.37291666895786,26.57813041885095,no_water_crossing,0.0,S2B_MSIL2A_20240314T043659_R033_T45RXK_20240314T085020,2.0,no_water_crossing,0.0,S2A_MSIL2A_20240816T043701_R033_T45RXK_20240816T093750,22.5
11,40881547,40917784,out_of_BD,790.2,39.902,5,4,72,Rangpur,88.36567805022418,26.553178187913375,confirmed,600.0,S2B_MSIL2A_20240314T043659_R033_T45RXK_20240314T085020,2.0,confirmed,430.0,S2A_MSIL2A_20240816T043701_R033_T45RXK_20240816T093750,22.5
12,40882013,40917784,into_BD,805.0,40.676,5,4,50,Rangpur,88.36041666868718,26.547044728438888,confirmed,290.0,S2B_MSIL2A_20240314T043659_R033_T45RXK_20240314T085020,2.0,confirmed,160.0,S2A_MSIL2A_20240816T043701_R033_T45RXK_20240816T093750,22.5
13,40882692,41030560,into_BD,274.9,13.318,3,2,11,Rangpur,88.48541666852759,26.53206018531579,no_water_crossing,0.0,S2B_MSIL2A_20240314T043659_R033_T45RXK_20240314T085020,2.0,confirmed,90.0,S2A_MSIL2A_20240816T043701_R033_T45RXK_20240816T093750,22.5
14,40882957,40882957,into_BD,3.3,0.148,1,5,78,Rangpur,88.35507812160739,26.5270833543089,confirmed,100.0,S2B_MSIL2A_20240314T043659_R033_T45RXK_20240314T085020,2.0,confirmed,610.0,S2A_MSIL2A_20240816T043701_R033_T45RXK_20240816T093750,22.5
15,40882958,40917784,out_of_BD,830.5,42.033,5,4,63,Rangpur,88.35747215820906,26.54080553118953,no_water_crossing,0.0,S2B_MSIL2A_20240314T043659_R033_T45RXK_20240314T085020,2.0,confirmed,450.0,S2A_MSIL2A_20240816T043701_R033_T45RXK_20240816T093750,22.5
16,40882958,40917784,into_BD,830.5,42.033,5,4,69,Rangpur,88.3562500047534,26.527649086560356,confirmed,90.0,S2B_MSIL2A_20240314T043659_R033_T45RXK_20240314T085020,2.0,confirmed,480.0,S2A_MSIL2A_20240816T043701_R033_T45RXK_20240816T093750,22.5
17,40883488,40917784,out_of_BD,835.0,42.33,5,4,41,Rangpur,88.35250566485689,26.51917234892783,no_water_crossing,0.0,S2B_MSIL2A_20240314T043659_R033_T45RXK_20240314T085020,2.0,confirmed,280.0,S2A_MSIL2A_20240816T043701_R033_T45RXK_20240816T093750,22.5
18,40883726,40883726,out_of_BD,7.1,0.32,1,5,38,Rangpur,88.35246069352706,26.518750005038747,no_water_crossing,0.0,S2B_MSIL2A_20240314T043659_R033_T45RXK_20240314T085020,2.0,confirmed,240.0,S2A_MSIL2A_20240816T043701_R033_T45RXK_20240816T093750,22.5
19,40884401,40885830,into_BD,6.9,0.305,1,4,0,Rangpur,88.52107306769052,26.50857311498557,no_water_crossing,0.0,S2B_MSIL2A_20240314T043659_R033_T45RXK_20240314T085020,2.0,no_water_crossing,0.0,S2A_MSIL2A_20240816T043701_R033_T45RXK_20240816T093750,22.5
20,40884401,40885830,out_of_BD,6.9,0.305,1,4,0,Rangpur,88.52097821285425,26.504021845449433,no_water_crossing,0.0,S2B_MSIL2A_20240314T043659_R033_T45RXK_20240314T085020,2.0,no_water_crossing,0.0,S2A_MSIL2A_20240816T043701_R033_T45RXK_20240816T093750,22.5
21,40884664,40884664,out_of_BD,10.0,0.447,1,5,78,Rangpur,88.34638946151536,26.50625001420064,confirmed,380.0,S2B_MSIL2A_20240314T043659_R033_T45RXK_20240314T085020,2.0,confirmed,970.0,S2A_MSIL2A_20240816T043701_R033_T45RXK_20240816T093750,22.5
22,40884920,40917784,into_BD,867.4,44.097,5,4,75,Rangpur,88.33844214146713,26.50094256108337,no_water_crossing,0.0,S2B_MSIL2A_20240314T043659_R033_T45RXK_20240314T085020,2.0,confirmed,460.0,S2A_MSIL2A_20240816T043701_R033_T45RXK_20240816T093750,22.5
23,40884920,40917784,out_of_BD,867.4,44.097,5,4,79,Rangpur,88.337431175528,26.49993160484349,no_water_crossing,0.0,S2B_MSIL2A_20240314T043659_R033_T45RXK_20240314T085020,2.0,confirmed,300.0,S2A_MSIL2A_20240816T043701_R033_T45RXK_20240816T093750,22.5
24,40885351,40885830,into_BD,16.5,0.727,2,4,0,Rangpur,88.52291666945094,26.494275453227065,no_water_crossing,0.0,S2B_MSIL2A_20240314T043659_R033_T45RXK_20240314T085020,2.0,no_water_crossing,0.0,S2A_MSIL2A_20240816T043701_R033_T45RXK_20240816T093750,22.5
25,40885352,40885352,into_BD,2.9,0.125,1,5,0,Rangpur,88.52356770453972,26.48541669095309,no_water_crossing,0.0,S2B_MSIL2A_20240314T043659_R033_T45RXK_20240314T085020,2.0,no_water_crossing,0.0,S2A_MSIL2A_20240816T043701_R033_T45RXK_20240816T093750,22.5
26,40885588,40886589,into_BD,18.6,0.832,2,3,0,Rangpur,88.51041667845227,26.5106320087425,no_water_crossing,0.0,S2B_MSIL2A_20240314T043659_R033_T45RXK_20240314T085020,2.0,no_water_crossing,0.0,S2A_MSIL2A_20240816T043701_R033_T45RXK_20240816T093750,22.5
27,40886352,40886352,out_of_BD,5.6,0.247,1,7,0,Rangpur,88.36215723560188,26.4753428899378,no_water_crossing,0.0,S2B_MSIL2A_20240314T043659_R033_T45RXK_20240314T085020,2.0,no_water_crossing,0.0,S2A_MSIL2A_20240816T043701_R033_T45RXK_20240816T093750,22.5
28,40886352,40886352,into_BD,5.6,0.247,1,7,0,Rangpur,88.36458333379836,26.472751144482064,no_water_crossing,0.0,S2B_MSIL2A_20240314T043659_R033_T45RXK_20240314T085020,2.0,no_water_crossing,0.0,S2A_MSIL2A_20240816T043701_R033_T45RXK_20240816T093750,22.5
29,40886352,40886352,out_of_BD,5.6,0.247,1,7,0,Rangpur,88.36458333522627,26.469550229016235,no_water_crossing,0.0,S2B_MSIL2A_20240314T043659_R033_T45RXK_20240314T085020,2.0,no_water_crossing,0.0,S2A_MSIL2A_20240816T043701_R033_T45RXK_20240816T093750,22.5
30,40886353,40890694,out_of_BD,21.5,0.952,1,6,0,Rangpur,88.40483841140214,26.48541668035789,no_water_crossing,0.0,S2B_MSIL2A_20240314T043659_R033_T45RXK_20240314T085020,2.0,no_water_crossing,0.0,S2A_MSIL2A_20240816T043701_R033_T45RXK_20240816T093750,22.5
31,40886353,40890694,into_BD,21.5,0.952,1,6,0,Rangpur,88.40233153810951,26.4854166700903,no_water_crossing,0.0,S2B_MSIL2A_20240314T043659_R033_T45RXK_20240314T085020,2.0,no_water_crossing,0.0,S2A_MSIL2A_20240816T043701_R033_T45RXK_20240816T093750,22.5
32,40886353,40890694,out_of_BD,21.5,0.952,1,6,0,Rangpur,88.40174628865677,26.485079636188463,no_water_crossing,0.0,S2B_MSIL2A_20240314T043659_R033_T45RXK_20240314T085020,2.0,no_water_crossing,0.0,S2A_MSIL2A_20240816T043701_R033_T45RXK_20240816T093750,22.5
33,40886353,40890694,into_BD,21.5,0.952,1,6,0,Rangpur,88.40124321585286,26.484576579927783,no_water_crossing,0.0,S2B_MSIL2A_20240314T043659_R033_T45RXK_20240314T085020,2.0,no_water_crossing,0.0,S2A_MSIL2A_20240816T043701_R033_T45RXK_20240816T093750,22.5
34,40886353,40890694,out_of_BD,21.5,0.952,1,6,0,Rangpur,88.39856023408773,26.48189359236114,no_water_crossing,0.0,S2B_MSIL2A_20240314T043659_R033_T45RXK_20240314T085020,2.0,no_water_crossing,0.0,S2A_MSIL2A_20240816T043701_R033_T45RXK_20240816T093750,22.5
35,40886353,40890694,into_BD,21.5,0.952,1,6,0,Rangpur,88.3958706544937,26.481250045284153,no_water_crossing,0.0,S2B_MSIL2A_20240314T043659_R033_T45RXK_20240314T085020,2.0,no_water_crossing,0.0,S2A_MSIL2A_20240816T043701_R033_T45RXK_20240816T093750,22.5
36,40886353,40890694,out_of_BD,21.5,0.952,1,6,0,Rangpur,88.38758474055135,26.47925154640001,no_water_crossing,0.0,S2B_MSIL2A_20240314T043659_R033_T45RXK_20240314T085020,2.0,no_water_crossing,0.0,S2A_MSIL2A_20240816T043701_R033_T45RXK_20240816T093750,22.5
37,40886588,41030560,out_of_BD,302.1,14.702,3,2,16,Rangpur,88.48901601617057,26.5276506781025,no_water_crossing,0.0,S2B_MSIL2A_20240314T043659_R033_T45RXK_20240314T085020,2.0,confirmed,180.0,S2A_MSIL2A_20240816T043701_R033_T45RXK_20240816T093750,22.5
38,40886588,41030560,into_BD,302.1,14.702,3,2,20,Rangpur,88.48958334878522,26.525594664419387,no_water_crossing,0.0,S2B_MSIL2A_20240314T043659_R033_T45RXK_20240314T085020,2.0,confirmed,190.0,S2A_MSIL2A_20240816T043701_R033_T45RXK_20240816T093750,22.5
39,40886588,41030560,out_of_BD,302.1,14.702,3,2,17,Rangpur,88.4895833618424,26.524018428318236,no_water_crossing,0.0,S2B_MSIL2A_20240314T043659_R033_T45RXK_20240314T085020,2.0,confirmed,180.0,S2A_MSIL2A_20240816T043701_R033_T45RXK_20240816T093750,22.5
40,40886588,41030560,into_BD,302.1,14.702,3,2,17,Rangpur,88.48958337692389,26.516362420990266,no_water_crossing,0.0,S2B_MSIL2A_20240314T043659_R033_T45RXK_20240314T085020,2.0,confirmed,150.0,S2A_MSIL2A_20240816T043701_R033_T45RXK_20240816T093750,22.5
41,40886809,40886809,into_BD,3.7,0.159,1,4,0,Rangpur,88.47151002393616,26.463176765595005,no_water_crossing,0.0,S2B_MSIL2A_20240314T043659_R033_T45RXK_20240314T085020,2.0,no_water_crossing,0.0,S2A_MSIL2A_20240816T043701_R033_T45RXK_20240816T093750,22.5
42,40887077,40892434,into_BD,59.9,2.716,2,3,0,Rangpur,88.55625003061182,26.48468372877979,no_water_crossing,0.0,S2B_MSIL2A_20240314T043659_R033_T45RXK_20240314T085020,2.0,no_water_crossing,0.0,S2A_MSIL2A_20240816T043701_R033_T45RXK_20240816T093750,22.5
43,40887077,40892434,out_of_BD,59.9,2.716,2,3,0,Rangpur,88.55625002749478,26.484232380785024,no_water_crossing,0.0,S2B_MSIL2A_20240314T043659_R033_T45RXK_20240314T085020,2.0,no_water_crossing,0.0,S2A_MSIL2A_20240816T043701_R033_T45RXK_20240816T093750,22.5
44,40887077,40892434,into_BD,59.9,2.716,2,3,0,Rangpur,88.55460862618139,26.479608671931373,no_water_crossing,0.0,S2B_MSIL2A_20240314T043659_R033_T45RXK_20240314T085020,2.0,no_water_crossing,0.0,S2A_MSIL2A_20240816T043701_R033_T45RXK_20240816T093750,22.5
45,40887077,40892434,out_of_BD,59.9,2.716,2,3,0,Rangpur,88.55240972214337,26.47675696141293,no_water_crossing,0.0,S2B_MSIL2A_20240314T043659_R033_T45RXK_20240314T085020,2.0,no_water_crossing,0.0,S2A_MSIL2A_20240816T043701_R033_T45RXK_20240816T093750,22.5
46,40887077,40892434,into_BD,59.9,2.716,2,3,0,Rangpur,88.55375170819364,26.475415014638873,no_water_crossing,0.0,S2B_MSIL2A_20240314T043659_R033_T45RXK_20240314T085020,2.0,no_water_crossing,0.0,S2A_MSIL2A_20240816T043701_R033_T45RXK_20240816T093750,22.5
47,40887077,40892434,out_of_BD,59.9,2.716,2,3,0,Rangpur,88.5557646277299,26.47340206301347,no_water_crossing,0.0,S2B_MSIL2A_20240314T043659_R033_T45RXK_20240314T085020,2.0,no_water_crossing,0.0,S2A_MSIL2A_20240816T043701_R033_T45RXK_20240816T093750,22.5
48,40887077,40892434,into_BD,59.9,2.716,2,3,0,Rangpur,88.55625000163636,26.472215633442215,no_water_crossing,0.0,S2B_MSIL2A_20240314T043659_R033_T45RXK_20240314T085020,2.0,no_water_crossing,0.0,S2A_MSIL2A_20240816T043701_R033_T45RXK_20240816T093750,22.5
49,40887077,40892434,out_of_BD,59.9,2.716,2,3,1,Rangpur,88.55769989519182,26.46730023923075,no_water_crossing,0.0,S2B_MSIL2A_20240314T043659_R033_T45RXK_20240314T085020,2.0,no_water_crossing,0.0,S2A_MSIL2A_20240816T043701_R033_T45RXK_20240816T093750,22.5
50,40887077,40892434,into_BD,59.9,2.716,2,3,1,Rangpur,88.55820313552633,26.46679703231393,no_water_crossing,0.0,S2B_MSIL2A_20240314T043659_R033_T45RXK_20240314T085020,2.0,no_water_crossing,0.0,S2A_MSIL2A_20240816T043701_R033_T45RXK_20240816T093750,22.5
51,40887077,40892434,out_of_BD,59.9,2.716,2,3,0,Rangpur,88.55988057107284,26.46511965888823,no_water_crossing,0.0,S2B_MSIL2A_20240314T043659_R033_T45RXK_20240314T085020,2.0,confirmed,40.0,S2A_MSIL2A_20240816T043701_R033_T45RXK_20240816T093750,22.5
52,40887077,40892434,into_BD,59.9,2.716,2,3,0,Rangpur,88.56458333614883,26.45794257488274,no_water_crossing,0.0,S2B_MSIL2A_20240314T043659_R033_T45RXK_20240314T085020,2.0,no_water_crossing,0.0,S2A_MSIL2A_20240816T043701_R033_T45RXK_20240816T093750,22.5
53,40887078,40887078,into_BD,5.8,0.249,1,4,0,Rangpur,88.56956650620393,26.45706653637989,no_water_crossing,0.0,S2B_MSIL2A_20240314T043659_R033_T45RXK_20240314T085020,2.0,no_water_crossing,0.0,S2A_MSIL2A_20240816T043701_R033_T45RXK_20240816T093750,22.5
54,40887287,40887287,into_BD,4.2,0.182,1,3,42,Rangpur,88.47809609476676,26.453096202231183,no_water_crossing,0.0,S2B_MSIL2A_20240314T043659_R033_T45RXK_20240314T085020,2.0,no_water_crossing,0.0,S2A_MSIL2A_20240816T043701_R033_T45RXK_20240816T093750,22.5
55,40887287,40887287,out_of_BD,4.2,0.182,1,3,58,Rangpur,88.48060656223176,26.4556066019344,no_water_crossing,0.0,S2B_MSIL2A_20240314T043659_R033_T45RXK_20240314T085020,2.0,no_water_crossing,0.0,S2A_MSIL2A_20240816T043701_R033_T45RXK_20240816T093750,22.5
56,40887287,40887287,into_BD,4.2,0.182,1,3,53,Rangpur,88.48253974986099,26.456250013050393,no_water_crossing,0.0,S2B_MSIL2A_20240314T043659_R033_T45RXK_20240314T085020,2.0,no_water_crossing,0.0,S2A_MSIL2A_20240816T043701_R033_T45RXK_20240816T093750,22.5
57,40887772,40887772,out_of_BD,8.3,0.347,1,4,0,Rangpur,88.97611818458124,26.446951574682988,no_water_crossing,0.0,S2B_MSIL2A_20240314T043659_R033_T45RXK_20240314T085020,2.0,no_water_crossing,0.0,S2A_MSIL2A_20240816T043701_R033_T45RXK_20240816T093750,22.5
58,40888223,40888223,into_BD,5.2,0.222,1,3,48,Rangpur,88.4854166754447,26.45004654958244,no_water_crossing,0.0,S2B_MSIL2A_20240314T043659_R033_T45RXK_20240314T085020,2.0,no_water_crossing,0.0,S2A_MSIL2A_20240816T043701_R033_T45RXK_20240816T093750,22.5
59,40888224,40888224,into_BD,3.3,0.139,1,3,54,Rangpur,88.49570312005349,26.435416698074565,no_water_crossing,0.0,S2B_MSIL2A_20240314T043659_R033_T45RXK_20240314T085020,2.0,no_water_crossing,0.0,S2A_MSIL2A_20240816T043701_R033_T45RXK_20240816T093750,22.5
60,40888226,40895743,into_BD,87.2,3.987,2,3,3,Rangpur,88.60208334285612,26.47050459320085,no_water_crossing,0.0,S2B_MSIL2A_20240314T043659_R033_T45RXK_20240314T085020,2.0,no_water_crossing,0.0,S2A_MSIL2A_20240816T043701_R033_T45RXK_20240816T093750,22.5
61,40888951,40903966,out_of_BD,50.5,2.247,1,5,0,Rangpur,88.43541697138555,26.4662111532566,no_water_crossing,0.0,S2B_MSIL2A_20240314T043659_R033_T45RXK_20240314T085020,2.0,no_water_crossing,0.0,S2A_MSIL2A_20240816T043701_R033_T45RXK_20240816T093750,22.5
62,40889213,40889213,into_BD,3.3,0.138,1,4,31,Rangpur,88.49280995347786,26.418750037252288,no_water_crossing,0.0,S2B_MSIL2A_20240314T043659_R033_T45RXK_20240314T085020,2.0,no_water_crossing,0.0,S2A_MSIL2A_20240816T043701_R033_T45RXK_20240816T093750,22.5
63,40889214,40889214,into_BD,3.5,0.147,1,3,10,Rangpur,88.49354720087834,26.422916723076007,no_water_crossing,0.0,S2B_MSIL2A_20240314T043659_R033_T45RXK_20240314T085020,2.0,no_water_crossing,0.0,S2A_MSIL2A_20240816T043701_R033_T45RXK_20240816T093750,22.5
64,40889484,40889708,into_BD,21.7,0.921,1,5,0,Rangpur,88.62291668458006,26.465988543571655,no_water_crossing,0.0,S2B_MSIL2A_20240314T043659_R033_T45RXK_20240314T085020,2.0,no_water_crossing,0.0,S2A_MSIL2A_20240816T043701_R033_T45RXK_20240816T093750,22.5
65,40889484,40889708,out_of_BD,21.7,0.921,1,5,0,Rangpur,88.6236324408045,26.459700965839737,no_water_crossing,0.0,S2B_MSIL2A_20240314T043659_R033_T45RXK_20240314T085020,2.0,no_water_crossing,0.0,S2A_MSIL2A_20240816T043701_R033_T45RXK_20240816T093750,22.5
66,40889485,40898080,into_BD,228.7,10.251,3,3,35,Rangpur,88.92530984947491,26.416356873810383,no_water_crossing,0.0,S2B_MSIL2A_20240314T043659_R033_T45RXK_20240314T085020,2.0,confirmed,120.0,S2A_MSIL2A_20240816T043701_R033_T45RXK_20240816T093750,22.5
67,40889485,40898080,out_of_BD,228.7,10.251,3,3,35,Rangpur,88.92547875507796,26.41618796643038,no_water_crossing,0.0,S2B_MSIL2A_20240314T043659_R033_T45RXK_20240314T085020,2.0,confirmed,120.0,S2A_MSIL2A_20240816T043701_R033_T45RXK_20240816T093750,22.5
68,40889486,40889486,out_of_BD,5.6,0.231,1,4,39,Rangpur,88.93096931042759,26.4145833939949,no_water_crossing,0.0,S2B_MSIL2A_20240314T043659_R033_T45RXK_20240314T085020,2.0,confirmed,210.0,S2A_MSIL2A_20240816T043701_R033_T45RXK_20240816T093750,22.5
69,40889707,40889707,out_of_BD,9.8,0.409,1,6,0,Rangpur,88.66331094090623,26.41041684899003,no_water_crossing,0.0,S2B_MSIL2A_20240314T043659_R033_T45RXK_20240314T085020,2.0,no_water_crossing,0.0,S2A_MSIL2A_20240816T043701_R033_T45RXK_20240816T093750,22.5
70,40889707,40889707,into_BD,9.8,0.409,1,6,0,Rangpur,88.66431261723784,26.410416898386288,no_water_crossing,0.0,S2B_MSIL2A_20240314T043659_R033_T45RXK_20240314T085020,2.0,no_water_crossing,0.0,S2A_MSIL2A_20240816T043701_R033_T45RXK_20240816T093750,22.5
71,40889707,40889707,out_of_BD,9.8,0.409,1,6,0,Rangpur,88.66631597311172,26.410416976038555,no_water_crossing,0.0,S2B_MSIL2A_20240314T043659_R033_T45RXK_20240314T085020,2.0,no_water_crossing,0.0,S2A_MSIL2A_20240816T043701_R033_T45RXK_20240816T093750,22.5
72,40889707,40889707,into_BD,9.8,0.409,1,6,0,Rangpur,88.67908746726155,26.410416808450215,no_water_crossing,0.0,S2B_MSIL2A_20240314T043659_R033_T45RXK_20240314T085020,2.0,no_water_crossing,0.0,S2A_MSIL2A_20240816T043701_R033_T45RXK_20240816T093750,22.5
73,40889707,40889707,out_of_BD,9.8,0.409,1,6,0,Rangpur,88.68008916040854,26.4104167468586,no_water_crossing,0.0,S2B_MSIL2A_20240314T043659_R033_T45RXK_20240314T085020,2.0,no_water_crossing,0.0,S2A_MSIL2A_20240816T043701_R033_T45RXK_20240816T093750,22.5
74,40889707,40889707,into_BD,9.8,0.409,1,6,0,Rangpur,88.68147864758937,26.410645324195215,no_water_crossing,0.0,S2B_MSIL2A_20240314T043659_R033_T45RXK_20240314T085020,2.0,no_water_crossing,0.0,S2A_MSIL2A_20240816T043701_R033_T45RXK_20240816T093750,22.5
75,40889707,40889707,out_of_BD,9.8,0.409,1,6,0,Rangpur,88.6831543680197,26.412321082243217,no_water_crossing,0.0,S2B_MSIL2A_20240314T043659_R033_T45RXK_20240314T085020,2.0,no_water_crossing,0.0,S2A_MSIL2A_20240816T043701_R033_T45RXK_20240816T093750,22.5
76,40889978,40889978,into_BD,7.1,0.291,1,5,0,Rangpur,88.90979454144963,26.4068721719291,no_water_crossing,0.0,S2B_MSIL2A_20240314T043659_R033_T45RXK_20240314T085020,2.0,no_water_crossing,0.0,S2A_MSIL2A_20240816T043701_R033_T45RXK_20240816T093750,22.5
77,40889978,40889978,out_of_BD,7.1,0.291,1,5,0,Rangpur,88.91130644505864,26.407139810743637,no_water_crossing,0.0,S2B_MSIL2A_20240314T043659_R033_T45RXK_20240314T085020,2.0,no_water_crossing,0.0,S2A_MSIL2A_20240816T043701_R033_T45RXK_20240816T093750,22.5
78,40890230,40890230,into_BD,4.8,0.202,1,3,31,Rangpur,88.5023726571192,26.402372669445757,no_water_crossing,0.0,S2B_MSIL2A_20240314T043659_R033_T45RXK_20240314T085020,2.0,no_water_crossing,0.0,S2A_MSIL2A_20240816T043701_R033_T45RXK_20240816T093750,22.5
79,40890230,40890230,out_of_BD,4.8,0.202,1,3,47,Rangpur,88.50701228577753,26.4062500091148,no_water_crossing,0.0,S2B_MSIL2A_20240314T043659_R033_T45RXK_20240314T085020,2.0,no_water_crossing,0.0,S2A_MSIL2A_20240816T043701_R033_T45RXK_20240816T093750,22.5
80,40890230,40890230,into_BD,4.8,0.202,1,3,51,Rangpur,88.50978622479543,26.406250007830195,no_water_crossing,0.0,S2B_MSIL2A_20240314T043659_R033_T45RXK_20240314T085020,2.0,no_water_crossing,0.0,S2A_MSIL2A_20240816T043701_R033_T45RXK_20240816T093750,22.5
81,40890484,40898080,into_BD,260.8,11.645,3,3,29,Rangpur,88.93001629865134,26.41165057923837,no_water_crossing,0.0,S2B_MSIL2A_20240314T043659_R033_T45RXK_20240314T085020,2.0,confirmed,330.0,S2A_MSIL2A_20240816T043701_R033_T45RXK_20240816T093750,22.5
82,40890694,40890694,into_BD,65.1,2.865,2,6,2,Rangpur,88.363495348177,26.467662051629397,no_water_crossing,0.0,S2B_MSIL2A_20240314T043659_R033_T45RXK_20240314T085020,2.0,no_water_crossing,0.0,S2A_MSIL2A_20240816T043701_R033_T45RXK_20240816T093750,22.5
83,40890694,40890694,out_of_BD,65.1,2.865,2,6,2,Rangpur,88.36282582891745,26.466992542083844,no_water_crossing,0.0,S2B_MSIL2A_20240314T043659_R033_T45RXK_20240314T085020,2.0,no_water_crossing,0.0,S2A_MSIL2A_20240816T043701_R033_T45RXK_20240816T093750,22.5
84,40890694,40890694,into_BD,65.1,2.865,2,6,5,Rangpur,88.36041667383043,26.46309569710403,no_water_crossing,0.0,S2B_MSIL2A_20240314T043659_R033_T45RXK_20240314T085020,2.0,confirmed,50.0,S2A_MSIL2A_20240816T043701_R033_T45RXK_20240816T093750,22.5
85,40890694,40890694,out_of_BD,65.1,2.865,2,6,0,Rangpur,88.36041667887892,26.46039345626473,no_water_crossing,0.0,S2B_MSIL2A_20240314T043659_R033_T45RXK_20240314T085020,2.0,confirmed,60.0,S2A_MSIL2A_20240816T043701_R033_T45RXK_20240816T093750,22.5
86,40890694,40890694,into_BD,65.1,2.865,2,6,0,Rangpur,88.36040830533759,26.45634298242769,no_water_crossing,0.0,S2B_MSIL2A_20240314T043659_R033_T45RXK_20240314T085020,2.0,confirmed,110.0,S2A_MSIL2A_20240816T043701_R033_T45RXK_20240816T093750,22.5
87,40890694,40890694,out_of_BD,65.1,2.865,2,6,0,Rangpur,88.35295204073192,26.448785445220544,no_water_crossing,0.0,S2B_MSIL2A_20240314T043659_R033_T45RXK_20240314T085020,2.0,no_water_crossing,0.0,S2A_MSIL2A_20240816T043701_R033_T45RXK_20240816T093750,22.5
88,40890932,41030560,out_of_BD,421.1,20.097,4,2,39,Rangpur,88.5104166694422,26.403654650096524,confirmed,20.0,S2B_MSIL2A_20240314T043659_R033_T45RXK_20240314T085020,2.0,confirmed,60.0,S2A_MSIL2A_20240816T043701_R033_T45RXK_20240816T093750,22.5
89,40890932,41030560,into_BD,421.1,20.097,4,2,40,Rangpur,88.51041666725023,26.402300554236792,confirmed,30.0,S2B_MSIL2A_20240314T043659_R033_T45RXK_20240314T085020,2.0,confirmed,70.0,S2A_MSIL2A_20240816T043701_R033_T45RXK_20240816T093750,22.5
90,40890937,40893435,into_BD,6.2,0.251,1,4,0,Rangpur,89.02840647931296,26.407573192403557,no_water_crossing,0.0,S2B_MSIL2A_20240314T043659_R033_T45RXK_20240314T085020,2.0,no_water_crossing,0.0,S2A_MSIL2A_20240816T043701_R033_T45RYK_20240816T093750,16.2
91,40890938,40890938,into_BD,4.6,0.189,1,5,0,Rangpur,89.03958333982384,26.40047580597711,no_water_crossing,0.0,S2B_MSIL2A_20240314T043659_R033_T45RXK_20240314T085020,2.0,no_water_crossing,0.0,S2A_MSIL2A_20240816T043701_R033_T45RYK_20240816T093750,16.2
92,40890940,40896947,into_BD,4.0,0.165,1,4,0,Rangpur,89.06464829360075,26.397916697573905,no_water_crossing,0.0,S2B_MSIL2A_20240314T043659_R033_T45RXK_20240314T085020,2.0,confirmed,330.0,S2A_MSIL2A_20240816T043701_R033_T45RYK_20240816T093750,16.2
93,40890940,40896947,out_of_BD,4.0,0.165,1,4,0,Rangpur,89.06818666926682,26.39791667790269,no_water_crossing,0.0,S2B_MSIL2A_20240314T043659_R033_T45RXK_20240314T085020,2.0,confirmed,230.0,S2A_MSIL2A_20240816T043701_R033_T45RYK_20240816T093750,16.2
94,40890940,40896947,into_BD,4.0,0.165,1,4,0,Rangpur,89.06888042688296,26.397786246778203,no_water_crossing,0.0,S2B_MSIL2A_20240314T043659_R033_T45RXK_20240314T085020,2.0,confirmed,190.0,S2A_MSIL2A_20240816T043701_R033_T45RYK_20240816T093750,16.2
95,40891652,40891652,into_BD,5.0,0.209,1,3,60,Rangpur,88.5129798159897,26.378686950842084,confirmed,60.0,S2B_MSIL2A_20240314T043659_R033_T45RXK_20240314T085020,2.0,confirmed,600.0,S2A_MSIL2A_20240816T043701_R033_T45RXK_20240816T093750,22.5
96,40891923,40891923,into_BD,4.6,0.193,1,4,0,Rangpur,88.45856197761348,26.372916756211108,no_water_crossing,0.0,S2B_MSIL2A_20240314T043659_R033_T45RXK_20240314T085020,2.0,no_water_crossing,0.0,S2A_MSIL2A_20240816T043701_R033_T45RXK_20240816T093750,22.5
97,40891923,40891923,out_of_BD,4.6,0.193,1,4,0,Rangpur,88.45627539191938,26.37291675824993,no_water_crossing,0.0,S2B_MSIL2A_20240314T043659_R033_T45RXK_20240314T085020,2.0,no_water_crossing,0.0,S2A_MSIL2A_20240816T043701_R033_T45RXK_20240816T093750,22.5
98,40891924,40891924,into_BD,6.2,0.256,1,3,53,Rangpur,88.51524781557346,26.3729168527514,confirmed,110.0,S2B_MSIL2A_20240314T043659_R033_T45RXK_20240314T085020,2.0,confirmed,800.0,S2A_MSIL2A_20240816T043701_R033_T45RXK_20240816T093750,22.5
99,40891924,40891924,out_of_BD,6.2,0.256,1,3,62,Rangpur,88.52052800118035,26.372916768888672,confirmed,110.0,S2B_MSIL2A_20240314T043659_R033_T45RXK_20240314T085020,2.0,confirmed,1050.0,S2A_MSIL2A_20240816T043701_R033_T45RXK_20240816T093750,22.5
100,40891925,41030560,out_of_BD,441.7,21.036,4,2,55,Rangpur,88.52291666916673,26.37581018536287,no_water_crossing,0.0,S2B_MSIL2A_20240314T043659_R033_T45RXK_20240314T085020,2.0,confirmed,230.0,S2A_MSIL2A_20240816T043701_R033_T45RXK_20240816T093750,22.5
101,40891929,40896947,out_of_BD,18.7,0.756,2,4,0,Rangpur,89.08883364883204,26.377083464031756,no_water_crossing,0.0,S2B_MSIL2A_20240314T043659_R033_T45RXK_20240314T085020,2.0,no_water_crossing,0.0,S2A_MSIL2A_20240816T043701_R033_T45RYK_20240816T093750,16.2
102,40892433,41030560,into_BD,450.3,21.47,4,2,64,Rangpur,88.52291666883853,26.37190100165521,confirmed,50.0,S2B_MSIL2A_20240314T043659_R033_T45RXK_20240314T085020,2.0,confirmed,870.0,S2A_MSIL2A_20240816T043701_R033_T45RXK_20240816T093750,22.5
103,40893209,41002771,into_BD,22.7,0.957,2,3,0,Rangpur,88.45208333630869,26.370990175963115,no_water_crossing,0.0,S2B_MSIL2A_20240314T043659_R033_T45RXK_20240314T085020,2.0,no_water_crossing,0.0,S2A_MSIL2A_20240816T043701_R033_T45RXK_20240816T093750,22.5
104,40893209,41002771,out_of_BD,22.7,0.957,2,3,0,Rangpur,88.45105337603206,26.367720125105564,no_water_crossing,0.0,S2B_MSIL2A_20240314T043659_R033_T45RXK_20240314T085020,2.0,no_water_crossing,0.0,S2A_MSIL2A_20240816T043701_R033_T45RXK_20240816T093750,22.5
105,40893209,41002771,into_BD,22.7,0.957,2,3,0,Rangpur,88.45088497318076,26.3675517335171,no_water_crossing,0.0,S2B_MSIL2A_20240314T043659_R033_T45RXK_20240314T085020,2.0,no_water_crossing,0.0,S2A_MSIL2A_20240816T043701_R033_T45RXK_20240816T093750,22.5
106,40893209,41002771,out_of_BD,22.7,0.957,2,3,0,Rangpur,88.45021136660728,26.366878165780665,no_water_crossing,0.0,S2B_MSIL2A_20240314T043659_R033_T45RXK_20240314T085020,2.0,no_water_crossing,0.0,S2A_MSIL2A_20240816T043701_R033_T45RXK_20240816T093750,22.5
107,40893209,41002771,into_BD,22.7,0.957,2,3,0,Rangpur,88.44802219863129,26.364689055362906,no_water_crossing,0.0,S2B_MSIL2A_20240314T043659_R033_T45RXK_20240314T085020,2.0,no_water_crossing,0.0,S2A_MSIL2A_20240816T043701_R033_T45RXK_20240816T093750,22.5
108,40893209,41002771,out_of_BD,22.7,0.957,2,3,0,Rangpur,88.44375000254728,26.359140913706387,no_water_crossing,0.0,S2B_MSIL2A_20240314T043659_R033_T45RXK_20240314T085020,2.0,no_water_crossing,0.0,S2A_MSIL2A_20240816T043701_R033_T45RXK_20240816T093750,22.5
109,40893209,41002771,into_BD,22.7,0.957,2,3,0,Rangpur,88.44375000299105,26.358234337163616,no_water_crossing,0.0,S2B_MSIL2A_20240314T043659_R033_T45RXK_20240314T085020,2.0,no_water_crossing,0.0,S2A_MSIL2A_20240816T043701_R033_T45RXK_20240816T093750,22.5
110,40893209,41002771,out_of_BD,22.7,0.957,2,3,0,Rangpur,88.44236167298068,26.35486171521068,no_water_crossing,0.0,S2B_MSIL2A_20240314T043659_R033_T45RXK_20240314T085020,2.0,no_water_crossing,0.0,S2A_MSIL2A_20240816T043701_R033_T45RXK_20240816T093750,22.5
111,40893212,40893212,out_of_BD,10.2,0.416,1,5,0,Rangpur,88.68541666950512,26.383344976831616,no_water_crossing,0.0,S2B_MSIL2A_20240314T043659_R033_T45RXK_20240314T085020,2.0,no_water_crossing,0.0,S2A_MSIL2A_20240816T043701_R033_T45RXK_20240816T093750,22.5
112,40893212,40893212,into_BD,10.2,0.416,1,5,0,Rangpur,88.68958333621873,26.364947233997363,no_water_crossing,0.0,S2B_MSIL2A_20240314T043659_R033_T45RXK_20240314T085020,2.0,no_water_crossing,0.0,S2A_MSIL2A_20240816T043701_R033_T45RXK_20240816T093750,22.5
113,40893213,40895745,into_BD,11.2,0.451,1,4,10,Rangpur,88.74791668322442,26.35467608852453,no_water_crossing,0.0,S2B_MSIL2A_20240314T043659_R033_T45RXK_20240314T085020,2.0,no_water_crossing,0.0,S2A_MSIL2A_20240816T043701_R033_T45RXK_20240816T093750,22.5
114,40893214,40893214,into_BD,6.2,0.248,1,5,0,Rangpur,88.74951045766723,26.353677169553897,no_water_crossing,0.0,S2B_MSIL2A_20240314T043659_R033_T45RXK_20240314T085020,2.0,no_water_crossing,0.0,S2A_MSIL2A_20240816T043701_R033_T45RXK_20240816T093750,22.5
115,40894403,40894403,into_BD,7.3,0.296,1,5,0,Rangpur,88.69375003881208,26.36357809413246,no_water_crossing,0.0,S2B_MSIL2A_20240314T043659_R033_T45RXK_20240314T085020,2.0,no_water_crossing,0.0,S2A_MSIL2A_20240816T043701_R033_T45RXK_20240816T093750,22.5
116,40894403,40894403,out_of_BD,7.3,0.296,1,5,0,Rangpur,88.69375004480092,26.36132249864804,no_water_crossing,0.0,S2B_MSIL2A_20240314T043659_R033_T45RXK_20240314T085020,2.0,no_water_crossing,0.0,S2A_MSIL2A_20240816T043701_R033_T45RXK_20240816T093750,22.5
117,40894403,40894403,into_BD,7.3,0.296,1,5,0,Rangpur,88.69375003575436,26.35658574647668,no_water_crossing,0.0,S2B_MSIL2A_20240314T043659_R033_T45RXK_20240314T085020,2.0,no_water_crossing,0.0,S2A_MSIL2A_20240816T043701_R033_T45RXK_20240816T093750,22.5
118,40894404,40894404,out_of_BD,13.5,0.532,1,4,0,Rangpur,88.99620884097136,26.33125000772445,no_water_crossing,0.0,S2B_MSIL2A_20240314T043659_R033_T45RXK_20240314T085020,2.0,no_water_crossing,0.0,S2A_MSIL2A_20240816T043701_R033_T45RXK_20240816T093750,22.5
119,40894404,40894404,into_BD,13.5,0.532,1,4,0,Rangpur,88.99796121178869,26.33125003071585,no_water_crossing,0.0,S2B_MSIL2A_20240314T043659_R033_T45RXK_20240314T085020,2.0,no_water_crossing,0.0,S2A_MSIL2A_20240816T043701_R033_T45RXK_20240816T093750,22.5
120,40894694,40899993,into_BD,280.1,12.574,3,3,0,Rangpur,88.72322341236297,26.344056758740543,no_water_crossing,0.0,S2B_MSIL2A_20240314T043659_R033_T45RXK_20240314T085020,2.0,no_water_crossing,0.0,S2A_MSIL2A_20240816T043701_R033_T45RXK_20240816T093750,22.5
121,40894942,40898080,out_of_BD,408.7,17.706,3,3,12,Rangpur,89.08279113853513,26.322916719125207,no_water_crossing,0.0,S2B_MSIL2A_20240314T043659_R033_T45RXK_20240314T085020,2.0,confirmed,70.0,S2A_MSIL2A_20240816T043701_R033_T45RYK_20240816T093750,16.2
122,40894943,40894943,out_of_BD,3.8,0.153,1,4,12,Rangpur,89.08541667068957,26.323484950834427,no_water_crossing,0.0,S2B_MSIL2A_20240314T043659_R033_T45RXK_20240314T085020,2.0,confirmed,180.0,S2A_MSIL2A_20240816T043701_R033_T45RYK_20240816T093750,16.2
123,40895210,40895210,into_BD,11.3,0.472,1,4,0,Rangpur,88.41268098299497,26.33768111672868,no_water_crossing,0.0,S2B_MSIL2A_20240314T043659_R033_T45RXK_20240314T085020,2.0,no_water_crossing,0.0,S2A_MSIL2A_20240816T043701_R033_T45RXK_20240816T093750,22.5
124,40895210,40895210,out_of_BD,11.3,0.472,1,4,0,Rangpur,88.41049563452572,26.335495824232297,no_water_crossing,0.0,S2B_MSIL2A_20240314T043659_R033_T45RXK_20240314T085020,2.0,no_water_crossing,0.0,S2A_MSIL2A_20240816T043701_R033_T45RXK_20240816T093750,22.5
125,40895210,40895210,into_BD,11.3,0.472,1,4,0,Rangpur,88.40898274856862,26.33398291586464,no_water_crossing,0.0,S2B_MSIL2A_20240314T043659_R033_T45RXK_20240314T085020,2.0,no_water_crossing,0.0,S2A_MSIL2A_20240816T043701_R033_T45RXK_20240816T093750,22.5
126,40895210,40895210,out_of_BD,11.3,0.472,1,4,0,Rangpur,88.40831036730943,26.333310508584816,no_water_crossing,0.0,S2B_MSIL2A_20240314T043659_R033_T45RXK_20240314T085020,2.0,no_water_crossing,0.0,S2A_MSIL2A_20240816T043701_R033_T45RXK_20240816T093750,22.5
127,40895210,40895210,into_BD,11.3,0.472,1,4,0,Rangpur,88.40730180984227,26.332301893557236,no_water_crossing,0.0,S2B_MSIL2A_20240314T043659_R033_T45RXK_20240314T085020,2.0,no_water_crossing,0.0,S2A_MSIL2A_20240816T043701_R033_T45RXK_20240816T093750,22.5
128,40895210,40895210,out_of_BD,11.3,0.472,1,4,0,Rangpur,88.40625000144276,26.331081973448917,no_water_crossing,0.0,S2B_MSIL2A_20240314T043659_R033_T45RXK_20240314T085020,2.0,no_water_crossing,0.0,S2A_MSIL2A_20240816T043701_R033_T45RXK_20240816T093750,22.5
129,40895210,40895210,into_BD,11.3,0.472,1,4,0,Rangpur,88.40625000513435,26.330629424218007,no_water_crossing,0.0,S2B_MSIL2A_20240314T043659_R033_T45RXK_20240314T085020,2.0,no_water_crossing,0.0,S2A_MSIL2A_20240816T043701_R033_T45RXK_20240816T093750,22.5
130,40895210,40895210,out_of_BD,11.3,0.472,1,4,0,Rangpur,88.40625002033822,26.328140403102775,no_water_crossing,0.0,S2B_MSIL2A_20240314T043659_R033_T45RXK_20240314T085020,2.0,no_water_crossing,0.0,S2A_MSIL2A_20240816T043701_R033_T45RXK_20240816T093750,22.5
131,40895505,41002771,into_BD,42.1,1.769,2,3,0,Rangpur,88.43958333617435,26.35174544753735,no_water_crossing,0.0,S2B_MSIL2A_20240314T043659_R033_T45RXK_20240314T085020,2.0,no_water_crossing,0.0,S2A_MSIL2A_20240816T043701_R033_T45RXK_20240816T093750,22.5
132,40895505,41002771,out_of_BD,42.1,1.769,2,3,0,Rangpur,88.43958334138374,26.351069675913656,no_water_crossing,0.0,S2B_MSIL2A_20240314T043659_R033_T45RXK_20240314T085020,2.0,no_water_crossing,0.0,S2A_MSIL2A_20240816T043701_R033_T45RXK_20240816T093750,22.5
133,40895505,41002771,into_BD,42.1,1.769,2,3,0,Rangpur,88.4395833566596,26.348141331709552,no_water_crossing,0.0,S2B_MSIL2A_20240314T043659_R033_T45RXK_20240314T085020,2.0,no_water_crossing,0.0,S2A_MSIL2A_20240816T043701_R033_T45RXK_20240816T093750,22.5
134,40895505,41002771,out_of_BD,42.1,1.769,2,3,0,Rangpur,88.40817428922347,26.316825768789208,no_water_crossing,0.0,S2B_MSIL2A_20240314T043659_R033_T45RXK_20240314T085020,2.0,no_water_crossing,0.0,S2A_MSIL2A_20240816T043701_R033_T45RXK_20240816T093750,22.5
135,40895741,41002771,into_BD,58.3,2.444,2,3,0,Rangpur,88.40090809362324,26.317574798678645,no_water_crossing,0.0,S2B_MSIL2A_20240314T043659_R033_T45RXK_20240314T085020,2.0,no_water_crossing,0.0,S2A_MSIL2A_20240816T043701_R033_T45RXK_20240816T093750,22.5
136,40895741,41002771,out_of_BD,58.3,2.444,2,3,0,Rangpur,88.39054124466091,26.314583358094858,no_water_crossing,0.0,S2B_MSIL2A_20240314T043659_R033_T45RXK_20240314T085020,2.0,no_water_crossing,0.0,S2A_MSIL2A_20240816T043701_R033_T45RXK_20240816T093750,22.5
137,40895741,41002771,into_BD,58.3,2.444,2,3,0,Rangpur,88.38904370082533,26.314043722187535,no_water_crossing,0.0,S2B_MSIL2A_20240314T043659_R033_T45RXK_20240314T085020,2.0,no_water_crossing,0.0,S2A_MSIL2A_20240816T043701_R033_T45RXK_20240816T093750,22.5
138,40895746,40898080,into_BD,420.0,18.154,3,3,18,Rangpur,89.08685261617062,26.3214809276024,no_water_crossing,0.0,S2B_MSIL2A_20240314T043659_R033_T45RXK_20240314T085020,2.0,confirmed,180.0,S2A_MSIL2A_20240816T043701_R033_T45RYK_20240816T093750,16.2
139,40896465,40904225,into_BD,15.2,0.605,1,3,0,Rangpur,88.7581509808225,26.33731769496011,no_water_crossing,0.0,S2B_MSIL2A_20240314T043659_R033_T45RXK_20240314T085020,2.0,no_water_crossing,0.0,S2A_MSIL2A_20240816T043701_R033_T45RXK_20240816T093750,22.5
140,40896465,40904225,out_of_BD,15.2,0.605,1,3,0,Rangpur,88.7586756415815,26.32708334812738,no_water_crossing,0.0,S2B_MSIL2A_20240314T043659_R033_T45RXK_20240314T085020,2.0,confirmed,250.0,S2A_MSIL2A_20240816T043701_R033_T45RXK_20240816T093750,22.5
141,40896465,40904225,into_BD,15.2,0.605,1,3,0,Rangpur,88.76018599532732,26.30185267198476,no_water_crossing,0.0,S2B_MSIL2A_20240314T043659_R033_T45RXK_20240314T085020,2.0,no_water_crossing,0.0,S2A_MSIL2A_20240816T043701_R033_T45RXK_20240816T093750,22.5
142,40896467,40896467,into_BD,4.8,0.189,1,3,40,Rangpur,88.92708333688643,26.303205767132,confirmed,50.0,S2B_MSIL2A_20240314T043659_R033_T45RXK_20240314T085020,2.0,confirmed,280.0,S2A_MSIL2A_20240816T043701_R033_T45RXK_20240816T093750,22.5
143,40896467,40896467,out_of_BD,4.8,0.189,1,3,31,Rangpur,88.92436221500446,26.299362258456984,confirmed,40.0,S2B_MSIL2A_20240314T043659_R033_T45RXK_20240314T085020,2.0,confirmed,280.0,S2A_MSIL2A_20240816T043701_R033_T45RXK_20240816T093750,22.5
144,40896468,40898080,out_of_BD,431.6,18.605,3,3,13,Rangpur,89.10169817973942,26.306635172874987,confirmed,30.0,S2B_MSIL2A_20240104T044209_R033_T45RYK_20240104T080736,2.5,confirmed,80.0,S2A_MSIL2A_20240816T043701_R033_T45RYK_20240816T093750,16.2
145,40896468,40898080,into_BD,431.6,18.605,3,3,19,Rangpur,89.10208333419574,26.3024696784998,confirmed,40.0,S2B_MSIL2A_20240104T044209_R033_T45RYK_20240104T080736,2.5,confirmed,290.0,S2A_MSIL2A_20240816T043701_R033_T45RYK_20240816T093750,16.2
146,40896468,40898080,out_of_BD,431.6,18.605,3,3,17,Rangpur,89.10599791556152,26.29816876416345,confirmed,40.0,S2B_MSIL2A_20240104T044209_R033_T45RYK_20240104T080736,2.5,confirmed,220.0,S2A_MSIL2A_20240816T043701_R033_T45RYK_20240816T093750,16.2
147,40896702,40896702,into_BD,6.5,0.257,1,4,0,Rangpur,88.77216370654283,26.30133043602777,no_water_crossing,0.0,S2B_MSIL2A_20240314T043659_R033_T45RXK_20240314T085020,2.0,no_water_crossing,0.0,S2A_MSIL2A_20240816T043701_R033_T45RXK_20240816T093750,22.5
148,40896704,40896704,out_of_BD,5.8,0.226,1,3,13,Rangpur,88.92512496041883,26.293750276028977,confirmed,40.0,S2B_MSIL2A_20240314T043659_R033_T45RXK_20240314T085020,2.0,confirmed,90.0,S2A_MSIL2A_20240816T043701_R033_T45RXK_20240816T093750,22.5
149,40896946,40898080,into_BD,452.8,19.427,3,3,16,Rangpur,89.11680168095208,26.29375001511631,confirmed,40.0,S2B_MSIL2A_20240104T044209_R033_T45RYK_20240104T080736,2.5,no_water_crossing,0.0,S2A_MSIL2A_20240816T043701_R033_T45RYK_20240816T093750,16.2
150,40896946,40898080,out_of_BD,452.8,19.427,3,3,42,Rangpur,89.12457252757295,26.28958337200061,no_water_crossing,0.0,S2B_MSIL2A_20240104T044209_R033_T45RYK_20240104T080736,2.5,confirmed,200.0,S2A_MSIL2A_20240816T043701_R033_T45RYK_20240816T093750,16.2
151,40896947,40896947,into_BD,48.7,1.951,2,4,0,Rangpur,89.13125004988561,26.320132291477368,no_water_crossing,0.0,S2B_MSIL2A_20240104T044209_R033_T45RYK_20240104T080736,2.5,no_water_crossing,0.0,S2A_MSIL2A_20240816T043701_R033_T45RYK_20240816T093750,16.2
152,40896947,40896947,out_of_BD,48.7,1.951,2,4,0,Rangpur,89.13125013127366,26.31359414650526,no_water_crossing,0.0,S2B_MSIL2A_20240104T044209_R033_T45RYK_20240104T080736,2.5,no_water_crossing,0.0,S2A_MSIL2A_20240816T043701_R033_T45RYK_20240816T093750,16.2
153,40896947,40896947,into_BD,48.7,1.951,2,4,0,Rangpur,89.13125014023791,26.312466879666506,no_water_crossing,0.0,S2B_MSIL2A_20240104T044209_R033_T45RYK_20240104T080736,2.5,no_water_crossing,0.0,S2A_MSIL2A_20240816T043701_R033_T45RYK_20240816T093750,16.2
154,40896947,40896947,out_of_BD,48.7,1.951,2,4,0,Rangpur,89.13125016289291,26.306154182846576,no_water_crossing,0.0,S2B_MSIL2A_20240104T044209_R033_T45RYK_20240104T080736,2.5,no_water_crossing,0.0,S2A_MSIL2A_20240816T043701_R033_T45RYK_20240816T093750,16.2
155,40896947,40896947,into_BD,48.7,1.951,2,4,0,Rangpur,89.131250150459,26.301645111068847,no_water_crossing,0.0,S2B_MSIL2A_20240104T044209_R033_T45RYK_20240104T080736,2.5,no_water_crossing,0.0,S2A_MSIL2A_20240816T043701_R033_T45RYK_20240816T093750,16.2
156,40896947,40896947,out_of_BD,48.7,1.951,2,4,0,Rangpur,89.13125014511081,26.300743296451284,no_water_crossing,0.0,S2B_MSIL2A_20240104T044209_R033_T45RYK_20240104T080736,2.5,no_water_crossing,0.0,S2A_MSIL2A_20240816T043701_R033_T45RYK_20240816T093750,16.2
157,40896947,40896947,into_BD,48.7,1.951,2,4,0,Rangpur,89.13125014047374,26.300066935430813,confirmed,10.0,S2B_MSIL2A_20240104T044209_R033_T45RYK_20240104T080736,2.5,no_water_crossing,0.0,S2A_MSIL2A_20240816T043701_R033_T45RYK_20240816T093750,16.2
158,40896947,40896947,out_of_BD,48.7,1.951,2,4,0,Rangpur,89.13125012334365,26.29803785207464,confirmed,60.0,S2B_MSIL2A_20240104T044209_R033_T45RYK_20240104T080736,2.5,confirmed,40.0,S2A_MSIL2A_20240816T043701_R033_T45RYK_20240816T093750,16.2
159,40896947,40896947,into_BD,48.7,1.951,2,4,0,Rangpur,89.13125012114226,26.29781239834111,confirmed,60.0,S2B_MSIL2A_20240104T044209_R033_T45RYK_20240104T080736,2.5,confirmed,40.0,S2A_MSIL2A_20240816T043701_R033_T45RYK_20240816T093750,16.2
160,40896947,40896947,out_of_BD,48.7,1.951,2,4,0,Rangpur,89.13125011418046,26.29713603710778,confirmed,60.0,S2B_MSIL2A_20240104T044209_R033_T45RYK_20240104T080736,2.5,confirmed,50.0,S2A_MSIL2A_20240816T043701_R033_T45RYK_20240816T093750,16.2
161,40897175,40897175,into_BD,5.4,0.21,1,3,50,Rangpur,88.91258969393417,26.287410363613827,no_water_crossing,0.0,S2B_MSIL2A_20240314T043659_R033_T45RXK_20240314T085020,2.0,confirmed,370.0,S2A_MSIL2A_20240816T043701_R033_T45RXK_20240816T093750,22.5
162,40897176,40948832,into_BD,10030.5,373.692,6,2,28,Rangpur,88.91875000556068,26.286689815280624,no_water_crossing,0.0,S2B_MSIL2A_20240314T043659_R033_T45RXK_20240314T085020,2.0,confirmed,160.0,S2A_MSIL2A_20240816T043701_R033_T45RXK_20240816T093750,22.5
163,40897390,40897390,into_BD,3.5,0.143,1,4,0,Rangpur,88.3497081760513,26.281250014901563,no_water_crossing,0.0,S2B_MSIL2A_20240314T043659_R033_T45RXK_20240314T085020,2.0,no_water_crossing,0.0,S2A_MSIL2A_20240816T043701_R033_T45RXK_20240816T093750,22.5
164,40897391,41002771,out_of_BD,73.3,3.071,2,3,0,Rangpur,88.38328946479227,26.310416681870304,no_water_crossing,0.0,S2B_MSIL2A_20240314T043659_R033_T45RXK_20240314T085020,2.0,no_water_crossing,0.0,S2A_MSIL2A_20240816T043701_R033_T45RXK_20240816T093750,22.5
165,40897391,41002771,into_BD,73.3,3.071,2,3,0,Rangpur,88.38278894745198,26.31041668083845,no_water_crossing,0.0,S2B_MSIL2A_20240314T043659_R033_T45RXK_20240314T085020,2.0,no_water_crossing,0.0,S2A_MSIL2A_20240816T043701_R033_T45RXK_20240816T093750,22.5
166,40897391,41002771,out_of_BD,73.3,3.071,2,3,0,Rangpur,88.38203817197582,26.310416675998344,no_water_crossing,0.0,S2B_MSIL2A_20240314T043659_R033_T45RXK_20240314T085020,2.0,no_water_crossing,0.0,S2A_MSIL2A_20240816T043701_R033_T45RXK_20240816T093750,22.5
167,40897391,41002771,into_BD,73.3,3.071,2,3,0,Rangpur,88.38060485091096,26.30977154236427,no_water_crossing,0.0,S2B_MSIL2A_20240314T043659_R033_T45RXK_20240314T085020,2.0,no_water_crossing,0.0,S2A_MSIL2A_20240816T043701_R033_T45RXK_20240816T093750,22.5
168,40897391,41002771,out_of_BD,73.3,3.071,2,3,0,Rangpur,88.37825925852228,26.307425963557332,no_water_crossing,0.0,S2B_MSIL2A_20240314T043659_R033_T45RXK_20240314T085020,2.0,no_water_crossing,0.0,S2A_MSIL2A_20240816T043701_R033_T45RXK_20240816T093750,22.5
169,40897391,41002771,into_BD,73.3,3.071,2,3,0,Rangpur,88.37508607793737,26.306250015183032,no_water_crossing,0.0,S2B_MSIL2A_20240314T043659_R033_T45RXK_20240314T085020,2.0,no_water_crossing,0.0,S2A_MSIL2A_20240816T043701_R033_T45RXK_20240816T093750,22.5
170,40897391,41002771,out_of_BD,73.3,3.071,2,3,0,Rangpur,88.37333434783183,26.30625000548682,no_water_crossing,0.0,S2B_MSIL2A_20240314T043659_R033_T45RXK_20240314T085020,2.0,no_water_crossing,0.0,S2A_MSIL2A_20240816T043701_R033_T45RXK_20240816T093750,22.5
171,40897391,41002771,into_BD,73.3,3.071,2,3,0,Rangpur,88.37252613752098,26.305859486937283,no_water_crossing,0.0,S2B_MSIL2A_20240314T043659_R033_T45RXK_20240314T085020,2.0,no_water_crossing,0.0,S2A_MSIL2A_20240816T043701_R033_T45RXK_20240816T093750,22.5
172,40897396,40905830,out_of_BD,32.5,1.277,1,3,0,Rangpur,88.9579377149202,26.32956240932308,no_water_crossing,0.0,S2B_MSIL2A_20240314T043659_R033_T45RXK_20240314T085020,2.0,no_water_crossing,0.0,S2A_MSIL2A_20240816T043701_R033_T45RXK_20240816T093750,22.5
173,40897396,40905830,into_BD,32.5,1.277,1,3,0,Rangpur,88.98310076363788,26.30625048749248,no_water_crossing,0.0,S2B_MSIL2A_20240314T043659_R033_T45RXK_20240314T085020,2.0,no_water_crossing,0.0,S2A_MSIL2A_20240816T043701_R033_T45RXK_20240816T093750,22.5
174,40897396,40905830,out_of_BD,32.5,1.277,1,3,0,Rangpur,89.0184930227967,26.289840323853447,no_water_crossing,0.0,S2B_MSIL2A_20240314T043659_R033_T45RXK_20240314T085020,2.0,confirmed,310.0,S2A_MSIL2A_20240816T043701_R033_T45RYK_20240816T093750,16.2
175,40897396,40905830,into_BD,32.5,1.277,1,3,0,Rangpur,89.02011822813793,26.289583346725877,no_water_crossing,0.0,S2B_MSIL2A_20240314T043659_R033_T45RXK_20240314T085020,2.0,confirmed,300.0,S2A_MSIL2A_20240816T043701_R033_T45RYK_20240816T093750,16.2
176,40897396,40905830,out_of_BD,32.5,1.277,1,3,0,Rangpur,89.02875187079852,26.283748322339484,no_water_crossing,0.0,S2B_MSIL2A_20240314T043659_R033_T45RXK_20240314T085020,2.0,confirmed,30.0,S2A_MSIL2A_20240816T043701_R033_T45RYK_20240816T093750,16.2
177,40897396,40905830,into_BD,32.5,1.277,1,3,0,Rangpur,89.03778032587219,26.281250231475717,no_water_crossing,0.0,S2B_MSIL2A_20240314T043659_R033_T45RXK_20240314T085020,2.0,confirmed,370.0,S2A_MSIL2A_20240816T043701_R033_T45RYK_20240816T093750,16.2
178,40897396,40905830,out_of_BD,32.5,1.277,1,3,0,Rangpur,89.04779152604632,26.281250007238324,no_water_crossing,0.0,S2B_MSIL2A_20240314T043659_R033_T45RXK_20240314T085020,2.0,no_water_crossing,0.0,S2A_MSIL2A_20240816T043701_R033_T45RYK_20240816T093750,16.2
179,40897397,40897397,into_BD,6.0,0.232,1,4,0,Rangpur,89.04537960187206,26.28704635191007,no_water_crossing,0.0,S2B_MSIL2A_20240314T043659_R033_T45RXK_20240314T085020,2.0,no_water_crossing,0.0,S2A_MSIL2A_20240816T043701_R033_T45RYK_20240816T093750,16.2
180,40897397,40897397,out_of_BD,6.0,0.232,1,4,0,Rangpur,89.04464052332949,26.284526181973373,no_water_crossing,0.0,S2B_MSIL2A_20240314T043659_R033_T45RXK_20240314T085020,2.0,no_water_crossing,0.0,S2A_MSIL2A_20240816T043701_R033_T45RYK_20240816T093750,16.2
181,40897397,40897397,into_BD,6.0,0.232,1,4,0,Rangpur,89.0453125679905,26.283854152563105,no_water_crossing,0.0,S2B_MSIL2A_20240314T043659_R033_T45RXK_20240314T085020,2.0,no_water_crossing,0.0,S2A_MSIL2A_20240816T043701_R033_T45RYK_20240816T093750,16.2
182,40897397,40897397,out_of_BD,6.0,0.232,1,4,0,Rangpur,89.04783266532883,26.28133400587868,no_water_crossing,0.0,S2B_MSIL2A_20240314T043659_R033_T45RXK_20240314T085020,2.0,no_water_crossing,0.0,S2A_MSIL2A_20240816T043701_R033_T45RYK_20240816T093750,16.2
183,40897398,40897398,out_of_BD,4.8,0.187,1,4,27,Rangpur,89.10347309953538,26.295140065598943,confirmed,20.0,S2B_MSIL2A_20240104T044209_R033_T45RYK_20240104T080736,2.5,confirmed,170.0,S2A_MSIL2A_20240816T043701_R033_T45RYK_20240816T093750,16.2
184,40897869,40948832,out_of_BD,10055.4,376.549,6,2,40,Rangpur,88.93315809458944,26.272916709538222,no_water_crossing,0.0,S2B_MSIL2A_20240314T043659_R033_T45RXK_20240314T085020,2.0,confirmed,740.0,S2A_MSIL2A_20240816T043701_R033_T45RXK_20240816T093750,22.5
185,40897870,40897870,out_of_BD,4.2,0.165,1,4,47,Rangpur,88.94375000565397,26.285129874725374,no_water_crossing,0.0,S2B_MSIL2A_20240314T043659_R033_T45RXK_20240314T085020,2.0,confirmed,590.0,S2A_MSIL2A_20240816T043701_R033_T45RXK_20240816T093750,22.5
186,40897872,40897872,out_of_BD,3.8,0.15,1,3,35,Rangpur,88.95625000569018,26.27673611159509,confirmed,480.0,S2B_MSIL2A_20240314T043659_R033_T45RXK_20240314T085020,2.0,confirmed,930.0,S2A_MSIL2A_20240816T043701_R033_T45RXK_20240816T093750,22.5
187,40898077,40898077,into_BD,7.9,0.308,1,4,0,Rangpur,88.81191152523353,26.299411561934303,no_water_crossing,0.0,S2B_MSIL2A_20240314T043659_R033_T45RXK_20240314T085020,2.0,no_water_crossing,0.0,S2A_MSIL2A_20240816T043701_R033_T45RXK_20240816T093750,22.5
188,40898077,40898077,out_of_BD,7.9,0.308,1,4,0,Rangpur,88.81041668829525,26.277238015400897,no_water_crossing,0.0,S2B_MSIL2A_20240314T043659_R033_T45RXK_20240314T085020,2.0,no_water_crossing,0.0,S2A_MSIL2A_20240816T043701_R033_T45RXK_20240816T093750,22.5
189,40898077,40898077,into_BD,7.9,0.308,1,4,0,Rangpur,88.81041669069903,26.276106280437695,no_water_crossing,0.0,S2B_MSIL2A_20240314T043659_R033_T45RXK_20240314T085020,2.0,no_water_crossing,0.0,S2A_MSIL2A_20240816T043701_R033_T45RXK_20240816T093750,22.5
190,40898079,40902193,into_BD,8.5,0.332,1,3,0,Rangpur,88.87219869329134,26.284698720590026,no_water_crossing,0.0,S2B_MSIL2A_20240314T043659_R033_T45RXK_20240314T085020,2.0,no_water_crossing,0.0,S2A_MSIL2A_20240816T043701_R033_T45RXK_20240816T093750,22.5
191,40898079,40902193,out_of_BD,8.5,0.332,1,3,0,Rangpur,88.86458333361912,26.268862645018206,no_water_crossing,0.0,S2B_MSIL2A_20240314T043659_R033_T45RXK_20240314T085020,2.0,no_water_crossing,0.0,S2A_MSIL2A_20240816T043701_R033_T45RXK_20240816T093750,22.5
192,40898555,40905830,into_BD,44.1,1.725,2,3,0,Rangpur,89.0540467250946,26.277083348458273,no_water_crossing,0.0,S2B_MSIL2A_20240314T043659_R033_T45RXK_20240314T085020,2.0,no_water_crossing,0.0,S2A_MSIL2A_20240816T043701_R033_T45RYK_20240816T093750,16.2
193,40898555,40905830,out_of_BD,44.1,1.725,2,3,0,Rangpur,89.05797920521141,26.275354183907975,no_water_crossing,0.0,S2B_MSIL2A_20240314T043659_R033_T45RXK_20240314T085020,2.0,confirmed,20.0,S2A_MSIL2A_20240816T043701_R033_T45RYK_20240816T093750,16.2
194,40898555,40905830,into_BD,44.1,1.725,2,3,12,Rangpur,89.06041668889422,26.268023741619626,no_water_crossing,0.0,S2B_MSIL2A_20240314T043659_R033_T45RXK_20240314T085020,2.0,confirmed,50.0,S2A_MSIL2A_20240816T043701_R033_T45RYK_20240816T093750,16.2
195,40898555,40905830,out_of_BD,44.1,1.725,2,3,0,Rangpur,89.0604166855418,26.26393635882577,no_water_crossing,0.0,S2B_MSIL2A_20240314T043659_R033_T45RXK_20240314T085020,2.0,confirmed,40.0,S2A_MSIL2A_20240816T043701_R033_T45RYK_20240816T093750,16.2
196,40899052,40899052,out_of_BD,6.9,0.266,1,3,51,Rangpur,88.9395833520533,26.26372587129686,no_water_crossing,0.0,S2B_MSIL2A_20240314T043659_R033_T45RXK_20240314T085020,2.0,confirmed,630.0,S2A_MSIL2A_20240816T043701_R033_T45RXK_20240816T093750,22.5
197,40899513,41002771,out_of_BD,87.1,3.648,2,3,0,Rangpur,88.35208337696372,26.24989109369076,no_water_crossing,0.0,S2B_MSIL2A_20240314T043659_R033_T45RXK_20240314T085020,2.0,no_water_crossing,0.0,S2A_MSIL2A_20240816T043701_R033_T45RXK_20240816T093750,22.5
198,40899513,41002771,into_BD,87.1,3.648,2,3,0,Rangpur,88.3534755901339,26.246524461732736,no_water_crossing,0.0,S2B_MSIL2A_20240314T043659_R033_T45RXK_20240314T085020,2.0,no_water_crossing,0.0,S2A_MSIL2A_20240816T043701_R033_T45RXK_20240816T093750,22.5
199,40899513,41002771,out_of_BD,87.1,3.648,2,3,0,Rangpur,88.35482077535048,26.245179277183517,no_water_crossing,0.0,S2B_MSIL2A_20240314T043659_R033_T45RXK_20240314T085020,2.0,no_water_crossing,0.0,S2A_MSIL2A_20240816T043701_R033_T45RXK_20240816T093750,22.5
200,40899514,40899514,out_of_BD,11.0,0.446,1,4,0,Rangpur,88.35712579323949,26.24375001008291,no_water_crossing,0.0,S2B_MSIL2A_20240314T043659_R033_T45RXK_20240314T085020,2.0,no_water_crossing,0.0,S2A_MSIL2A_20240816T043701_R033_T45RXK_20240816T093750,22.5
201,40899518,40948832,into_BD,10086.9,381.578,6,2,22,Rangpur,88.980325030226,26.244675060544747,confirmed,300.0,S2B_MSIL2A_20240314T043659_R033_T45RXK_20240314T085020,2.0,confirmed,150.0,S2A_MSIL2A_20240816T043701_R033_T45RXK_20240816T093750,22.5
202,40899740,40905830,into_BD,66.4,2.586,2,3,1,Rangpur,89.06217529358281,26.258658386414083,no_water_crossing,0.0,S2B_MSIL2A_20240314T043659_R033_T45RXK_20240314T085020,2.0,no_water_crossing,0.0,S2A_MSIL2A_20240816T043701_R033_T45RYK_20240816T093750,16.2
203,40899991,40899991,out_of_BD,29.3,1.189,2,4,0,Rangpur,88.35787313068994,26.239583347775167,no_water_crossing,0.0,S2B_MSIL2A_20240314T043659_R033_T45RXK_20240314T085020,2.0,no_water_crossing,0.0,S2A_MSIL2A_20240816T043701_R033_T45RXK_20240816T093750,22.5
204,40899995,40899995,into_BD,5.6,0.221,1,5,14,Rangpur,89.67810839536591,26.236441983446436,no_water_crossing,0.0,S2B_MSIL2A_20240104T044209_R033_T45RYK_20240104T080736,2.5,confirmed,20.0,S2A_MSIL2A_20240816T043701_R033_T45RYK_20240816T093750,16.2
205,40899995,40899995,out_of_BD,5.6,0.221,1,5,7,Rangpur,89.67911655880759,26.237450182975422,no_water_crossing,0.0,S2B_MSIL2A_20240104T044209_R033_T45RYK_20240104T080736,2.5,confirmed,20.0,S2A_MSIL2A_20240816T043701_R033_T45RYK_20240816T093750,16.2
206,40900221,40900223,out_of_BD,11.7,0.45,1,3,53,Rangpur,88.95064564868352,26.24791670130982,no_water_crossing,0.0,S2B_MSIL2A_20240314T043659_R033_T45RXK_20240314T085020,2.0,confirmed,150.0,S2A_MSIL2A_20240816T043701_R033_T45RXK_20240816T093750,22.5
207,40900221,40900223,into_BD,11.7,0.45,1,3,10,Rangpur,88.95999795157516,26.24000209233588,no_water_crossing,0.0,S2B_MSIL2A_20240314T043659_R033_T45RXK_20240314T085020,2.0,no_water_crossing,0.0,S2A_MSIL2A_20240816T043701_R033_T45RXK_20240816T093750,22.5
208,40900452,41002771,into_BD,130.1,5.4,3,3,0,Rangpur,88.35625000144621,26.23901184815379,no_water_crossing,0.0,S2B_MSIL2A_20240314T043659_R033_T45RXK_20240314T085020,2.0,no_water_crossing,0.0,S2A_MSIL2A_20240816T043701_R033_T45RXK_20240816T093750,22.5
209,40900452,41002771,out_of_BD,130.1,5.4,3,3,0,Rangpur,88.35603395571363,26.2352006316558,no_water_crossing,0.0,S2B_MSIL2A_20240314T043659_R033_T45RXK_20240314T085020,2.0,confirmed,100.0,S2A_MSIL2A_20240816T043701_R033_T45RXK_20240816T093750,22.5
210,40900452,41002771,into_BD,130.1,5.4,3,3,0,Rangpur,88.35208333438254,26.230855121130723,no_water_crossing,0.0,S2B_MSIL2A_20240314T043659_R033_T45RXK_20240314T085020,2.0,confirmed,100.0,S2A_MSIL2A_20240816T043701_R033_T45RXK_20240816T093750,22.5
211,40900452,41002771,out_of_BD,130.1,5.4,3,3,0,Rangpur,88.3520833342569,26.22742622318737,no_water_crossing,0.0,S2B_MSIL2A_20240314T043659_R033_T45RXK_20240314T085020,2.0,no_water_crossing,0.0,S2A_MSIL2A_20240816T043701_R033_T45RXK_20240816T093750,22.5
212,40900453,40900453,out_of_BD,2.7,0.108,1,4,0,Rangpur,88.35270833131831,26.227083345627204,no_water_crossing,0.0,S2B_MSIL2A_20240314T043659_R033_T45RXK_20240314T085020,2.0,no_water_crossing,0.0,S2A_MSIL2A_20240816T043701_R033_T45RXK_20240816T093750,22.5
213,40900691,40900691,out_of_BD,35.2,1.375,2,3,0,Rangpur,88.81294156226214,26.262058912531504,no_water_crossing,0.0,S2B_MSIL2A_20240314T043659_R033_T45RXK_20240314T085020,2.0,no_water_crossing,0.0,S2A_MSIL2A_20240816T043701_R033_T45RXK_20240816T093750,22.5
214,40900691,40900691,into_BD,35.2,1.375,2,3,0,Rangpur,88.82099302866334,26.25400782780855,no_water_crossing,0.0,S2B_MSIL2A_20240314T043659_R033_T45RXK_20240314T085020,2.0,no_water_crossing,0.0,S2A_MSIL2A_20240816T043701_R033_T45RXK_20240816T093750,22.5
215,40900691,40900691,out_of_BD,35.2,1.375,2,3,0,Rangpur,88.82384431863028,26.251156259656646,no_water_crossing,0.0,S2B_MSIL2A_20240314T043659_R033_T45RXK_20240314T085020,2.0,confirmed,60.0,S2A_MSIL2A_20240816T043701_R033_T45RXK_20240816T093750,22.5
216,40900691,40900691,into_BD,35.2,1.375,2,3,0,Rangpur,88.82602462119827,26.24897559851062,no_water_crossing,0.0,S2B_MSIL2A_20240314T043659_R033_T45RXK_20240314T085020,2.0,confirmed,80.0,S2A_MSIL2A_20240816T043701_R033_T45RXK_20240816T093750,22.5
217,40900692,40980150,into_BD,40.4,1.604,1,2,0,Rangpur,88.83958333526454,26.23163535333229,no_water_crossing,0.0,S2B_MSIL2A_20240314T043659_R033_T45RXK_20240314T085020,2.0,no_water_crossing,0.0,S2A_MSIL2A_20240816T043701_R033_T45RXK_20240816T093750,22.5
218,40900699,40921156,into_BD,6070.3,194.908,5,3,32,Rangpur,89.63499152575216,26.22334185144669,no_water_crossing,0.0,S2B_MSIL2A_20240104T044209_R033_T45RYK_20240104T080736,2.5,no_water_crossing,0.0,S2A_MSIL2A_20240816T043701_R033_T45RYK_20240816T093750,16.2
219,40901499,40901499,into_BD,4.4,0.173,1,4,29,Rangpur,89.63499755504186,26.22249762147309,no_water_crossing,0.0,S2B_MSIL2A_20240104T044209_R033_T45RYK_20240104T080736,2.5,confirmed,50.0,S2A_MSIL2A_20240816T043701_R033_T45RYK_20240816T093750,16.2
220,40902193,40902193,into_BD,38.5,1.499,2,3,0,Rangpur,88.86458333420877,26.268637207454947,no_water_crossing,0.0,S2B_MSIL2A_20240314T043659_R033_T45RXK_20240314T085020,2.0,confirmed,10.0,S2A_MSIL2A_20240816T043701_R033_T45RXK_20240816T093750,22.5
221,40902193,40902193,out_of_BD,38.5,1.499,2,3,0,Rangpur,88.87570581006155,26.24237258217228,no_water_crossing,0.0,S2B_MSIL2A_20240314T043659_R033_T45RXK_20240314T085020,2.0,confirmed,30.0,S2A_MSIL2A_20240816T043701_R033_T45RXK_20240816T093750,22.5
222,40902193,40902193,into_BD,38.5,1.499,2,3,0,Rangpur,88.87537074196776,26.242037533411292,no_water_crossing,0.0,S2B_MSIL2A_20240314T043659_R033_T45RXK_20240314T085020,2.0,confirmed,20.0,S2A_MSIL2A_20240816T043701_R033_T45RXK_20240816T093750,22.5
223,40902193,40902193,out_of_BD,38.5,1.499,2,3,0,Rangpur,88.8731928457512,26.23985970262513,no_water_crossing,0.0,S2B_MSIL2A_20240314T043659_R033_T45RXK_20240314T085020,2.0,confirmed,20.0,S2A_MSIL2A_20240816T043701_R033_T45RXK_20240816T093750,22.5
224,40902193,40902193,into_BD,38.5,1.499,2,3,0,Rangpur,88.87000291157705,26.23416380353665,no_water_crossing,0.0,S2B_MSIL2A_20240314T043659_R033_T45RXK_20240314T085020,2.0,no_water_crossing,0.0,S2A_MSIL2A_20240816T043701_R033_T45RXK_20240816T093750,22.5
225,40902694,40902694,into_BD,2.9,0.115,1,4,0,Rangpur,88.24791666860847,26.190384143310997,no_water_crossing,0.0,S2A_MSIL2A_20240228T043731_R033_T45RXJ_20240228T101956,0.0,no_water_crossing,0.0,S2B_MSIL2A_20241020T043729_R033_T45RXJ_20241020T070252,7.4
226,40902944,41002771,into_BD,174.4,7.233,3,3,0,Rangpur,88.35208333637158,26.225168838665653,no_water_crossing,0.0,S2B_MSIL2A_20240314T043659_R033_T45RXK_20240314T085020,2.0,no_water_crossing,0.0,S2A_MSIL2A_20240816T043701_R033_T45RXK_20240816T093750,22.5
227,40902944,41002771,out_of_BD,174.4,7.233,3,3,0,Rangpur,88.35091241030305,26.221745781731823,no_water_crossing,0.0,S2B_MSIL2A_20240314T043659_R033_T45RXK_20240314T085020,2.0,no_water_crossing,0.0,S2A_MSIL2A_20240816T043701_R033_T45RXK_20240816T093750,22.5
228,40902944,41002771,into_BD,174.4,7.233,3,3,0,Rangpur,88.34974164050958,26.220575020253804,no_water_crossing,0.0,S2B_MSIL2A_20240314T043659_R033_T45RXK_20240314T085020,2.0,no_water_crossing,0.0,S2A_MSIL2A_20240816T043701_R033_T45RXK_20240816T093750,22.5
229,40902944,41002771,out_of_BD,174.4,7.233,3,3,0,Rangpur,88.3409027652759,26.218750134536645,no_water_crossing,0.0,S2B_MSIL2A_20240314T043659_R033_T45RXK_20240314T085020,2.0,no_water_crossing,0.0,S2A_MSIL2A_20240816T043701_R033_T45RXK_20240816T093750,22.5
230,40902944,41002771,into_BD,174.4,7.233,3,3,0,Rangpur,88.3329028131798,26.216236418920055,no_water_crossing,0.0,S2B_MSIL2A_20240314T043659_R033_T45RXK_20240314T085020,2.0,no_water_crossing,0.0,S2A_MSIL2A_20240816T043701_R033_T45RXK_20240816T093750,22.5
231,40902944,41002771,out_of_BD,174.4,7.233,3,3,0,Rangpur,88.33123030517699,26.21456401616829,no_water_crossing,0.0,S2B_MSIL2A_20240314T043659_R033_T45RXK_20240314T085020,2.0,no_water_crossing,0.0,S2A_MSIL2A_20240816T043701_R033_T45RXK_20240816T093750,22.5
232,40902944,41002771,into_BD,174.4,7.233,3,3,0,Rangpur,88.32989233285787,26.213226084338043,no_water_crossing,0.0,S2B_MSIL2A_20240314T043659_R033_T45RXK_20240314T085020,2.0,no_water_crossing,0.0,S2A_MSIL2A_20240816T043701_R033_T45RXK_20240816T093750,22.5
233,40902944,41002771,out_of_BD,174.4,7.233,3,3,0,Rangpur,88.32420628843381,26.2075397786277,no_water_crossing,0.0,S2A_MSIL2A_20240228T043731_R033_T45RXJ_20240228T101956,0.0,no_water_crossing,0.0,S2B_MSIL2A_20241020T043729_R033_T45RXJ_20241020T070252,7.4
234,40902944,41002771,into_BD,174.4,7.233,3,3,2,Rangpur,88.31714449113986,26.20464460825408,no_water_crossing,0.0,S2A_MSIL2A_20240228T043731_R033_T45RXJ_20240228T101956,0.0,no_water_crossing,0.0,S2B_MSIL2A_20241020T043729_R033_T45RXJ_20241020T070252,7.4
235,40902944,41002771,out_of_BD,174.4,7.233,3,3,0,Rangpur,88.30023848380402,26.19791719388757,no_water_crossing,0.0,S2A_MSIL2A_20240228T043731_R033_T45RXJ_20240228T101956,0.0,no_water_crossing,0.0,S2B_MSIL2A_20241020T043729_R033_T45RXJ_20241020T070252,7.4
236,40902944,41002771,into_BD,174.4,7.233,3,3,0,Rangpur,88.29948952819348,26.197917204081826,no_water_crossing,0.0,S2A_MSIL2A_20240228T043731_R033_T45RXJ_20240228T101956,0.0,no_water_crossing,0.0,S2B_MSIL2A_20241020T043729_R033_T45RXJ_20241020T070252,7.4
237,40902944,41002771,out_of_BD,174.4,7.233,3,3,0,Rangpur,88.28800562373227,26.197916869439325,no_water_crossing,0.0,S2A_MSIL2A_20240228T043731_R033_T45RXJ_20240228T101956,0.0,no_water_crossing,0.0,S2B_MSIL2A_20241020T043729_R033_T45RXJ_20241020T070252,7.4
238,40902944,41002771,into_BD,174.4,7.233,3,3,0,Rangpur,88.28700703059191,26.197916796777463,no_water_crossing,0.0,S2A_MSIL2A_20240228T043731_R033_T45RXJ_20240228T101956,0.0,no_water_crossing,0.0,S2B_MSIL2A_20241020T043729_R033_T45RXJ_20241020T070252,7.4
239,40902944,41002771,out_of_BD,174.4,7.233,3,3,0,Rangpur,88.28363907635051,26.196139202553525,no_water_crossing,0.0,S2A_MSIL2A_20240228T043731_R033_T45RXJ_20240228T101956,0.0,no_water_crossing,0.0,S2B_MSIL2A_20241020T043729_R033_T45RXJ_20241020T070252,7.4
240,40902944,41002771,into_BD,174.4,7.233,3,3,0,Rangpur,88.28179959543961,26.19429978017944,no_water_crossing,0.0,S2A_MSIL2A_20240228T043731_R033_T45RXJ_20240228T101956,0.0,no_water_crossing,0.0,S2B_MSIL2A_20241020T043729_R033_T45RXJ_20241020T070252,7.4
241,40902944,41002771,out_of_BD,174.4,7.233,3,3,0,Rangpur,88.27663514362415,26.18958333915632,no_water_crossing,0.0,S2A_MSIL2A_20240228T043731_R033_T45RXJ_20240228T101956,0.0,no_water_crossing,0.0,S2B_MSIL2A_20241020T043729_R033_T45RXJ_20241020T070252,7.4
242,40902944,41002771,into_BD,174.4,7.233,3,3,0,Rangpur,88.27156154604835,26.188228253953422,no_water_crossing,0.0,S2A_MSIL2A_20240228T043731_R033_T45RXJ_20240228T101956,0.0,no_water_crossing,0.0,S2B_MSIL2A_20241020T043729_R033_T45RXJ_20241020T070252,7.4
243,40902944,41002771,out_of_BD,174.4,7.233,3,3,1,Rangpur,88.26704680790863,26.187119915091397,no_water_crossing,0.0,S2A_MSIL2A_20240228T043731_R033_T45RXJ_20240228T101956,0.0,no_water_crossing,0.0,S2B_MSIL2A_20241020T043729_R033_T45RXJ_20241020T070252,7.4
244,40902944,41002771,into_BD,174.4,7.233,3,3,0,Rangpur,88.26450691659714,26.189563925870072,no_water_crossing,0.0,S2A_MSIL2A_20240228T043731_R033_T45RXJ_20240228T101956,0.0,no_water_crossing,0.0,S2B_MSIL2A_20241020T043729_R033_T45RXJ_20241020T070252,7.4
245,40902944,41002771,out_of_BD,174.4,7.233,3,3,0,Rangpur,88.2632683657461,26.18958340387334,no_water_crossing,0.0,S2A_MSIL2A_20240228T043731_R033_T45RXJ_20240228T101956,0.0,no_water_crossing,0.0,S2B_MSIL2A_20241020T043729_R033_T45RXJ_20241020T070252,7.4
246,40902944,41002771,into_BD,174.4,7.233,3,3,0,Rangpur,88.25028804930115,26.189583451790583,no_water_crossing,0.0,S2A_MSIL2A_20240228T043731_R033_T45RXJ_20240228T101956,0.0,no_water_crossing,0.0,S2B_MSIL2A_20241020T043729_R033_T45RXJ_20241020T070252,7.4
247,40902949,40903975,out_of_BD,51.0,1.942,2,3,0,Rangpur,89.14174808334188,26.214583348457577,no_water_crossing,0.0,S2B_MSIL2A_20240104T044209_R033_T45RYK_20240104T080736,2.5,no_water_crossing,0.0,S2A_MSIL2A_20240816T043701_R033_T45RYK_20240816T093750,16.2
248,40902949,40903975,into_BD,51.0,1.942,2,3,0,Rangpur,89.14928324046842,26.209050297062927,no_water_crossing,0.0,S2B_MSIL2A_20240104T044209_R033_T45RYK_20240104T080736,2.5,no_water_crossing,0.0,S2A_MSIL2A_20240816T043701_R033_T45RYK_20240816T093750,16.2
249,40902949,40903975,out_of_BD,51.0,1.942,2,3,0,Rangpur,89.14945089368138,26.20888263744017,no_water_crossing,0.0,S2B_MSIL2A_20240104T044209_R033_T45RYK_20240104T080736,2.5,no_water_crossing,0.0,S2A_MSIL2A_20240816T043701_R033_T45RYK_20240816T093750,16.2
250,40902955,40921156,out_of_BD,6108.2,198.946,5,3,28,Rangpur,89.68253151879287,26.21041680060805,no_water_crossing,0.0,S2B_MSIL2A_20240104T044209_R033_T45RYK_20240104T080736,2.5,no_water_crossing,0.0,S2A_MSIL2A_20240816T043701_R033_T45RYK_20240816T093750,16.2
251,40902955,40921156,into_BD,6108.2,198.946,5,3,31,Rangpur,89.68679761839842,26.2104167610094,no_water_crossing,0.0,S2B_MSIL2A_20240104T044209_R033_T45RYK_20240104T080736,2.5,no_water_crossing,0.0,S2A_MSIL2A_20240816T043701_R033_T45RYK_20240816T093750,16.2
252,40902955,40921156,out_of_BD,6108.2,198.946,5,3,32,Rangpur,89.68954150255762,26.210450222567943,no_water_crossing,0.0,S2B_MSIL2A_20240104T044209_R033_T45RYK_20240104T080736,2.5,no_water_crossing,0.0,S2A_MSIL2A_20240816T043701_R033_T45RYK_20240816T093750,16.2
253,40902955,40921156,into_BD,6108.2,198.946,5,3,32,Rangpur,89.68973447639203,26.210567816525604,no_water_crossing,0.0,S2B_MSIL2A_20240104T044209_R033_T45RYK_20240104T080736,2.5,no_water_crossing,0.0,S2A_MSIL2A_20240816T043701_R033_T45RYK_20240816T093750,16.2
254,40902955,40921156,out_of_BD,6108.2,198.946,5,3,28,Rangpur,89.69141531965019,26.212248700907217,no_water_crossing,0.0,S2B_MSIL2A_20240104T044209_R033_T45RYK_20240104T080736,2.5,no_water_crossing,0.0,S2A_MSIL2A_20240816T043701_R033_T45RYK_20240816T093750,16.2
255,40903200,40903200,out_of_BD,3.7,0.138,1,4,0,Rangpur,89.13471972878617,26.185416690181192,no_water_crossing,0.0,S2A_MSIL2A_20240309T043701_R033_T45RYJ_20240309T091652,0.0,no_water_crossing,0.0,S2B_MSIL2A_20241020T043729_R033_T45RYJ_20241020T070252,9.1
256,40903201,40908043,out_of_BD,4.4,0.168,1,3,0,Rangpur,89.13825846265267,26.190908258875552,no_water_crossing,0.0,S2A_MSIL2A_20240309T043701_R033_T45RYJ_20240309T091652,0.0,no_water_crossing,0.0,S2B_MSIL2A_20241020T043729_R033_T45RYJ_20241020T070252,9.1
257,40903207,40903207,into_BD,17.5,0.683,2,5,6,Rangpur,89.62771231016143,26.18895438549763,no_water_crossing,0.0,S2A_MSIL2A_20240309T043701_R033_T45RYJ_20240309T091652,0.0,no_water_crossing,0.0,S2B_MSIL2A_20241020T043729_R033_T45RYJ_20241020T070252,9.1
258,40903484,41002771,out_of_BD,179.8,7.459,3,3,0,Rangpur,88.24653697263287,26.189583346769677,no_water_crossing,0.0,S2A_MSIL2A_20240228T043731_R033_T45RXJ_20240228T101956,0.0,no_water_crossing,0.0,S2B_MSIL2A_20241020T043729_R033_T45RXJ_20241020T070252,7.4
259,40903484,41002771,into_BD,179.8,7.459,3,3,15,Rangpur,88.24276018582981,26.188593642364392,no_water_crossing,0.0,S2A_MSIL2A_20240228T043731_R033_T45RXJ_20240228T101956,0.0,no_water_crossing,0.0,S2B_MSIL2A_20241020T043729_R033_T45RXJ_20241020T070252,7.4
260,40903484,41002771,out_of_BD,179.8,7.459,3,3,2,Rangpur,88.24141581507261,26.187249405001285,no_water_crossing,0.0,S2A_MSIL2A_20240228T043731_R033_T45RXJ_20240228T101956,0.0,no_water_crossing,0.0,S2B_MSIL2A_20241020T043729_R033_T45RXJ_20241020T070252,7.4
261,40903484,41002771,into_BD,179.8,7.459,3,3,0,Rangpur,88.23906323974484,26.184896969047664,no_water_crossing,0.0,S2A_MSIL2A_20240228T043731_R033_T45RXJ_20240228T101956,0.0,no_water_crossing,0.0,S2B_MSIL2A_20241020T043729_R033_T45RXJ_20241020T070252,7.4
262,40903484,41002771,out_of_BD,179.8,7.459,3,3,2,Rangpur,88.23839109254516,26.184224839682717,no_water_crossing,0.0,S2A_MSIL2A_20240228T043731_R033_T45RXJ_20240228T101956,0.0,no_water_crossing,0.0,S2B_MSIL2A_20241020T043729_R033_T45RXJ_20241020T070252,7.4
263,40903484,41002771,into_BD,179.8,7.459,3,3,3,Rangpur,88.23654272711235,26.182376472917163,no_water_crossing,0.0,S2A_MSIL2A_20240228T043731_R033_T45RXJ_20240228T101956,0.0,no_water_crossing,0.0,S2B_MSIL2A_20241020T043729_R033_T45RXJ_20241020T070252,7.4
264,40903484,41002771,out_of_BD,179.8,7.459,3,3,2,Rangpur,88.23419034551219,26.180023982773427,no_water_crossing,0.0,S2A_MSIL2A_20240228T043731_R033_T45RXJ_20240228T101956,0.0,no_water_crossing,0.0,S2B_MSIL2A_20241020T043729_R033_T45RXJ_20241020T070252,7.4
265,40903485,40903485,out_of_BD,3.9,0.152,1,4,11,Rangpur,88.23737499954922,26.17708333600755,no_water_crossing,0.0,S2A_MSIL2A_20240228T043731_R033_T45RXJ_20240228T101956,0.0,no_water_crossing,0.0,S2B_MSIL2A_20241020T043729_R033_T45RXJ_20241020T070252,7.4
266,40903745,41002771,into_BD,185.2,7.678,3,3,2,Rangpur,88.22726184323336,26.173095184260248,no_water_crossing,0.0,S2A_MSIL2A_20240228T043731_R033_T45RXJ_20240228T101956,0.0,no_water_crossing,0.0,S2B_MSIL2A_20241020T043729_R033_T45RXJ_20241020T070252,7.4
267,40903745,41002771,out_of_BD,185.2,7.678,3,3,2,Rangpur,88.22684315742006,26.172916669960397,no_water_crossing,0.0,S2A_MSIL2A_20240228T043731_R033_T45RXJ_20240228T101956,0.0,no_water_crossing,0.0,S2B_MSIL2A_20241020T043729_R033_T45RXJ_20241020T070252,7.4
268,40903973,40903973,out_of_BD,4.4,0.167,1,4,0,Rangpur,89.14254166442757,26.16875001639351,no_water_crossing,0.0,S2A_MSIL2A_20240309T043701_R033_T45RYJ_20240309T091652,0.0,no_water_crossing,0.0,S2B_MSIL2A_20241020T043729_R033_T45RYJ_20241020T070252,9.1
269,40903973,40903973,into_BD,4.4,0.167,1,4,0,Rangpur,89.14429166213793,26.16875003316875,no_water_crossing,0.0,S2A_MSIL2A_20240309T043701_R033_T45RYJ_20240309T091652,0.0,no_water_crossing,0.0,S2B_MSIL2A_20241020T043729_R033_T45RYJ_20241020T070252,9.1
270,40903974,40908043,into_BD,13.3,0.502,2,3,0,Rangpur,89.14791666854444,26.169773364290396,no_water_crossing,0.0,S2A_MSIL2A_20240309T043701_R033_T45RYJ_20240309T091652,0.0,no_water_crossing,0.0,S2B_MSIL2A_20241020T043729_R033_T45RYJ_20241020T070252,9.1
271,40904493,40905130,into_BD,111.5,4.359,3,4,0,Rangpur,89.5974250634425,26.160908293426743,no_water_crossing,0.0,S2A_MSIL2A_20240309T043701_R033_T45RYJ_20240309T091652,0.0,no_water_crossing,0.0,S2B_MSIL2A_20241020T043729_R033_T45RYJ_20241020T070252,9.1
272,40904493,40905130,out_of_BD,111.5,4.359,3,4,0,Rangpur,89.59968987340426,26.1604167328985,no_water_crossing,0.0,S2A_MSIL2A_20240309T043701_R033_T45RYJ_20240309T091652,0.0,no_water_crossing,0.0,S2B_MSIL2A_20241020T043729_R033_T45RYJ_20241020T070252,9.1
273,40904493,40905130,into_BD,111.5,4.359,3,4,0,Rangpur,89.60971793214269,26.16041669537934,no_water_crossing,0.0,S2A_MSIL2A_20240309T043701_R033_T45RYJ_20240309T091652,0.0,no_water_crossing,0.0,S2B_MSIL2A_20241020T043729_R033_T45RYJ_20241020T070252,9.1
274,40904493,40905130,out_of_BD,111.5,4.359,3,4,0,Rangpur,89.61146017705939,26.161460213430008,no_water_crossing,0.0,S2A_MSIL2A_20240309T043701_R033_T45RYJ_20240309T091652,0.0,no_water_crossing,0.0,S2B_MSIL2A_20241020T043729_R033_T45RYJ_20241020T070252,9.1
275,40904493,40905130,into_BD,111.5,4.359,3,4,0,Rangpur,89.61330776912008,26.16330781027627,no_water_crossing,0.0,S2A_MSIL2A_20240309T043701_R033_T45RYJ_20240309T091652,0.0,no_water_crossing,0.0,S2B_MSIL2A_20241020T043729_R033_T45RYJ_20241020T070252,9.1
276,40904493,40905130,out_of_BD,111.5,4.359,3,4,1,Rangpur,89.61458334263844,26.16625886843178,no_water_crossing,0.0,S2A_MSIL2A_20240309T043701_R033_T45RYJ_20240309T091652,0.0,no_water_crossing,0.0,S2B_MSIL2A_20241020T043729_R033_T45RYJ_20241020T070252,9.1
277,40904493,40905130,into_BD,111.5,4.359,3,4,0,Rangpur,89.61458334945395,26.168068819180185,no_water_crossing,0.0,S2A_MSIL2A_20240309T043701_R033_T45RYJ_20240309T091652,0.0,no_water_crossing,0.0,S2B_MSIL2A_20241020T043729_R033_T45RYJ_20241020T070252,9.1
278,40904493,40905130,out_of_BD,111.5,4.359,3,4,0,Rangpur,89.61458335216813,26.172367450704428,no_water_crossing,0.0,S2A_MSIL2A_20240309T043701_R033_T45RYJ_20240309T091652,0.0,no_water_crossing,0.0,S2B_MSIL2A_20241020T043729_R033_T45RYJ_20241020T070252,9.1
279,40904493,40905130,into_BD,111.5,4.359,3,4,17,Rangpur,89.61458334091634,26.17576110567628,no_water_crossing,0.0,S2A_MSIL2A_20240309T043701_R033_T45RYJ_20240309T091652,0.0,no_water_crossing,0.0,S2B_MSIL2A_20241020T043729_R033_T45RYJ_20241020T070252,9.1
280,40904493,40905130,out_of_BD,111.5,4.359,3,4,17,Rangpur,89.61458333852309,26.17621359290621,no_water_crossing,0.0,S2A_MSIL2A_20240309T043701_R033_T45RYJ_20240309T091652,0.0,no_water_crossing,0.0,S2B_MSIL2A_20241020T043729_R033_T45RYJ_20241020T070252,9.1
281,40904493,40905130,into_BD,111.5,4.359,3,4,17,Rangpur,89.6147774606401,26.177277469253344,no_water_crossing,0.0,S2A_MSIL2A_20240309T043701_R033_T45RYJ_20240309T091652,0.0,no_water_crossing,0.0,S2B_MSIL2A_20241020T043729_R033_T45RYJ_20241020T070252,9.1
282,40904493,40905130,out_of_BD,111.5,4.359,3,4,0,Rangpur,89.615953255551,26.178453298343076,no_water_crossing,0.0,S2A_MSIL2A_20240309T043701_R033_T45RYJ_20240309T091652,0.0,no_water_crossing,0.0,S2B_MSIL2A_20241020T043729_R033_T45RYJ_20241020T070252,9.1
283,40904493,40905130,into_BD,111.5,4.359,3,4,0,Rangpur,89.63037236932928,26.18125003553591,no_water_crossing,0.0,S2A_MSIL2A_20240309T043701_R033_T45RYJ_20240309T091652,0.0,no_water_crossing,0.0,S2B_MSIL2A_20241020T043729_R033_T45RYJ_20241020T070252,9.1
284,40904494,40905130,out_of_BD,137.3,5.378,3,4,1,Rangpur,89.63150246598188,26.18099756058706,no_water_crossing,0.0,S2A_MSIL2A_20240309T043701_R033_T45RYJ_20240309T091652,0.0,no_water_crossing,0.0,S2B_MSIL2A_20241020T043729_R033_T45RYJ_20241020T070252,9.1
285,40904494,40905130,into_BD,137.3,5.378,3,4,0,Rangpur,89.63352215413344,26.17897802522238,no_water_crossing,0.0,S2A_MSIL2A_20240309T043701_R033_T45RYJ_20240309T091652,0.0,no_water_crossing,0.0,S2B_MSIL2A_20241020T043729_R033_T45RYJ_20241020T070252,9.1
286,40904494,40905130,out_of_BD,137.3,5.378,3,4,0,Rangpur,89.63638325818779,26.176116955739495,no_water_crossing,0.0,S2A_MSIL2A_20240309T043701_R033_T45RYJ_20240309T091652,0.0,no_water_crossing,0.0,S2B_MSIL2A_20241020T043729_R033_T45RYJ_20241020T070252,9.1
287,40904494,40905130,into_BD,137.3,5.378,3,4,0,Rangpur,89.64288256844814,26.16545080213548,no_water_crossing,0.0,S2A_MSIL2A_20240309T043701_R033_T45RYJ_20240309T091652,0.0,no_water_crossing,0.0,S2B_MSIL2A_20241020T043729_R033_T45RYJ_20241020T070252,9.1
288,40904494,40905130,out_of_BD,137.3,5.378,3,4,0,Rangpur,89.64597201593526,26.16458334837979,no_water_crossing,0.0,S2A_MSIL2A_20240309T043701_R033_T45RYJ_20240309T091652,0.0,no_water_crossing,0.0,S2B_MSIL2A_20241020T043729_R033_T45RYJ_20241020T070252,9.1
289,40904494,40905130,into_BD,137.3,5.378,3,4,0,Rangpur,89.64829678356925,26.16420323515887,no_water_crossing,0.0,S2A_MSIL2A_20240309T043701_R033_T45RYJ_20240309T091652,0.0,no_water_crossing,0.0,S2B_MSIL2A_20241020T043729_R033_T45RYJ_20241020T070252,9.1
290,40904910,40904910,into_BD,100.1,4.081,2,4,1,Rangpur,88.18448809985637,26.153011940540377,no_water_crossing,0.0,S2A_MSIL2A_20240228T043731_R033_T45RXJ_20240228T101956,0.0,no_water_crossing,0.0,S2B_MSIL2A_20241020T043729_R033_T45RXJ_20241020T070252,7.4
291,40904911,41002771,into_BD,298.0,12.35,4,3,1,Rangpur,88.2176387536373,26.167639165299143,no_water_crossing,0.0,S2A_MSIL2A_20240228T043731_R033_T45RXJ_20240228T101956,0.0,no_water_crossing,0.0,S2B_MSIL2A_20241020T043729_R033_T45RXJ_20241020T070252,7.4
292,40904911,41002771,out_of_BD,298.0,12.35,4,3,7,Rangpur,88.21495808907032,26.164958479396503,no_water_crossing,0.0,S2A_MSIL2A_20240228T043731_R033_T45RXJ_20240228T101956,0.0,no_water_crossing,0.0,S2B_MSIL2A_20241020T043729_R033_T45RXJ_20241020T070252,7.4
293,40904911,41002771,into_BD,298.0,12.35,4,3,5,Rangpur,88.20944337233868,26.160416691681487,no_water_crossing,0.0,S2A_MSIL2A_20240228T043731_R033_T45RXJ_20240228T101956,0.0,no_water_crossing,0.0,S2B_MSIL2A_20241020T043729_R033_T45RXJ_20241020T070252,7.4
294,40904911,41002771,out_of_BD,298.0,12.35,4,3,5,Rangpur,88.20819302772887,26.160416714108376,no_water_crossing,0.0,S2A_MSIL2A_20240228T043731_R033_T45RXJ_20240228T101956,0.0,no_water_crossing,0.0,S2B_MSIL2A_20241020T043729_R033_T45RXJ_20241020T070252,7.4
295,40904911,41002771,into_BD,298.0,12.35,4,3,5,Rangpur,88.20115050360269,26.15948386948997,no_water_crossing,0.0,S2A_MSIL2A_20240228T043731_R033_T45RXJ_20240228T101956,0.0,no_water_crossing,0.0,S2B_MSIL2A_20241020T043729_R033_T45RXJ_20241020T070252,7.4
296,40904911,41002771,out_of_BD,298.0,12.35,4,3,2,Rangpur,88.19174096921508,26.15625004652709,no_water_crossing,0.0,S2A_MSIL2A_20240228T043731_R033_T45RXJ_20240228T101956,0.0,no_water_crossing,0.0,S2B_MSIL2A_20241020T043729_R033_T45RXJ_20241020T070252,7.4
297,40904911,41002771,into_BD,298.0,12.35,4,3,0,Rangpur,88.18700815596257,26.153674866834557,no_water_crossing,0.0,S2A_MSIL2A_20240228T043731_R033_T45RXJ_20240228T101956,0.0,no_water_crossing,0.0,S2B_MSIL2A_20241020T043729_R033_T45RXJ_20241020T070252,7.4
298,40904920,40921156,into_BD,11342.6,322.035,6,3,34,Rangpur,89.69570259335525,26.17486999421635,confirmed,130.0,S2A_MSIL2A_20240309T043701_R033_T45RYJ_20240309T091652,0.0,confirmed,250.0,S2B_MSIL2A_20241020T043729_R033_T45RYJ_20241020T070252,9.1
299,40904920,40921156,out_of_BD,11342.6,322.035,6,3,23,Rangpur,89.69016940109334,26.169336701143425,confirmed,170.0,S2A_MSIL2A_20240309T043701_R033_T45RYJ_20240309T091652,0.0,confirmed,190.0,S2B_MSIL2A_20241020T043729_R033_T45RYJ_20241020T070252,9.1
300,40904920,40921156,into_BD,11342.6,322.035,6,3,65,Rangpur,89.68541666778798,26.16104837060631,confirmed,20.0,S2A_MSIL2A_20240309T043701_R033_T45RYJ_20240309T091652,0.0,confirmed,90.0,S2B_MSIL2A_20241020T043729_R033_T45RYJ_20241020T070252,9.1
301,40905594,40908043,out_of_BD,29.1,1.094,2,3,0,Rangpur,89.15208338424183,26.158773995136706,no_water_crossing,0.0,S2A_MSIL2A_20240309T043701_R033_T45RYJ_20240309T091652,0.0,no_water_crossing,0.0,S2B_MSIL2A_20241020T043729_R033_T45RYJ_20241020T070252,9.1
302,40905594,40908043,into_BD,29.1,1.094,2,3,0,Rangpur,89.15208337216555,26.14769155426583,no_water_crossing,0.0,S2A_MSIL2A_20240309T043701_R033_T45RYJ_20240309T091652,0.0,no_water_crossing,0.0,S2B_MSIL2A_20241020T043729_R033_T45RYJ_20241020T070252,9.1
303,40905594,40908043,out_of_BD,29.1,1.094,2,3,0,Rangpur,89.15208336677192,26.147013037049707,no_water_crossing,0.0,S2A_MSIL2A_20240309T043701_R033_T45RYJ_20240309T091652,0.0,no_water_crossing,0.0,S2B_MSIL2A_20241020T043729_R033_T45RYJ_20241020T070252,9.1
304,40905594,40908043,into_BD,29.1,1.094,2,3,0,Rangpur,89.15208336287782,26.146560692211516,no_water_crossing,0.0,S2A_MSIL2A_20240309T043701_R033_T45RYJ_20240309T091652,0.0,no_water_crossing,0.0,S2B_MSIL2A_20241020T043729_R033_T45RYJ_20241020T070252,9.1
305,40905594,40908043,out_of_BD,29.1,1.094,2,3,0,Rangpur,89.15208335658919,26.145882174913076,no_water_crossing,0.0,S2A_MSIL2A_20240309T043701_R033_T45RYJ_20240309T091652,0.0,no_water_crossing,0.0,S2B_MSIL2A_20241020T043729_R033_T45RYJ_20241020T070252,9.1
306,40905594,40908043,into_BD,29.1,1.094,2,3,0,Rangpur,89.15208334491487,26.14475131263927,no_water_crossing,0.0,S2A_MSIL2A_20240309T043701_R033_T45RYJ_20240309T091652,0.0,no_water_crossing,0.0,S2B_MSIL2A_20241020T043729_R033_T45RYJ_20241020T070252,9.1
307,40905594,40908043,out_of_BD,29.1,1.094,2,3,0,Rangpur,89.15285111508736,26.14298225255104,no_water_crossing,0.0,S2A_MSIL2A_20240309T043701_R033_T45RYJ_20240309T091652,0.0,no_water_crossing,0.0,S2B_MSIL2A_20241020T043729_R033_T45RYJ_20241020T070252,9.1
308,40906281,40908043,into_BD,51.1,1.914,2,3,0,Rangpur,89.17388969824319,26.13027735886881,no_water_crossing,0.0,S2A_MSIL2A_20240309T043701_R033_T45RYJ_20240309T091652,0.0,no_water_crossing,0.0,S2B_MSIL2A_20241020T043729_R033_T45RYJ_20241020T070252,9.1
309,40906281,40908043,out_of_BD,51.1,1.914,2,3,0,Rangpur,89.18507890245675,26.127083458724712,no_water_crossing,0.0,S2A_MSIL2A_20240309T043701_R033_T45RYJ_20240309T091652,0.0,no_water_crossing,0.0,S2B_MSIL2A_20241020T043729_R033_T45RYJ_20241020T070252,9.1
310,40906540,40908043,into_BD,58.0,2.173,2,3,0,Rangpur,89.20168943571751,26.127477250455584,no_water_crossing,0.0,S2A_MSIL2A_20240309T043701_R033_T45RYJ_20240309T091652,0.0,no_water_crossing,0.0,S2B_MSIL2A_20241020T043729_R033_T45RYJ_20241020T070252,9.1
311,40906540,40908043,out_of_BD,58.0,2.173,2,3,0,Rangpur,89.20374761645718,26.127083371974287,no_water_crossing,0.0,S2A_MSIL2A_20240309T043701_R033_T45RYJ_20240309T091652,0.0,no_water_crossing,0.0,S2B_MSIL2A_20241020T043729_R033_T45RYJ_20241020T070252,9.1
312,40906540,40908043,into_BD,58.0,2.173,2,3,0,Rangpur,89.21299043370156,26.1245096200914,no_water_crossing,0.0,S2A_MSIL2A_20240309T043701_R033_T45RYJ_20240309T091652,0.0,no_water_crossing,0.0,S2B_MSIL2A_20241020T043729_R033_T45RYJ_20241020T070252,9.1
313,40906542,40906542,into_BD,3.9,0.144,1,4,0,Rangpur,89.21630075620291,26.12536603260405,no_water_crossing,0.0,S2A_MSIL2A_20240309T043701_R033_T45RYJ_20240309T091652,0.0,no_water_crossing,0.0,S2B_MSIL2A_20241020T043729_R033_T45RYJ_20241020T070252,9.1
314,40906542,40906542,out_of_BD,3.9,0.144,1,4,0,Rangpur,89.21697642002997,26.12469035080513,no_water_crossing,0.0,S2A_MSIL2A_20240309T043701_R033_T45RYJ_20240309T091652,0.0,no_water_crossing,0.0,S2B_MSIL2A_20241020T043729_R033_T45RYJ_20241020T070252,9.1
315,40906542,40906542,into_BD,3.9,0.144,1,4,0,Rangpur,89.21714533475266,26.124521429717703,no_water_crossing,0.0,S2A_MSIL2A_20240309T043701_R033_T45RYJ_20240309T091652,0.0,no_water_crossing,0.0,S2B_MSIL2A_20241020T043729_R033_T45RYJ_20241020T070252,9.1
316,40906543,40908043,out_of_BD,71.3,2.667,2,3,0,Rangpur,89.22544191406828,26.12291670490189,no_water_crossing,0.0,S2A_MSIL2A_20240309T043701_R033_T45RYJ_20240309T091652,0.0,no_water_crossing,0.0,S2B_MSIL2A_20241020T043729_R033_T45RYJ_20241020T070252,9.1
317,40906544,40906544,into_BD,6.9,0.259,1,4,0,Rangpur,89.22922573747707,26.122916681762252,no_water_crossing,0.0,S2A_MSIL2A_20240309T043701_R033_T45RYJ_20240309T091652,0.0,no_water_crossing,0.0,S2B_MSIL2A_20241020T043729_R033_T45RYJ_20241020T070252,9.1
318,40906544,40906544,out_of_BD,6.9,0.259,1,4,0,Rangpur,89.22746140434153,26.122916671652167,no_water_crossing,0.0,S2A_MSIL2A_20240309T043701_R033_T45RYJ_20240309T091652,0.0,no_water_crossing,0.0,S2B_MSIL2A_20241020T043729_R033_T45RYJ_20241020T070252,9.1
319,40907531,40907531,into_BD,4.4,0.169,1,4,33,Rangpur,88.16295916487917,26.10625001440043,confirmed,40.0,S2A_MSIL2A_20240228T043731_R033_T45RXJ_20240228T101956,0.0,no_water_crossing,0.0,S2B_MSIL2A_20241020T043729_R033_T45RXJ_20241020T070252,7.4
320,40907532,41002771,out_of_BD,415.4,17.171,4,3,32,Rangpur,88.17708336172562,26.125488712522404,no_water_crossing,0.0,S2A_MSIL2A_20240228T043731_R033_T45RXJ_20240228T101956,0.0,no_water_crossing,0.0,S2B_MSIL2A_20241020T043729_R033_T45RXJ_20241020T070252,7.4
321,40907532,41002771,into_BD,415.4,17.171,4,3,20,Rangpur,88.1770833525645,26.121427193243367,confirmed,100.0,S2A_MSIL2A_20240228T043731_R033_T45RXJ_20240228T101956,0.0,no_water_crossing,0.0,S2B_MSIL2A_20241020T043729_R033_T45RXJ_20241020T070252,7.4
322,40907532,41002771,out_of_BD,415.4,17.171,4,3,29,Rangpur,88.1732083485033,26.114875374857156,confirmed,40.0,S2A_MSIL2A_20240228T043731_R033_T45RXJ_20240228T101956,0.0,confirmed,20.0,S2B_MSIL2A_20241020T043729_R033_T45RXJ_20241020T070252,7.4
323,40907532,41002771,into_BD,415.4,17.171,4,3,31,Rangpur,88.16684413845384,26.108511054228263,confirmed,50.0,S2A_MSIL2A_20240228T043731_R033_T45RXJ_20240228T101956,0.0,no_water_crossing,0.0,S2B_MSIL2A_20241020T043729_R033_T45RXJ_20241020T070252,7.4
324,40907538,40909498,out_of_BD,4.2,0.159,1,6,0,Rangpur,89.62295832967625,26.106250030476858,no_water_crossing,0.0,S2A_MSIL2A_20240309T043701_R033_T45RYJ_20240309T091652,0.0,no_water_crossing,0.0,S2B_MSIL2A_20241020T043729_R033_T45RYJ_20241020T070252,9.1
325,40907539,40907539,out_of_BD,3.1,0.116,1,7,0,Rangpur,89.62708333657186,26.10752314851048,no_water_crossing,0.0,S2A_MSIL2A_20240309T043701_R033_T45RYJ_20240309T091652,0.0,no_water_crossing,0.0,S2B_MSIL2A_20241020T043729_R033_T45RYJ_20241020T070252,9.1
326,40907830,40908043,into_BD,87.3,3.263,2,3,0,Rangpur,89.22750343434605,26.12249667807115,no_water_crossing,0.0,S2A_MSIL2A_20240309T043701_R033_T45RYJ_20240309T091652,0.0,no_water_crossing,0.0,S2B_MSIL2A_20241020T043729_R033_T45RYJ_20241020T070252,9.1
327,40907830,40908043,out_of_BD,87.3,3.263,2,3,0,Rangpur,89.22918380788182,26.120816707925,no_water_crossing,0.0,S2A_MSIL2A_20240309T043701_R033_T45RYJ_20240309T091652,0.0,no_water_crossing,0.0,S2B_MSIL2A_20241020T043729_R033_T45RYJ_20241020T070252,9.1
328,40907830,40908043,into_BD,87.3,3.263,2,3,1,Rangpur,89.23741693253724,26.112584489705092,no_water_crossing,0.0,S2A_MSIL2A_20240309T043701_R033_T45RYJ_20240309T091652,0.0,no_water_crossing,0.0,S2B_MSIL2A_20241020T043729_R033_T45RYJ_20241020T070252,9.1
329,40907830,40908043,out_of_BD,87.3,3.263,2,3,0,Rangpur,89.23976903862655,26.110232316198022,no_water_crossing,0.0,S2A_MSIL2A_20240309T043701_R033_T45RYJ_20240309T091652,0.0,no_water_crossing,0.0,S2B_MSIL2A_20241020T043729_R033_T45RYJ_20241020T070252,9.1
330,40907830,40908043,into_BD,87.3,3.263,2,3,0,Rangpur,89.24044105137074,26.109560257553863,no_water_crossing,0.0,S2A_MSIL2A_20240309T043701_R033_T45RYJ_20240309T091652,0.0,no_water_crossing,0.0,S2B_MSIL2A_20241020T043729_R033_T45RYJ_20241020T070252,9.1
331,40907830,40908043,out_of_BD,87.3,3.263,2,3,0,Rangpur,89.24077705481515,26.109224226720173,no_water_crossing,0.0,S2A_MSIL2A_20240309T043701_R033_T45RYJ_20240309T091652,0.0,no_water_crossing,0.0,S2B_MSIL2A_20241020T043729_R033_T45RYJ_20241020T070252,9.1
332,40907830,40908043,into_BD,87.3,3.263,2,3,1,Rangpur,89.24447296389776,26.10552782104903,no_water_crossing,0.0,S2A_MSIL2A_20240309T043701_R033_T45RYJ_20240309T091652,0.0,no_water_crossing,0.0,S2B_MSIL2A_20241020T043729_R033_T45RYJ_20241020T070252,9.1
333,40907831,40907831,into_BD,3.7,0.136,1,5,0,Rangpur,89.2481686611982,26.102335356140273,no_water_crossing,0.0,S2A_MSIL2A_20240309T043701_R033_T45RYJ_20240309T091652,0.0,no_water_crossing,0.0,S2B_MSIL2A_20241020T043729_R033_T45RYJ_20241020T070252,9.1
334,40908281,41002771,out_of_BD,422.7,17.471,4,3,26,Rangpur,88.16305503045827,26.10055514228451,confirmed,50.0,S2A_MSIL2A_20240228T043731_R033_T45RXJ_20240228T101956,0.0,no_water_crossing,0.0,S2B_MSIL2A_20241020T043729_R033_T45RXJ_20241020T070252,7.4
335,40908281,41002771,into_BD,422.7,17.471,4,3,30,Rangpur,88.16255092739128,26.10005106508566,confirmed,50.0,S2A_MSIL2A_20240228T043731_R033_T45RXJ_20240228T101956,0.0,no_water_crossing,0.0,S2B_MSIL2A_20241020T043729_R033_T45RXJ_20241020T070252,7.4
336,40908281,41002771,out_of_BD,422.7,17.471,4,3,30,Rangpur,88.15835023486846,26.0958503756186,no_water_crossing,0.0,S2A_MSIL2A_20240228T043731_R033_T45RXJ_20240228T101956,0.0,no_water_crossing,0.0,S2B_MSIL2A_20241020T043729_R033_T45RXJ_20241020T070252,7.4
337,40908288,40908043,out_of_BD,130.1,4.848,2,3,0,Rangpur,89.24867075103218,26.10132932382424,no_water_crossing,0.0,S2A_MSIL2A_20240309T043701_R033_T45RYJ_20240309T091652,0.0,no_water_crossing,0.0,S2B_MSIL2A_20241020T043729_R033_T45RYJ_20241020T070252,9.1
338,40908288,40908043,into_BD,130.1,4.848,2,3,0,Rangpur,89.24900589648571,26.10099420685887,no_water_crossing,0.0,S2A_MSIL2A_20240309T043701_R033_T45RYJ_20240309T091652,0.0,no_water_crossing,0.0,S2B_MSIL2A_20241020T043729_R033_T45RYJ_20241020T070252,9.1
339,40908288,40908043,out_of_BD,130.1,4.848,2,3,0,Rangpur,89.25151942553256,26.098480797684743,no_water_crossing,0.0,S2A_MSIL2A_20240309T043701_R033_T45RYJ_20240309T091652,0.0,no_water_crossing,0.0,S2B_MSIL2A_20241020T043729_R033_T45RYJ_20241020T070252,9.1
340,40908288,40908043,into_BD,130.1,4.848,2,3,0,Rangpur,89.256222087846,26.09381136972206,no_water_crossing,0.0,S2A_MSIL2A_20240309T043701_R033_T45RYJ_20240309T091652,0.0,no_water_crossing,0.0,S2B_MSIL2A_20241020T043729_R033_T45RYJ_20241020T070252,9.1
341,40908288,40908043,out_of_BD,130.1,4.848,2,3,0,Rangpur,89.25694196143102,26.093750048472007,no_water_crossing,0.0,S2A_MSIL2A_20240309T043701_R033_T45RYJ_20240309T091652,0.0,no_water_crossing,0.0,S2B_MSIL2A_20241020T043729_R033_T45RYJ_20241020T070252,9.1
342,40908288,40908043,into_BD,130.1,4.848,2,3,0,Rangpur,89.26119240956173,26.093750273155788,no_water_crossing,0.0,S2A_MSIL2A_20240309T043701_R033_T45RYJ_20240309T091652,0.0,no_water_crossing,0.0,S2B_MSIL2A_20241020T043729_R033_T45RYJ_20241020T070252,9.1
343,40908288,40908043,out_of_BD,130.1,4.848,2,3,0,Rangpur,89.26369268097423,26.09375034661987,no_water_crossing,0.0,S2A_MSIL2A_20240309T043701_R033_T45RYJ_20240309T091652,0.0,no_water_crossing,0.0,S2B_MSIL2A_20241020T043729_R033_T45RYJ_20241020T070252,9.1
344,40908292,40909977,into_BD,11.0,0.413,1,5,0,Rangpur,89.5959368646629,26.108229976758704,no_water_crossing,0.0,S2A_MSIL2A_20240309T043701_R033_T45RYJ_20240309T091652,0.0,no_water_crossing,0.0,S2B_MSIL2A_20241020T043729_R033_T45RYJ_20241020T070252,9.1
345,40908292,40909977,out_of_BD,11.0,0.413,1,5,0,Rangpur,89.59727913955963,26.106887747535612,no_water_crossing,0.0,S2A_MSIL2A_20240309T043701_R033_T45RYJ_20240309T091652,0.0,no_water_crossing,0.0,S2B_MSIL2A_20241020T043729_R033_T45RYJ_20241020T070252,9.1
346,40908292,40909977,into_BD,11.0,0.413,1,5,0,Rangpur,89.59979582121201,26.10437102525464,no_water_crossing,0.0,S2A_MSIL2A_20240309T043701_R033_T45RYJ_20240309T091652,0.0,no_water_crossing,0.0,S2B_MSIL2A_20241020T043729_R033_T45RYJ_20241020T070252,9.1
347,40908292,40909977,out_of_BD,11.0,0.413,1,5,0,Rangpur,89.60208333912826,26.095445360116372,no_water_crossing,0.0,S2A_MSIL2A_20240309T043701_R033_T45RYJ_20240309T091652,0.0,no_water_crossing,0.0,S2B_MSIL2A_20241020T043729_R033_T45RYJ_20241020T070252,9.1
348,40909271,41002771,into_BD,435.3,17.979,4,3,24,Rangpur,88.16069592527285,26.089304803301655,no_water_crossing,0.0,S2A_MSIL2A_20240228T043731_R033_T45RXJ_20240228T101956,0.0,no_water_crossing,0.0,S2B_MSIL2A_20241020T043729_R033_T45RXJ_20241020T070252,7.4
349,40909271,41002771,out_of_BD,435.3,17.979,4,3,7,Rangpur,88.16103145286996,26.088969309174576,no_water_crossing,0.0,S2A_MSIL2A_20240228T043731_R033_T45RXJ_20240228T101956,0.0,no_water_crossing,0.0,S2B_MSIL2A_20241020T043729_R033_T45RXJ_20241020T070252,7.4
350,40909271,41002771,into_BD,435.3,17.979,4,3,31,Rangpur,88.16455437459408,26.08544655659402,confirmed,90.0,S2A_MSIL2A_20240228T043731_R033_T45RXJ_20240228T101956,0.0,no_water_crossing,0.0,S2B_MSIL2A_20241020T043729_R033_T45RXJ_20241020T070252,7.4
351,40909271,41002771,out_of_BD,435.3,17.979,4,3,7,Rangpur,88.16707061529283,26.082930232937308,confirmed,100.0,S2A_MSIL2A_20240228T043731_R033_T45RXJ_20240228T101956,0.0,no_water_crossing,0.0,S2B_MSIL2A_20241020T043729_R033_T45RXJ_20241020T070252,7.4
352,40909271,41002771,into_BD,435.3,17.979,4,3,36,Rangpur,88.16874804800727,26.081252650593974,no_water_crossing,0.0,S2A_MSIL2A_20240228T043731_R033_T45RXJ_20240228T101956,0.0,no_water_crossing,0.0,S2B_MSIL2A_20241020T043729_R033_T45RXJ_20241020T070252,7.4
353,40909498,40909498,into_BD,14.5,0.543,2,6,0,Rangpur,89.63125000839145,26.096955247549392,no_water_crossing,0.0,S2A_MSIL2A_20240309T043701_R033_T45RYJ_20240309T091652,0.0,no_water_crossing,0.0,S2B_MSIL2A_20241020T043729_R033_T45RYJ_20241020T070252,9.1
354,40909498,40909498,out_of_BD,14.5,0.543,2,6,0,Rangpur,89.63125000662859,26.095824531516175,no_water_crossing,0.0,S2A_MSIL2A_20240309T043701_R033_T45RYJ_20240309T091652,0.0,no_water_crossing,0.0,S2B_MSIL2A_20241020T043729_R033_T45RYJ_20241020T070252,9.1
355,40909724,41002771,out_of_BD,496.4,20.379,4,3,22,Rangpur,88.18037520338859,26.073791501865593,confirmed,70.0,S2A_MSIL2A_20240228T043731_R033_T45RXJ_20240228T101956,0.0,no_water_crossing,0.0,S2B_MSIL2A_20241020T043729_R033_T45RXJ_20241020T070252,7.4
356,40909725,40909725,out_of_BD,3.5,0.131,1,4,6,Rangpur,88.18133445508074,26.06883446067596,no_water_crossing,0.0,S2A_MSIL2A_20240228T043731_R033_T45RXJ_20240228T101956,0.0,no_water_crossing,0.0,S2B_MSIL2A_20241020T043729_R033_T45RXJ_20241020T070252,7.4
357,40909741,40910211,into_BD,42.6,1.618,1,4,33,Rangpur,89.60185157576467,26.12685213399908,no_water_crossing,0.0,S2A_MSIL2A_20240309T043701_R033_T45RYJ_20240309T091652,0.0,no_water_crossing,0.0,S2B_MSIL2A_20241020T043729_R033_T45RYJ_20241020T070252,9.1
358,40909741,40910211,out_of_BD,42.6,1.618,1,4,33,Rangpur,89.60285658437715,26.127857229876977,no_water_crossing,0.0,S2A_MSIL2A_20240309T043701_R033_T45RYJ_20240309T091652,0.0,no_water_crossing,0.0,S2B_MSIL2A_20241020T043729_R033_T45RYJ_20241020T070252,9.1
359,40909741,40910211,into_BD,42.6,1.618,1,4,0,Rangpur,89.6033590950803,26.12835977577288,no_water_crossing,0.0,S2A_MSIL2A_20240309T043701_R033_T45RYJ_20240309T091652,0.0,no_water_crossing,0.0,S2B_MSIL2A_20241020T043729_R033_T45RYJ_20241020T070252,9.1
360,40909744,40909744,out_of_BD,6.9,0.254,1,4,1,Rangpur,89.79641432952997,26.07141437421752,no_water_crossing,0.0,S2A_MSIL2A_20240309T043701_R033_T45RYJ_20240309T091652,0.0,no_water_crossing,0.0,S2B_MSIL2A_20241020T043729_R033_T45RYJ_20241020T070252,9.1
361,40909975,40909977,into_BD,49.4,1.851,3,5,0,Rangpur,89.64908410265981,26.06575080827542,no_water_crossing,0.0,S2A_MSIL2A_20240309T043701_R033_T45RYJ_20240309T091652,0.0,no_water_crossing,0.0,S2B_MSIL2A_20241020T043729_R033_T45RYJ_20241020T070252,9.1
362,40910207,40915400,out_of_BD,12.1,0.448,1,3,0,Rangpur,89.25508852829067,26.065744869287897,no_water_crossing,0.0,S2A_MSIL2A_20240309T043701_R033_T45RYJ_20240309T091652,0.0,no_water_crossing,0.0,S2B_MSIL2A_20241020T043729_R033_T45RYJ_20241020T070252,9.1
363,40910207,40915400,into_BD,12.1,0.448,1,3,0,Rangpur,89.25626178552031,26.064571661671675,no_water_crossing,0.0,S2A_MSIL2A_20240309T043701_R033_T45RYJ_20240309T091652,0.0,no_water_crossing,0.0,S2B_MSIL2A_20241020T043729_R033_T45RYJ_20241020T070252,9.1
364,40910207,40915400,out_of_BD,12.1,0.448,1,3,0,Rangpur,89.26956833106338,26.06123502793208,no_water_crossing,0.0,S2A_MSIL2A_20240309T043701_R033_T45RYJ_20240309T091652,0.0,no_water_crossing,0.0,S2B_MSIL2A_20241020T043729_R033_T45RYJ_20241020T070252,9.1
365,40910207,40915400,into_BD,12.1,0.448,1,3,0,Rangpur,89.27642314047858,26.064583341377748,no_water_crossing,0.0,S2A_MSIL2A_20240309T043701_R033_T45RYJ_20240309T091652,0.0,no_water_crossing,0.0,S2B_MSIL2A_20241020T043729_R033_T45RYJ_20241020T070252,9.1
366,40910208,40910208,into_BD,4.2,0.156,1,4,0,Rangpur,89.28150199456995,26.060668689483,no_water_crossing,0.0,S2A_MSIL2A_20240309T043701_R033_T45RYJ_20240309T091652,0.0,no_water_crossing,0.0,S2B_MSIL2A_20241020T043729_R033_T45RYJ_20241020T070252,9.1
367,40910629,40909745,out_of_BD,6.0,0.217,1,3,40,Rangpur,89.78825742849922,26.050757545332264,confirmed,30.0,S2A_MSIL2A_20240309T043701_R033_T45RYJ_20240309T091652,0.0,no_water_crossing,0.0,S2B_MSIL2A_20241020T043729_R033_T45RYJ_20241020T070252,9.1
368,40910629,40909745,into_BD,6.0,0.217,1,3,2,Rangpur,89.797515668621,26.060016179070573,no_water_crossing,0.0,S2A_MSIL2A_20240309T043701_R033_T45RYJ_20240309T091652,0.0,no_water_crossing,0.0,S2B_MSIL2A_20241020T043729_R033_T45RYJ_20241020T070252,9.1
369,40910629,40909745,out_of_BD,6.0,0.217,1,3,7,Rangpur,89.79818905148696,26.06068951594741,no_water_crossing,0.0,S2A_MSIL2A_20240309T043701_R033_T45RYJ_20240309T091652,0.0,no_water_crossing,0.0,S2B_MSIL2A_20241020T043729_R033_T45RYJ_20241020T070252,9.1
370,40910857,41002771,into_BD,508.5,20.885,4,3,6,Rangpur,88.18133390145718,26.068666103130447,no_water_crossing,0.0,S2A_MSIL2A_20240228T043731_R033_T45RXJ_20240228T101956,0.0,no_water_crossing,0.0,S2B_MSIL2A_20241020T043729_R033_T45RXJ_20241020T070252,7.4
371,40910857,41002771,out_of_BD,508.5,20.885,4,3,32,Rangpur,88.18519323647992,26.06480677532063,confirmed,70.0,S2A_MSIL2A_20240228T043731_R033_T45RXJ_20240228T101956,0.0,confirmed,70.0,S2B_MSIL2A_20241020T043729_R033_T45RXJ_20241020T070252,7.4
372,40910857,41002771,into_BD,508.5,20.885,4,3,45,Rangpur,88.18541666974566,26.06284947384487,confirmed,100.0,S2A_MSIL2A_20240228T043731_R033_T45RXJ_20240228T101956,0.0,confirmed,160.0,S2B_MSIL2A_20241020T043729_R033_T45RXJ_20241020T070252,7.4
373,40910857,41002771,out_of_BD,508.5,20.885,4,3,35,Rangpur,88.17756209034224,26.048395442626735,confirmed,80.0,S2A_MSIL2A_20240228T043731_R033_T45RXJ_20240228T101956,0.0,confirmed,90.0,S2B_MSIL2A_20241020T043729_R033_T45RXJ_20241020T070252,7.4
374,40910857,41002771,into_BD,508.5,20.885,4,3,35,Rangpur,88.17703207263905,26.04794632210252,confirmed,80.0,S2A_MSIL2A_20240228T043731_R033_T45RXJ_20240228T101956,0.0,confirmed,80.0,S2B_MSIL2A_20241020T043729_R033_T45RXJ_20241020T070252,7.4
375,40911132,40915400,out_of_BD,23.7,0.873,2,3,0,Rangpur,89.28125000496786,26.059173513711738,no_water_crossing,0.0,S2A_MSIL2A_20240309T043701_R033_T45RYJ_20240309T091652,0.0,no_water_crossing,0.0,S2B_MSIL2A_20241020T043729_R033_T45RYJ_20241020T070252,9.1
376,40911132,40915400,into_BD,23.7,0.873,2,3,0,Rangpur,89.28125000694351,26.058495430210936,no_water_crossing,0.0,S2A_MSIL2A_20240309T043701_R033_T45RYJ_20240309T091652,0.0,no_water_crossing,0.0,S2B_MSIL2A_20241020T043729_R033_T45RYJ_20241020T070252,9.1
377,40911132,40915400,out_of_BD,23.7,0.873,2,3,0,Rangpur,89.28125000834767,26.05465295609206,no_water_crossing,0.0,S2A_MSIL2A_20240309T043701_R033_T45RYJ_20240309T091652,0.0,no_water_crossing,0.0,S2B_MSIL2A_20241020T043729_R033_T45RYJ_20241020T070252,9.1
378,40911132,40915400,into_BD,23.7,0.873,2,3,1,Rangpur,89.28437507728125,26.048958298581045,no_water_crossing,0.0,S2A_MSIL2A_20240309T043701_R033_T45RYJ_20240309T091652,0.0,no_water_crossing,0.0,S2B_MSIL2A_20241020T043729_R033_T45RYJ_20241020T070252,9.1
379,40911132,40915400,out_of_BD,23.7,0.873,2,3,0,Rangpur,89.28936765744969,26.04791666962616,no_water_crossing,0.0,S2A_MSIL2A_20240309T043701_R033_T45RYJ_20240309T091652,0.0,no_water_crossing,0.0,S2B_MSIL2A_20241020T043729_R033_T45RYJ_20241020T070252,9.1
380,40911132,40915400,into_BD,23.7,0.873,2,3,0,Rangpur,89.29061289219922,26.046887149986865,no_water_crossing,0.0,S2A_MSIL2A_20240309T043701_R033_T45RYJ_20240309T091652,0.0,no_water_crossing,0.0,S2B_MSIL2A_20241020T043729_R033_T45RYJ_20241020T070252,9.1
381,40911132,40915400,out_of_BD,23.7,0.873,2,3,0,Rangpur,89.29111608598016,26.046383966750447,no_water_crossing,0.0,S2A_MSIL2A_20240309T043701_R033_T45RYJ_20240309T091652,0.0,no_water_crossing,0.0,S2B_MSIL2A_20241020T043729_R033_T45RYJ_20241020T070252,9.1
382,40911132,40915400,into_BD,23.7,0.873,2,3,0,Rangpur,89.29178700423398,26.04571305226675,no_water_crossing,0.0,S2A_MSIL2A_20240309T043701_R033_T45RYJ_20240309T091652,0.0,no_water_crossing,0.0,S2B_MSIL2A_20241020T043729_R033_T45RYJ_20241020T070252,9.1
383,40911132,40915400,out_of_BD,23.7,0.873,2,3,0,Rangpur,89.29598016270405,26.045980210301423,no_water_crossing,0.0,S2A_MSIL2A_20240309T043701_R033_T45RYJ_20240309T091652,0.0,no_water_crossing,0.0,S2B_MSIL2A_20241020T043729_R033_T45RYJ_20241020T070252,9.1
384,40911132,40915400,into_BD,23.7,0.873,2,3,0,Rangpur,89.2969865512009,26.046986584379145,no_water_crossing,0.0,S2A_MSIL2A_20240309T043701_R033_T45RYJ_20240309T091652,0.0,no_water_crossing,0.0,S2B_MSIL2A_20241020T043729_R033_T45RYJ_20241020T070252,9.1
385,40911132,40915400,out_of_BD,23.7,0.873,2,3,0,Rangpur,89.29732201781879,26.047322041229293,no_water_crossing,0.0,S2A_MSIL2A_20240309T043701_R033_T45RYJ_20240309T091652,0.0,no_water_crossing,0.0,S2B_MSIL2A_20241020T043729_R033_T45RYJ_20241020T070252,9.1
386,40911132,40915400,into_BD,23.7,0.873,2,3,0,Rangpur,89.29782522129473,26.04782522540211,no_water_crossing,0.0,S2A_MSIL2A_20240309T043701_R033_T45RYJ_20240309T091652,0.0,no_water_crossing,0.0,S2B_MSIL2A_20241020T043729_R033_T45RYJ_20241020T070252,9.1
387,40911132,40915400,out_of_BD,23.7,0.873,2,3,0,Rangpur,89.30103317502697,26.047916768241603,no_water_crossing,0.0,S2A_MSIL2A_20240309T043701_R033_T45RYJ_20240309T091652,0.0,no_water_crossing,0.0,S2B_MSIL2A_20241020T043729_R033_T45RYJ_20241020T070252,9.1
388,40911133,40911133,out_of_BD,3.7,0.134,1,4,11,Rangpur,89.4080799680374,26.04192005175555,no_water_crossing,0.0,S2A_MSIL2A_20240309T043701_R033_T45RYJ_20240309T091652,0.0,no_water_crossing,0.0,S2B_MSIL2A_20241020T043729_R033_T45RYJ_20241020T070252,9.1
389,40911134,40911134,into_BD,17.9,0.655,2,3,11,Rangpur,89.42269100880785,26.04397566944046,no_water_crossing,0.0,S2A_MSIL2A_20240309T043701_R033_T45RYJ_20240309T091652,0.0,no_water_crossing,0.0,S2B_MSIL2A_20241020T043729_R033_T45RYJ_20241020T070252,9.1
390,40911134,40911134,out_of_BD,17.9,0.655,2,3,11,Rangpur,89.42336179507325,26.044195146719407,no_water_crossing,0.0,S2A_MSIL2A_20240309T043701_R033_T45RYJ_20240309T091652,0.0,no_water_crossing,0.0,S2B_MSIL2A_20241020T043729_R033_T45RYJ_20241020T070252,9.1
391,40911134,40911134,into_BD,17.9,0.655,2,3,9,Rangpur,89.42436798889263,26.04520136579131,no_water_crossing,0.0,S2A_MSIL2A_20240309T043701_R033_T45RYJ_20240309T091652,0.0,no_water_crossing,0.0,S2B_MSIL2A_20241020T043729_R033_T45RYJ_20241020T070252,9.1
392,40911134,40911134,out_of_BD,17.9,0.655,2,3,10,Rangpur,89.42537419974333,26.04620757951033,no_water_crossing,0.0,S2A_MSIL2A_20240309T043701_R033_T45RYJ_20240309T091652,0.0,no_water_crossing,0.0,S2B_MSIL2A_20241020T043729_R033_T45RYJ_20241020T070252,9.1
393,40911376,40911376,into_BD,9.4,0.351,1,4,27,Rangpur,88.17054116816277,26.04791668148106,confirmed,30.0,S2A_MSIL2A_20240228T043731_R033_T45RXJ_20240228T101956,0.0,confirmed,50.0,S2B_MSIL2A_20241020T043729_R033_T45RXJ_20241020T070252,7.4
394,40911636,40911636,out_of_BD,10.4,0.379,2,3,40,Rangpur,89.43324649134702,26.037413205903807,no_water_crossing,0.0,S2A_MSIL2A_20240309T043701_R033_T45RYJ_20240309T091652,0.0,confirmed,50.0,S2B_MSIL2A_20241020T043729_R033_T45RYJ_20241020T070252,9.1
395,40911873,41002771,out_of_BD,522.0,21.42,4,3,35,Rangpur,88.17291667683683,26.041888329447826,no_water_crossing,0.0,S2A_MSIL2A_20240228T043731_R033_T45RXJ_20240228T101956,0.0,confirmed,160.0,S2B_MSIL2A_20241020T043729_R033_T45RXJ_20241020T070252,7.4
396,40911873,41002771,into_BD,522.0,21.42,4,3,34,Rangpur,88.17424479127449,26.038255333234357,no_water_crossing,0.0,S2A_MSIL2A_20240228T043731_R033_T45RXJ_20240228T101956,0.0,confirmed,180.0,S2B_MSIL2A_20241020T043729_R033_T45RXJ_20241020T070252,7.4
397,40912124,40911636,into_BD,5.4,0.196,1,3,14,Rangpur,89.43140129587844,26.026932146015294,no_water_crossing,0.0,S2A_MSIL2A_20240309T043701_R033_T45RYJ_20240309T091652,0.0,no_water_crossing,0.0,S2B_MSIL2A_20241020T043729_R033_T45RYJ_20241020T070252,9.1
398,40912125,40912125,out_of_BD,16.2,0.583,1,3,19,Rangpur,89.80149118183878,26.03899387458834,no_water_crossing,0.0,S2A_MSIL2A_20240309T043701_R033_T45RYJ_20240309T091652,0.0,no_water_crossing,0.0,S2B_MSIL2A_20241020T043729_R033_T45RYJ_20241020T070252,9.1
399,40912125,40912125,into_BD,16.2,0.583,1,3,11,Rangpur,89.80383733119034,26.041340048125168,no_water_crossing,0.0,S2A_MSIL2A_20240309T043701_R033_T45RYJ_20240309T091652,0.0,no_water_crossing,0.0,S2B_MSIL2A_20241020T043729_R033_T45RYJ_20241020T070252,9.1
400,40912125,40912125,out_of_BD,16.2,0.583,1,3,8,Rangpur,89.80735672891626,26.044859251916,no_water_crossing,0.0,S2A_MSIL2A_20240309T043701_R033_T45RYJ_20240309T091652,0.0,no_water_crossing,0.0,S2B_MSIL2A_20241020T043729_R033_T45RYJ_20241020T070252,9.1
401,40912383,40918556,into_BD,136.7,5.102,3,4,0,Rangpur,89.5839311784962,26.024402286760143,no_water_crossing,0.0,S2A_MSIL2A_20240309T043701_R033_T45RYJ_20240309T091652,0.0,no_water_crossing,0.0,S2B_MSIL2A_20241020T043729_R033_T45RYJ_20241020T070252,9.1
402,40913090,40915400,into_BD,55.7,2.044,2,3,0,Rangpur,89.33289844218626,26.029602159577184,no_water_crossing,0.0,S2A_MSIL2A_20240309T043701_R033_T45RYJ_20240309T091652,0.0,no_water_crossing,0.0,S2B_MSIL2A_20241020T043729_R033_T45RYJ_20241020T070252,9.1
403,40913090,40915400,out_of_BD,55.7,2.044,2,3,0,Rangpur,89.33340014469145,26.029100350381615,no_water_crossing,0.0,S2A_MSIL2A_20240309T043701_R033_T45RYJ_20240309T091652,0.0,no_water_crossing,0.0,S2B_MSIL2A_20241020T043729_R033_T45RYJ_20241020T070252,9.1
404,40913090,40915400,into_BD,55.7,2.044,2,3,0,Rangpur,89.33541666795651,26.026420267814903,no_water_crossing,0.0,S2A_MSIL2A_20240309T043701_R033_T45RYJ_20240309T091652,0.0,no_water_crossing,0.0,S2B_MSIL2A_20241020T043729_R033_T45RYJ_20241020T070252,9.1
405,40913090,40915400,out_of_BD,55.7,2.044,2,3,0,Rangpur,89.3363292720038,26.02200410004351,no_water_crossing,0.0,S2A_MSIL2A_20240309T043701_R033_T45RYJ_20240309T091652,0.0,no_water_crossing,0.0,S2B_MSIL2A_20241020T043729_R033_T45RYJ_20241020T070252,9.1
406,40913090,40915400,into_BD,55.7,2.044,2,3,0,Rangpur,89.33699827783575,26.021335108797892,no_water_crossing,0.0,S2A_MSIL2A_20240309T043701_R033_T45RYJ_20240309T091652,0.0,no_water_crossing,0.0,S2B_MSIL2A_20241020T043729_R033_T45RYJ_20241020T070252,9.1
407,40913090,40915400,out_of_BD,55.7,2.044,2,3,2,Rangpur,89.33833626639283,26.019997114405,no_water_crossing,0.0,S2A_MSIL2A_20240309T043701_R033_T45RYJ_20240309T091652,0.0,no_water_crossing,0.0,S2B_MSIL2A_20241020T043729_R033_T45RYJ_20241020T070252,9.1
408,40913090,40915400,into_BD,55.7,2.044,2,3,0,Rangpur,89.34690129871943,26.01559891407474,no_water_crossing,0.0,S2A_MSIL2A_20240309T043701_R033_T45RYJ_20240309T091652,0.0,no_water_crossing,0.0,S2B_MSIL2A_20241020T043729_R033_T45RYJ_20241020T070252,9.1
409,40913090,40915400,out_of_BD,55.7,2.044,2,3,0,Rangpur,89.34773754079703,26.014762685012226,no_water_crossing,0.0,S2A_MSIL2A_20240309T043701_R033_T45RYJ_20240309T091652,0.0,no_water_crossing,0.0,S2B_MSIL2A_20241020T043729_R033_T45RYJ_20241020T070252,9.1
410,40913090,40915400,into_BD,55.7,2.044,2,3,0,Rangpur,89.35191857073976,26.01058144679657,no_water_crossing,0.0,S2A_MSIL2A_20240309T043701_R033_T45RYJ_20240309T091652,0.0,no_water_crossing,0.0,S2B_MSIL2A_20241020T043729_R033_T45RYJ_20241020T070252,9.1
411,40913090,40915400,out_of_BD,55.7,2.044,2,3,0,Rangpur,89.35483102398419,26.01041683907952,no_water_crossing,0.0,S2A_MSIL2A_20240309T043701_R033_T45RYJ_20240309T091652,0.0,no_water_crossing,0.0,S2B_MSIL2A_20241020T043729_R033_T45RYJ_20241020T070252,9.1
412,40913090,40915400,into_BD,55.7,2.044,2,3,0,Rangpur,89.37204355992058,26.010416727130604,no_water_crossing,0.0,S2A_MSIL2A_20240309T043701_R033_T45RYJ_20240309T091652,0.0,no_water_crossing,0.0,S2B_MSIL2A_20241020T043729_R033_T45RYJ_20241020T070252,9.1
413,40913091,40913091,into_BD,8.1,0.296,1,4,0,Rangpur,89.37291666884447,26.011885225565564,no_water_crossing,0.0,S2A_MSIL2A_20240309T043701_R033_T45RYJ_20240309T091652,0.0,no_water_crossing,0.0,S2B_MSIL2A_20241020T043729_R033_T45RYJ_20241020T070252,9.1
414,40913320,41002771,out_of_BD,725.5,29.47,4,3,31,Rangpur,88.18125000233374,26.03023705747062,no_water_crossing,0.0,S2A_MSIL2A_20240228T043731_R033_T45RXJ_20240228T101956,0.0,no_water_crossing,0.0,S2B_MSIL2A_20241020T043729_R033_T45RXJ_20241020T070252,7.4
415,40913320,41002771,into_BD,725.5,29.47,4,3,24,Rangpur,88.16731461074525,26.021481319425252,confirmed,40.0,S2A_MSIL2A_20240228T043731_R033_T45RXJ_20240228T101956,0.0,confirmed,120.0,S2B_MSIL2A_20241020T043729_R033_T45RXJ_20241020T070252,7.4
416,40913320,41002771,out_of_BD,725.5,29.47,4,3,39,Rangpur,88.16143275175877,26.018750102482223,confirmed,70.0,S2A_MSIL2A_20240228T043731_R033_T45RXJ_20240228T101956,0.0,confirmed,100.0,S2B_MSIL2A_20241020T043729_R033_T45RXJ_20241020T070252,7.4
417,40913320,41002771,into_BD,725.5,29.47,4,3,35,Rangpur,88.15066862058575,26.01733532894954,confirmed,100.0,S2A_MSIL2A_20240228T043731_R033_T45RXJ_20240228T101956,0.0,no_water_crossing,0.0,S2B_MSIL2A_20241020T043729_R033_T45RXJ_20241020T070252,7.4
418,40913320,41002771,out_of_BD,725.5,29.47,4,3,21,Rangpur,88.14791666737676,26.014465776391383,confirmed,90.0,S2A_MSIL2A_20240228T043731_R033_T45RXJ_20240228T101956,0.0,no_water_crossing,0.0,S2B_MSIL2A_20241020T043729_R033_T45RXJ_20241020T070252,7.4
419,40913320,41002771,into_BD,725.5,29.47,4,3,21,Rangpur,88.14791667214503,26.013565417625504,confirmed,90.0,S2A_MSIL2A_20240228T043731_R033_T45RXJ_20240228T101956,0.0,no_water_crossing,0.0,S2B_MSIL2A_20241020T043729_R033_T45RXJ_20241020T070252,7.4
420,40913327,40913327,out_of_BD,18.5,0.657,2,3,10,Rangpur,89.81481934069102,26.018986404693035,no_water_crossing,0.0,S2A_MSIL2A_20240309T043701_R033_T45RYJ_20240309T091652,0.0,no_water_crossing,0.0,S2B_MSIL2A_20241020T043729_R033_T45RYJ_20241020T070252,9.1
421,40913536,40913536,out_of_BD,13.7,0.495,1,3,19,Rangpur,89.44925265059626,26.00758602569281,no_water_crossing,0.0,S2A_MSIL2A_20240309T043701_R033_T45RYJ_20240309T091652,0.0,no_water_crossing,0.0,S2B_MSIL2A_20241020T043729_R033_T45RYJ_20241020T070252,9.1
422,40913761,40926634,into_BD,11150.7,222.281,5,2,36,Rangpur,89.83125000571096,26.011163786039624,no_water_crossing,0.0,S2A_MSIL2A_20240309T043701_R033_T45RYJ_20240309T091652,0.0,no_water_crossing,0.0,S2B_MSIL2A_20241020T043729_R033_T45RYJ_20241020T070252,9.1
423,40913762,40913762,into_BD,5.2,0.185,1,3,11,Rangpur,89.84709066004243,26.001257357458872,no_water_crossing,0.0,S2A_MSIL2A_20240309T043701_R033_T45RYJ_20240309T091652,0.0,no_water_crossing,0.0,S2B_MSIL2A_20241020T043729_R033_T45RYJ_20241020T070252,9.1
424,40914006,40916357,into_BD,7.3,0.266,1,3,0,Rangpur,89.50208334239333,26.00260384440748,no_water_crossing,0.0,S2A_MSIL2A_20240309T043701_R033_T45RYJ_20240309T091652,0.0,no_water_crossing,0.0,S2B_MSIL2A_20241020T043729_R033_T45RYJ_20241020T070252,9.1
425,40914244,40915400,out_of_BD,74.6,2.732,2,3,1,Rangpur,89.37528777728537,26.01041678426609,no_water_crossing,0.0,S2A_MSIL2A_20240309T043701_R033_T45RYJ_20240309T091652,0.0,no_water_crossing,0.0,S2B_MSIL2A_20241020T043729_R033_T45RYJ_20241020T070252,9.1
426,40914244,40915400,into_BD,74.6,2.732,2,3,0,Rangpur,89.37853246315413,26.010416881974812,no_water_crossing,0.0,S2A_MSIL2A_20240309T043701_R033_T45RYJ_20240309T091652,0.0,no_water_crossing,0.0,S2B_MSIL2A_20241020T043729_R033_T45RYJ_20241020T070252,9.1
427,40914244,40915400,out_of_BD,74.6,2.732,2,3,0,Rangpur,89.37928123815723,26.010416894148793,no_water_crossing,0.0,S2A_MSIL2A_20240309T043701_R033_T45RYJ_20240309T091652,0.0,no_water_crossing,0.0,S2B_MSIL2A_20241020T043729_R033_T45RYJ_20241020T070252,9.1
428,40914244,40915400,into_BD,74.6,2.732,2,3,6,Rangpur,89.37978042177187,26.010416900103504,no_water_crossing,0.0,S2A_MSIL2A_20240309T043701_R033_T45RYJ_20240309T091652,0.0,no_water_crossing,0.0,S2B_MSIL2A_20241020T043729_R033_T45RYJ_20241020T070252,9.1
429,40914244,40915400,out_of_BD,74.6,2.732,2,3,0,Rangpur,89.38776738994754,26.01041676022882,no_water_crossing,0.0,S2A_MSIL2A_20240309T043701_R033_T45RYJ_20240309T091652,0.0,no_water_crossing,0.0,S2B_MSIL2A_20241020T043729_R033_T45RYJ_20241020T070252,9.1
430,40914244,40915400,into_BD,74.6,2.732,2,3,0,Rangpur,89.3910432857296,26.008956765701345,no_water_crossing,0.0,S2A_MSIL2A_20240309T043701_R033_T45RYJ_20240309T091652,0.0,no_water_crossing,0.0,S2B_MSIL2A_20241020T043729_R033_T45RYJ_20241020T070252,9.1
431,40914713,41002771,out_of_BD,737.7,30.017,4,3,47,Rangpur,88.14098990598798,25.99791668016625,confirmed,60.0,S2A_MSIL2A_20240228T043731_R033_T45RXJ_20240228T101956,0.0,confirmed,90.0,S2B_MSIL2A_20241020T043729_R033_T45RXJ_20241020T070252,7.4
432,40914713,41002771,into_BD,737.7,30.017,4,3,59,Rangpur,88.13935650684408,25.99768984973703,confirmed,50.0,S2A_MSIL2A_20240228T043731_R033_T45RXJ_20240228T101956,0.0,confirmed,40.0,S2B_MSIL2A_20241020T043729_R033_T45RXJ_20241020T070252,7.4
433,40914732,40926634,out_of_BD,11161.3,222.655,5,2,52,Rangpur,89.83639788618743,25.986398068763805,confirmed,820.0,S2A_MSIL2A_20240309T043701_R033_T45RYJ_20240309T091652,0.0,confirmed,1100.0,S2B_MSIL2A_20241020T043729_R033_T45RYJ_20241020T070252,9.1
434,40914732,40926634,into_BD,11161.3,222.655,5,2,63,Rangpur,89.83319095401858,25.983191092154406,confirmed,520.0,S2A_MSIL2A_20240309T043701_R033_T45RYJ_20240309T091652,0.0,confirmed,780.0,S2B_MSIL2A_20241020T043729_R033_T45RYJ_20241020T070252,9.1
435,40915182,40930737,into_BD,5236.2,221.423,5,2,9,Rangpur,89.47708339642351,25.99722222883431,no_water_crossing,0.0,S2A_MSIL2A_20240309T043701_R033_T45RYJ_20240309T091652,0.0,no_water_crossing,0.0,S2B_MSIL2A_20241020T043729_R033_T45RYJ_20241020T070252,9.1
436,40915182,40930737,out_of_BD,5236.2,221.423,5,2,22,Rangpur,89.4770834464526,25.986595619089584,confirmed,300.0,S2A_MSIL2A_20240309T043701_R033_T45RYJ_20240309T091652,0.0,confirmed,340.0,S2B_MSIL2A_20241020T043729_R033_T45RYJ_20241020T070252,9.1
437,40915182,40930737,into_BD,5236.2,221.423,5,2,24,Rangpur,89.477083435969,25.982978046931127,confirmed,410.0,S2A_MSIL2A_20240309T043701_R033_T45RYJ_20240309T091652,0.0,confirmed,680.0,S2B_MSIL2A_20241020T043729_R033_T45RYJ_20241020T070252,9.1
438,40915631,40915631,out_of_BD,7.1,0.248,1,4,57,Rangpur,89.85644886449244,25.968551145654946,no_water_crossing,0.0,S2A_MSIL2A_20240309T043701_R033_T45RYJ_20240309T091652,0.0,nodata,,,
439,40916134,40916134,into_BD,227.8,8.759,3,4,4,Rangpur,88.11498193933184,25.960018500495668,no_water_crossing,0.0,S2A_MSIL2A_20240228T043731_R033_T45RXJ_20240228T101956,0.0,no_water_crossing,0.0,S2B_MSIL2A_20241020T043729_R033_T45RXJ_20241020T070252,7.4
440,40916135,41002771,out_of_BD,749.1,30.527,4,3,45,Rangpur,88.12798387168142,25.977983903113152,no_water_crossing,0.0,S2A_MSIL2A_20240228T043731_R033_T45RXJ_20240228T101956,0.0,no_water_crossing,0.0,S2B_MSIL2A_20241020T043729_R033_T45RXJ_20241020T070252,7.4
441,40916135,41002771,into_BD,749.1,30.527,4,3,23,Rangpur,88.1270833378757,25.976265311227458,no_water_crossing,0.0,S2A_MSIL2A_20240228T043731_R033_T45RXJ_20240228T101956,0.0,no_water_crossing,0.0,S2B_MSIL2A_20241020T043729_R033_T45RXJ_20241020T070252,7.4
442,40916358,40916358,into_BD,15.4,0.55,1,4,0,Rangpur,89.53901042346448,25.977083348739765,no_water_crossing,0.0,S2A_MSIL2A_20240309T043701_R033_T45RYJ_20240309T091652,0.0,no_water_crossing,0.0,S2B_MSIL2A_20241020T043729_R033_T45RYJ_20241020T070252,9.1
443,40916360,40926634,out_of_BD,11176.2,223.171,5,2,60,Rangpur,89.83957323707102,25.96866067476721,confirmed,260.0,S2A_MSIL2A_20240309T043701_R033_T45RYJ_20240309T091652,0.0,confirmed,830.0,S2B_MSIL2A_20241020T043729_R033_T45RYJ_20241020T070252,9.1
444,40916360,40926634,into_BD,11176.2,223.171,5,2,39,Rangpur,89.83958334075182,25.965951370904943,confirmed,190.0,S2A_MSIL2A_20240309T043701_R033_T45RYJ_20240309T091652,0.0,confirmed,540.0,S2B_MSIL2A_20241020T043729_R033_T45RYJ_20241020T070252,9.1
445,40916360,40926634,out_of_BD,11176.2,223.171,5,2,9,Rangpur,89.82990682120024,25.95490686336173,no_water_crossing,0.0,S2A_MSIL2A_20240309T043701_R033_T45RYJ_20240309T091652,0.0,no_water_crossing,0.0,S2B_MSIL2A_20241020T043729_R033_T45RYJ_20241020T070252,9.1
446,40916360,40926634,into_BD,11176.2,223.171,5,2,11,Rangpur,89.82604237037684,25.95208334459504,no_water_crossing,0.0,S2A_MSIL2A_20240309T043701_R033_T45RYJ_20240309T091652,0.0,no_water_crossing,0.0,S2B_MSIL2A_20241020T043729_R033_T45RYJ_20241020T070252,9.1
447,40916603,40916857,out_of_BD,9.3,0.328,1,3,7,Rangpur,89.56306583483398,25.971399273629867,no_water_crossing,0.0,S2A_MSIL2A_20240309T043701_R033_T45RYJ_20240309T091652,0.0,no_water_crossing,0.0,S2B_MSIL2A_20241020T043729_R033_T45RYJ_20241020T070252,9.1
448,40916603,40916857,into_BD,9.3,0.328,1,3,0,Rangpur,89.56222846324766,25.97056188548024,no_water_crossing,0.0,S2A_MSIL2A_20240309T043701_R033_T45RYJ_20240309T091652,0.0,no_water_crossing,0.0,S2B_MSIL2A_20241020T043729_R033_T45RYJ_20241020T070252,9.1
449,40916603,40916857,out_of_BD,9.3,0.328,1,3,0,Rangpur,89.55954893319061,25.969617770544115,no_water_crossing,0.0,S2A_MSIL2A_20240309T043701_R033_T45RYJ_20240309T091652,0.0,no_water_crossing,0.0,S2B_MSIL2A_20241020T043729_R033_T45RYJ_20241020T070252,9.1
450,40916603,40916857,into_BD,9.3,0.328,1,3,0,Rangpur,89.54375000125619,25.968059978899436,no_water_crossing,0.0,S2A_MSIL2A_20240309T043701_R033_T45RYJ_20240309T091652,0.0,no_water_crossing,0.0,S2B_MSIL2A_20241020T043729_R033_T45RYJ_20241020T070252,9.1
451,40917078,40917326,into_BD,18.3,0.626,1,4,52,Rangpur,89.87953069784119,25.94619749101701,confirmed,90.0,S2A_MSIL2A_20240309T043701_R033_T45RYJ_20240309T091652,0.0,confirmed,210.0,S2A_MSIL2A_20241022T042831_R133_T45RYJ_20241022T081405,0.3
452,40917325,40919271,into_BD,139.5,4.955,3,3,37,Rangpur,89.85625000108469,25.94310287554731,confirmed,60.0,S2A_MSIL2A_20240309T043701_R033_T45RYJ_20240309T091652,0.0,confirmed,80.0,S2A_MSIL2A_20241022T042831_R133_T45RYJ_20241022T081405,0.3
453,40917574,41002771,out_of_BD,984.8,39.698,4,3,35,Rangpur,88.11875000985476,25.954095022182926,confirmed,80.0,S2A_MSIL2A_20240228T043731_R033_T45RXJ_20240228T101956,0.0,confirmed,160.0,S2B_MSIL2A_20241020T043729_R033_T45RXJ_20241020T070252,7.4
454,40917574,41002771,into_BD,984.8,39.698,4,3,9,Rangpur,88.11475147096908,25.94391814480724,no_water_crossing,0.0,S2A_MSIL2A_20240228T043731_R033_T45RXJ_20240228T101956,0.0,no_water_crossing,0.0,S2B_MSIL2A_20241020T043729_R033_T45RXJ_20241020T070252,7.4
455,40919526,41002771,out_of_BD,1107.6,44.432,4,3,2,Rangpur,88.08958335389997,25.913284202907487,confirmed,50.0,S2A_MSIL2A_20240228T043731_R033_T45RXJ_20240228T101956,0.0,no_water_crossing,0.0,S2B_MSIL2A_20241020T043729_R033_T45RXJ_20241020T070252,7.4
456,40919526,41002771,into_BD,1107.6,44.432,4,3,57,Rangpur,88.0931494127684,25.90685061582052,confirmed,30.0,S2A_MSIL2A_20240228T043731_R033_T45RXJ_20240228T101956,0.0,no_water_crossing,0.0,S2B_MSIL2A_20241020T043729_R033_T45RXJ_20241020T070252,7.4
457,40919754,40919754,into_BD,5.0,0.172,1,4,4,Rangpur,88.08987956525553,25.89791667064288,no_water_crossing,0.0,S2A_MSIL2A_20240228T043731_R033_T45RXJ_20240228T101956,0.0,no_water_crossing,0.0,S2B_MSIL2A_20241020T043729_R033_T45RXJ_20241020T070252,7.4
458,40921906,41002771,out_of_BD,1128.2,45.387,4,3,26,Rangpur,88.09801407028873,25.893652827853938,confirmed,30.0,S2A_MSIL2A_20240228T043731_R033_T45RXJ_20240228T101956,0.0,no_water_crossing,0.0,S2B_MSIL2A_20241020T043729_R033_T45RXJ_20241020T070252,7.4
459,40921906,41002771,into_BD,1128.2,45.387,4,3,61,Rangpur,88.102083357852,25.88785551660108,confirmed,50.0,S2A_MSIL2A_20240228T043731_R033_T45RXJ_20240228T101956,0.0,no_water_crossing,0.0,S2B_MSIL2A_20241020T043729_R033_T45RXJ_20241020T070252,7.4
460,40921906,41002771,out_of_BD,1128.2,45.387,4,3,0,Rangpur,88.10208336372187,25.870945389733468,no_water_crossing,0.0,S2A_MSIL2A_20240228T043731_R033_T45RXJ_20240228T101956,0.0,no_water_crossing,0.0,S2B_MSIL2A_20241020T043729_R033_T45RXJ_20241020T070252,7.4
461,40921906,41002771,into_BD,1128.2,45.387,4,3,1,Rangpur,88.10262894494431,25.86820447528869,confirmed,40.0,S2A_MSIL2A_20240228T043731_R033_T45RXJ_20240228T101956,0.0,no_water_crossing,0.0,S2B_MSIL2A_20241020T043729_R033_T45RXJ_20241020T070252,7.4
462,40921906,41002771,out_of_BD,1128.2,45.387,4,3,2,Rangpur,88.1058058753803,25.86502789327547,confirmed,40.0,S2A_MSIL2A_20240228T043731_R033_T45RXJ_20240228T101956,0.0,no_water_crossing,0.0,S2B_MSIL2A_20241020T043729_R033_T45RXJ_20241020T070252,7.4
463,40921906,41002771,into_BD,1128.2,45.387,4,3,55,Rangpur,88.11032016211671,25.86051363904266,confirmed,290.0,S2A_MSIL2A_20240228T043731_R033_T45RXJ_20240228T101956,0.0,no_water_crossing,0.0,S2B_MSIL2A_20241020T043729_R033_T45RXJ_20241020T070252,7.4
464,40923557,41002771,out_of_BD,1268.3,50.637,4,3,41,Rangpur,88.10780272712563,25.83958357367324,confirmed,80.0,S2A_MSIL2A_20240228T043731_R033_T45RXJ_20240228T101956,0.0,no_water_crossing,0.0,S2B_MSIL2A_20241020T043729_R033_T45RXJ_20241020T070252,7.4
465,40925191,41067217,into_BD,469117.2,20365.5,8,1,77,Rangpur,89.8293333350169,25.802083348198412,confirmed,480.0,S2A_MSIL2A_20240309T043701_R033_T45RYJ_20240309T091652,0.0,confirmed,530.0,S2A_MSIL2A_20241022T042831_R133_T45RYJ_20241022T081405,0.3
466,40926363,40929738,out_of_BD,41.5,1.401,2,4,2,Rangpur,88.14791666780188,25.78166102649731,no_water_crossing,0.0,S2A_MSIL2A_20240228T043731_R033_T45RXJ_20240228T101956,0.0,no_water_crossing,0.0,S2B_MSIL2A_20241020T043729_R033_T45RXJ_20241020T070252,7.4
467,40926364,40926364,into_BD,6.8,0.231,1,6,0,Rangpur,88.26640641576338,25.78359374135606,no_water_crossing,0.0,S2A_MSIL2A_20240228T043731_R033_T45RXJ_20240228T101956,0.0,no_water_crossing,0.0,S2B_MSIL2A_20241020T043729_R033_T45RXJ_20241020T070252,7.4
468,40926364,40926364,out_of_BD,6.8,0.231,1,6,0,Rangpur,88.26925723961659,25.78074298680217,no_water_crossing,0.0,S2A_MSIL2A_20240228T043731_R033_T45RXJ_20240228T101956,0.0,no_water_crossing,0.0,S2B_MSIL2A_20241020T043729_R033_T45RXJ_20241020T070252,7.4
469,40926364,40926364,into_BD,6.8,0.231,1,6,0,Rangpur,88.27520948477817,25.777083348178405,no_water_crossing,0.0,S2A_MSIL2A_20240228T043731_R033_T45RXJ_20240228T101956,0.0,no_water_crossing,0.0,S2B_MSIL2A_20241020T043729_R033_T45RXJ_20241020T070252,7.4
470,40926853,40926853,into_BD,5.2,0.173,1,5,0,Rangpur,88.14874089317796,25.776259188944568,no_water_crossing,0.0,S2A_MSIL2A_20240228T043731_R033_T45RXJ_20240228T101956,0.0,no_water_crossing,0.0,S2B_MSIL2A_20241020T043729_R033_T45RXJ_20241020T070252,7.4
471,40926853,40926853,out_of_BD,5.2,0.173,1,5,0,Rangpur,88.14638458204763,25.777083347284385,no_water_crossing,0.0,S2A_MSIL2A_20240228T043731_R033_T45RXJ_20240228T101956,0.0,no_water_crossing,0.0,S2B_MSIL2A_20241020T043729_R033_T45RXJ_20241020T070252,7.4
472,40927882,40928584,out_of_BD,107.6,3.78,2,5,0,Rangpur,88.27708333642114,25.775167272131903,no_water_crossing,0.0,S2A_MSIL2A_20240228T043731_R033_T45RXJ_20240228T101956,0.0,no_water_crossing,0.0,S2B_MSIL2A_20241020T043729_R033_T45RXJ_20241020T070252,7.4
473,40928107,40928107,out_of_BD,15.1,0.508,1,6,0,Rangpur,88.29862659902832,25.764583356465945,no_water_crossing,0.0,S2A_MSIL2A_20240228T043731_R033_T45RXJ_20240228T101956,0.0,no_water_crossing,0.0,S2B_MSIL2A_20241020T043729_R033_T45RXJ_20241020T070252,7.4
474,40928583,40937199,out_of_BD,413.3,15.437,3,4,10,Rangpur,88.23958335241161,25.80894599621221,no_water_crossing,0.0,S2A_MSIL2A_20240228T043731_R033_T45RXJ_20240228T101956,0.0,no_water_crossing,0.0,S2B_MSIL2A_20241020T043729_R033_T45RXJ_20241020T070252,7.4
475,40928583,40937199,into_BD,413.3,15.437,3,4,3,Rangpur,88.23172381844273,25.798390524687825,no_water_crossing,0.0,S2A_MSIL2A_20240228T043731_R033_T45RXJ_20240228T101956,0.0,no_water_crossing,0.0,S2B_MSIL2A_20241020T043729_R033_T45RXJ_20241020T070252,7.4
476,40928583,40937199,out_of_BD,413.3,15.437,3,4,0,Rangpur,88.22722570054334,25.79791666864726,no_water_crossing,0.0,S2A_MSIL2A_20240228T043731_R033_T45RXJ_20240228T101956,0.0,no_water_crossing,0.0,S2B_MSIL2A_20241020T043729_R033_T45RXJ_20241020T070252,7.4
477,40929253,40958077,out_of_BD,28.4,0.971,2,4,0,Rangpur,88.34322879440195,25.730728814582395,no_water_crossing,0.0,S2A_MSIL2A_20240228T043731_R033_T45RXJ_20240228T101956,0.0,no_water_crossing,0.0,S2B_MSIL2A_20241020T043729_R033_T45RXJ_20241020T070252,7.4
478,40929749,40933574,into_BD,472.5,16.532,3,2,57,Rangpur,89.83138476244002,25.72291684188469,confirmed,380.0,S2A_MSIL2A_20240309T043701_R033_T45RYJ_20240309T091652,0.0,confirmed,420.0,S2A_MSIL2A_20241022T042831_R133_T45RYJ_20241022T081405,0.3
479,40932677,40932677,into_BD,7.0,0.234,1,5,0,Rangpur,88.40227129451611,25.67689539227913,no_water_crossing,0.0,S2A_MSIL2A_20240228T043731_R033_T45RXJ_20240228T101956,0.0,no_water_crossing,0.0,S2B_MSIL2A_20241020T043729_R033_T45RXJ_20241020T070252,7.4
480,40932677,40932677,out_of_BD,7.0,0.234,1,5,0,Rangpur,88.40714089014064,25.67202599434334,no_water_crossing,0.0,S2A_MSIL2A_20240228T043731_R033_T45RXJ_20240228T101956,0.0,no_water_crossing,0.0,S2B_MSIL2A_20241020T043729_R033_T45RXJ_20241020T070252,7.4
481,40932677,40932677,into_BD,7.0,0.234,1,5,0,Rangpur,88.41704051035242,25.668750134044306,no_water_crossing,0.0,S2A_MSIL2A_20240228T043731_R033_T45RXJ_20240228T101956,0.0,no_water_crossing,0.0,S2B_MSIL2A_20241020T043729_R033_T45RXJ_20241020T070252,7.4
482,40932677,40932677,out_of_BD,7.0,0.234,1,5,0,Rangpur,88.41954099758824,25.668750106073052,no_water_crossing,0.0,S2A_MSIL2A_20240228T043731_R033_T45RXJ_20240228T101956,0.0,no_water_crossing,0.0,S2B_MSIL2A_20241020T043729_R033_T45RXJ_20241020T070252,7.4
483,40932678,40974760,out_of_BD,774.8,30.109,4,4,0,Rangpur,88.42291666966021,25.670672232206307,no_water_crossing,0.0,S2A_MSIL2A_20240228T043731_R033_T45RXJ_20240228T101956,0.0,no_water_crossing,0.0,S2B_MSIL2A_20241020T043729_R033_T45RXJ_20241020T070252,7.4
484,40933806,40944461,into_BD,49.1,1.625,2,3,0,Rangpur,89.8529951191731,25.685416868865556,no_water_crossing,0.0,S2A_MSIL2A_20240309T043701_R033_T45RYJ_20240309T091652,0.0,no_water_crossing,0.0,S2A_MSIL2A_20241022T042831_R133_T45RYJ_20241022T081405,0.3
485,40934043,40934043,out_of_BD,8.1,0.273,1,5,0,Rangpur,88.45404221380281,25.64791666928993,no_water_crossing,0.0,S2A_MSIL2A_20240228T043731_R033_T45RXJ_20240228T101956,0.0,no_water_crossing,0.0,S2B_MSIL2A_20241020T043729_R033_T45RXJ_20241020T070252,7.4
486,40934598,40938327,into_BD,53.0,1.804,2,3,4,Rangpur,89.87936063571686,25.637694016288656,no_water_crossing,0.0,S2A_MSIL2A_20240309T043701_R033_T45RYJ_20240309T091652,0.0,no_water_crossing,0.0,S2A_MSIL2A_20241022T042831_R133_T45RYJ_20241022T081405,0.3
487,40934823,40934823,into_BD,10.4,0.356,1,4,0,Rangpur,89.88139397441813,25.631250001986405,no_water_crossing,0.0,S2A_MSIL2A_20240309T043701_R033_T45RYJ_20240309T091652,0.0,no_water_crossing,0.0,S2A_MSIL2A_20241022T042831_R133_T45RYJ_20241022T081405,0.3
488,40936274,40936274,into_BD,16.5,0.565,1,4,5,Rangpur,89.88217757272443,25.617822465405418,no_water_crossing,0.0,S2A_MSIL2A_20240309T043701_R033_T45RYJ_20240309T091652,0.0,no_water_crossing,0.0,S2A_MSIL2A_20241022T042831_R133_T45RYJ_20241022T081405,0.3
489,40937416,40937416,out_of_BD,8.7,0.293,1,6,0,Rangpur,88.48591156388495,25.585911583128873,no_water_crossing,0.0,S2A_MSIL2A_20240228T043731_R033_T45RXJ_20240228T101956,0.0,no_water_crossing,0.0,S2B_MSIL2A_20241020T043729_R033_T45RXJ_20241020T070252,7.4
490,40937416,40937416,into_BD,8.7,0.293,1,6,0,Rangpur,88.48366842552218,25.58541670621544,no_water_crossing,0.0,S2A_MSIL2A_20240228T043731_R033_T45RXJ_20240228T101956,0.0,no_water_crossing,0.0,S2B_MSIL2A_20241020T043729_R033_T45RXJ_20241020T070252,7.4
491,40938327,40938327,out_of_BD,118.6,4.028,2,3,2,Rangpur,89.87518158797208,25.58315179996843,no_water_crossing,0.0,S2A_MSIL2A_20240309T043701_R033_T45RYJ_20240309T091652,0.0,no_water_crossing,0.0,S2A_MSIL2A_20241022T042831_R133_T45RYJ_20241022T081405,0.3
492,40938860,40938860,out_of_BD,3.7,0.125,1,3,2,Rangpur,89.86865113441965,25.56455864233562,no_water_crossing,0.0,S2A_MSIL2A_20240309T043701_R033_T45RYJ_20240309T091652,0.0,no_water_crossing,0.0,S2A_MSIL2A_20241022T042831_R133_T45RYJ_20241022T081405,0.3
493,40939584,40946426,out_of_BD,258.1,9.216,3,5,0,Rangpur,88.47708333396902,25.585303816837367,no_water_crossing,0.0,S2A_MSIL2A_20240228T043731_R033_T45RXJ_20240228T101956,0.0,no_water_crossing,0.0,S2B_MSIL2A_20241020T043729_R033_T45RXJ_20241020T070252,7.4
494,40939585,40939585,out_of_BD,5.6,0.188,1,6,0,Rangpur,88.50057977067381,25.550580047786408,no_water_crossing,0.0,S2A_MSIL2A_20240228T043731_R033_T45RXJ_20240228T101956,0.0,no_water_crossing,0.0,S2B_MSIL2A_20241020T043729_R033_T45RXJ_20241020T070252,7.4
495,40939592,40946433,into_BD,779.5,31.376,4,2,1,Rangpur,89.86681220296461,25.558478916872573,no_water_crossing,0.0,S2A_MSIL2A_20240309T043701_R033_T45RYJ_20240309T091652,0.0,no_water_crossing,0.0,S2A_MSIL2A_20241022T042831_R133_T45RYJ_20241022T081405,0.3
496,40941009,40941009,out_of_BD,4.6,0.155,1,6,9,Rangpur,88.53676995978071,25.53406387316394,no_water_crossing,0.0,S2A_MSIL2A_20240228T043731_R033_T45RXJ_20240228T101956,0.0,no_water_crossing,0.0,S2B_MSIL2A_20241020T043729_R033_T45RXJ_20241020T070252,7.4
497,40941009,40941009,into_BD,4.6,0.155,1,6,1,Rangpur,88.5399549474905,25.53087907341048,no_water_crossing,0.0,S2A_MSIL2A_20240228T043731_R033_T45RXJ_20240228T101956,0.0,no_water_crossing,0.0,S2B_MSIL2A_20241020T043729_R033_T45RXJ_20241020T070252,7.4
498,40941509,40942013,out_of_BD,27.1,0.951,2,3,0,Rangpur,88.76875000241655,25.521589876236774,no_water_crossing,0.0,S2A_MSIL2A_20240228T043731_R033_T45RXJ_20240228T101956,0.0,no_water_crossing,0.0,S2B_MSIL2A_20241020T043729_R033_T45RXJ_20241020T070252,7.4
499,40941765,40941510,out_of_BD,11.6,0.4,1,4,0,Rangpur,88.8102392578625,25.510594192301244,no_water_crossing,0.0,S2A_MSIL2A_20240228T043731_R033_T45RXJ_20240228T101956,0.0,no_water_crossing,0.0,S2B_MSIL2A_20241020T043729_R033_T45RXJ_20241020T070252,7.4
500,40941765,40941510,into_BD,11.6,0.4,1,4,0,Rangpur,88.78514254418198,25.518750114809713,no_water_crossing,0.0,S2A_MSIL2A_20240228T043731_R033_T45RXJ_20240228T101956,0.0,no_water_crossing,0.0,S2B_MSIL2A_20241020T043729_R033_T45RXJ_20241020T070252,7.4
501,40941765,40941510,out_of_BD,11.6,0.4,1,4,0,Rangpur,88.77884169085446,25.5163417358782,no_water_crossing,0.0,S2A_MSIL2A_20240228T043731_R033_T45RXJ_20240228T101956,0.0,no_water_crossing,0.0,S2B_MSIL2A_20241020T043729_R033_T45RXJ_20241020T070252,7.4
502,40942012,41030560,out_of_BD,2525.4,123.816,4,2,53,Rangpur,88.76041676264224,25.525548120532804,confirmed,220.0,S2A_MSIL2A_20240228T043731_R033_T45RXJ_20240228T101956,0.0,confirmed,40.0,S2B_MSIL2A_20241020T043729_R033_T45RXJ_20241020T070252,7.4
503,40942012,41030560,into_BD,2525.4,123.816,4,2,64,Rangpur,88.7604167667084,25.522145171358755,confirmed,190.0,S2A_MSIL2A_20240228T043731_R033_T45RXJ_20240228T101956,0.0,confirmed,50.0,S2B_MSIL2A_20241020T043729_R033_T45RXJ_20241020T070252,7.4
504,40942012,41030560,out_of_BD,2525.4,123.816,4,2,64,Rangpur,88.76041670761921,25.51329749815288,no_water_crossing,0.0,S2A_MSIL2A_20240228T043731_R033_T45RXJ_20240228T101956,0.0,no_water_crossing,0.0,S2B_MSIL2A_20241020T043729_R033_T45RXJ_20241020T070252,7.4
505,40942012,41030560,into_BD,2525.4,123.816,4,2,67,Rangpur,88.76197935629224,25.50885402980473,no_water_crossing,0.0,S2A_MSIL2A_20240228T043731_R033_T45RXJ_20240228T101956,0.0,no_water_crossing,0.0,S2B_MSIL2A_20241020T043729_R033_T45RXJ_20241020T070252,7.4
506,40942013,40942013,into_BD,44.5,1.555,3,3,36,Rangpur,88.76517853362701,25.5068452492342,confirmed,190.0,S2A_MSIL2A_20240228T043731_R033_T45RXJ_20240228T101956,0.0,confirmed,100.0,S2B_MSIL2A_20241020T043729_R033_T45RXJ_20241020T070252,7.4
507,40942023,40942023,into_BD,90.9,3.495,3,3,0,Rangpur,89.86613296767578,25.546367083677747,no_water_crossing,0.0,S2A_MSIL2A_20240309T043701_R033_T45RYJ_20240309T091652,0.0,no_water_crossing,0.0,S2A_MSIL2A_20241022T042831_R133_T45RYJ_20241022T081405,0.3
508,40942242,40942242,into_BD,107.8,4.07,2,3,16,Rangpur,89.85907800736675,25.51041695518748,no_water_crossing,0.0,S2A_MSIL2A_20240309T043701_R033_T45RYJ_20240309T091652,0.0,confirmed,50.0,S2A_MSIL2A_20241022T042831_R133_T45RYJ_20241022T081405,0.3
509,40942759,40942759,into_BD,4.8,0.168,1,3,15,Rangpur,89.84951506802985,25.493750157883564,no_water_crossing,0.0,S2A_MSIL2A_20240309T043701_R033_T45RYJ_20240309T091652,0.0,no_water_crossing,0.0,S2A_MSIL2A_20241022T042831_R133_T45RYJ_20241022T081405,0.3
510,40943007,40943007,into_BD,27.3,0.921,2,3,73,Rangpur,88.76458333469738,25.49434499950338,confirmed,490.0,S2A_MSIL2A_20240228T043731_R033_T45RXJ_20240228T101956,0.0,no_water_crossing,0.0,S2B_MSIL2A_20241020T043729_R033_T45RXJ_20241020T070252,7.4
511,40943255,40943493,out_of_BD,181.9,6.538,3,5,2,Rangpur,88.54791671730008,25.5182875123054,no_water_crossing,0.0,S2A_MSIL2A_20240228T043731_R033_T45RXJ_20240228T101956,0.0,no_water_crossing,0.0,S2B_MSIL2A_20241020T043729_R033_T45RXJ_20241020T070252,7.4
512,40943255,40943493,into_BD,181.9,6.538,3,5,2,Rangpur,88.5479167315007,25.51602938748879,no_water_crossing,0.0,S2A_MSIL2A_20240228T043731_R033_T45RXJ_20240228T101956,0.0,no_water_crossing,0.0,S2B_MSIL2A_20241020T043729_R033_T45RXJ_20241020T070252,7.4
513,40943255,40943493,out_of_BD,181.9,6.538,3,5,5,Rangpur,88.54791673990276,25.512416386775666,no_water_crossing,0.0,S2A_MSIL2A_20240228T043731_R033_T45RXJ_20240228T101956,0.0,no_water_crossing,0.0,S2B_MSIL2A_20241020T043729_R033_T45RXJ_20241020T070252,7.4
514,40943256,40982115,out_of_BD,866.1,35.912,4,4,29,Rangpur,88.57532277491832,25.50865652023964,confirmed,60.0,S2A_MSIL2A_20240228T043731_R033_T45RXJ_20240228T101956,0.0,confirmed,160.0,S2B_MSIL2A_20241020T043729_R033_T45RXJ_20241020T070252,7.4
515,40943257,40943257,out_of_BD,16.7,0.569,1,3,0,Rangpur,88.73292877933237,25.504571725316417,no_water_crossing,0.0,S2A_MSIL2A_20240228T043731_R033_T45RXJ_20240228T101956,0.0,no_water_crossing,0.0,S2B_MSIL2A_20241020T043729_R033_T45RXJ_20241020T070252,7.4
516,40943257,40943257,into_BD,16.7,0.569,1,3,0,Rangpur,88.74089236333883,25.49244101849295,confirmed,310.0,S2A_MSIL2A_20240228T043731_R033_T45RXJ_20240228T101956,0.0,no_water_crossing,0.0,S2B_MSIL2A_20241020T043729_R033_T45RXJ_20241020T070252,7.4
517,40943257,40943257,out_of_BD,16.7,0.569,1,3,76,Rangpur,88.74375000244424,25.488242669410216,confirmed,540.0,S2A_MSIL2A_20240228T043731_R033_T45RXJ_20240228T101956,0.0,no_water_crossing,0.0,S2B_MSIL2A_20241020T043729_R033_T45RXJ_20241020T070252,7.4
518,40943258,41030560,out_of_BD,2602.7,126.756,4,2,72,Rangpur,88.7522404473826,25.493907475343985,confirmed,440.0,S2A_MSIL2A_20240228T043731_R033_T45RXJ_20240228T101956,0.0,confirmed,220.0,S2B_MSIL2A_20241020T043729_R033_T45RXJ_20241020T070252,7.4
519,40943739,40943987,out_of_BD,98.6,3.386,2,5,0,Rangpur,88.64614444071294,25.481250014529735,no_water_crossing,0.0,S2A_MSIL2A_20240228T043731_R033_T45RXJ_20240228T101956,0.0,no_water_crossing,0.0,S2B_MSIL2A_20241020T043729_R033_T45RXJ_20241020T070252,7.4
520,40944463,40944463,into_BD,9.1,0.318,1,4,12,Rangpur,89.8494071976968,25.48125001362674,no_water_crossing,0.0,S2A_MSIL2A_20240309T043701_R033_T45RYJ_20240309T091652,0.0,no_water_crossing,0.0,S2A_MSIL2A_20241022T042831_R133_T45RYJ_20241022T081405,0.3
521,40944738,40944736,into_BD,25.0,0.895,2,3,6,Rangpur,89.85158787248113,25.468254558955746,no_water_crossing,0.0,S2A_MSIL2A_20240309T043701_R033_T45RYJ_20240309T091652,0.0,no_water_crossing,0.0,S2A_MSIL2A_20241022T042831_R133_T45RYJ_20241022T081405,0.3
522,40944980,40944980,into_BD,4.8,0.163,1,5,0,Rangpur,88.83878044632107,25.459613826095698,no_water_crossing,0.0,S2A_MSIL2A_20240228T043731_R033_T45RXJ_20240228T101956,0.0,no_water_crossing,0.0,S2B_MSIL2A_20241020T043729_R033_T45RXJ_20241020T070252,7.4
523,40946434,40946434,into_BD,10.9,0.385,1,4,10,Rangpur,89.84668169624206,25.46165183708079,no_water_crossing,0.0,S2A_MSIL2A_20240309T043701_R033_T45RYJ_20240309T091652,0.0,confirmed,70.0,S2A_MSIL2A_20241022T042831_R133_T45RYJ_20241022T081405,0.3
524,40947190,40947190,into_BD,13.0,0.445,1,5,50,Rangpur,89.82708334187872,25.41881661610975,no_water_crossing,0.0,S2A_MSIL2A_20240309T043701_R033_T45RYJ_20240309T091652,0.0,no_water_crossing,0.0,S2A_MSIL2A_20241022T042831_R133_T45RYJ_20241022T081405,0.3
525,40947190,40947190,out_of_BD,13.0,0.445,1,5,70,Rangpur,89.83034561670372,25.4303456487632,no_water_crossing,0.0,S2A_MSIL2A_20240309T043701_R033_T45RYJ_20240309T091652,0.0,confirmed,270.0,S2A_MSIL2A_20241022T042831_R133_T45RYJ_20241022T081405,0.3
526,40947190,40947190,into_BD,13.0,0.445,1,5,54,Rangpur,89.8312500043011,25.432517825860575,no_water_crossing,0.0,S2A_MSIL2A_20240309T043701_R033_T45RYJ_20240309T091652,0.0,confirmed,290.0,S2A_MSIL2A_20241022T042831_R133_T45RYJ_20241022T081405,0.3
527,40947190,40947190,out_of_BD,13.0,0.445,1,5,42,Rangpur,89.83489913081532,25.443232484683783,no_water_crossing,0.0,S2A_MSIL2A_20240309T043701_R033_T45RYJ_20240309T091652,0.0,confirmed,90.0,S2A_MSIL2A_20241022T042831_R133_T45RYJ_20241022T081405,0.3
528,40947190,40947190,into_BD,13.0,0.445,1,5,71,Rangpur,89.8354166680592,25.44463515400955,no_water_crossing,0.0,S2A_MSIL2A_20240309T043701_R033_T45RYJ_20240309T091652,0.0,confirmed,220.0,S2A_MSIL2A_20241022T042831_R133_T45RYJ_20241022T081405,0.3
529,40947634,40945449,into_BD,16.5,0.578,1,4,70,Rangpur,89.83650566208001,25.446827828104496,no_water_crossing,0.0,S2A_MSIL2A_20240309T043701_R033_T45RYJ_20240309T091652,0.0,confirmed,310.0,S2A_MSIL2A_20241022T042831_R133_T45RYJ_20241022T081405,0.3
530,40948619,40948619,into_BD,3.1,0.108,1,4,31,Mymensingh,89.82437499860295,25.393750011980913,no_water_crossing,0.0,S2A_MSIL2A_20240309T043701_R033_T45RYJ_20240309T091652,0.0,no_water_crossing,0.0,S2A_MSIL2A_20241022T042831_R133_T45RYJ_20241022T081405,0.3
531,40949507,40949507,into_BD,9.7,0.321,1,5,0,Rangpur,88.83914168164617,25.377083497846943,no_water_crossing,0.0,S2A_MSIL2A_20240228T043731_R033_T45RXJ_20240228T101956,0.0,no_water_crossing,0.0,S2B_MSIL2A_20241020T043729_R033_T45RXJ_20241020T070252,7.4
532,40950727,40954756,into_BD,103.4,3.838,3,2,4,Mymensingh,89.82030799442867,25.36302547180108,no_water_crossing,0.0,S2A_MSIL2A_20240309T043701_R033_T45RYJ_20240309T091652,0.0,no_water_crossing,0.0,S2A_MSIL2A_20241022T042831_R133_T45RYJ_20241022T081405,0.3
533,40954510,41049520,into_BD,12.8,0.459,1,3,15,Mymensingh,89.83958333656064,25.320135380127635,no_water_crossing,0.0,S2A_MSIL2A_20240309T043701_R033_T45RYJ_20240309T091652,0.0,no_water_crossing,0.0,S2A_MSIL2A_20241022T042831_R133_T45RYJ_20241022T081405,0.3
534,40954510,41049520,out_of_BD,12.8,0.459,1,3,10,Mymensingh,89.84006506717496,25.318268288460605,no_water_crossing,0.0,S2A_MSIL2A_20240309T043701_R033_T45RYJ_20240309T091652,0.0,no_water_crossing,0.0,S2A_MSIL2A_20241022T042831_R133_T45RYJ_20241022T081405,0.3
535,40954510,41049520,into_BD,12.8,0.459,1,3,1,Mymensingh,89.83250558376746,25.29500567978588,no_water_crossing,0.0,S2A_MSIL2A_20240309T043701_R033_T45RYJ_20240309T091652,0.0,no_water_crossing,0.0,S2A_MSIL2A_20241022T042831_R133_T45RYJ_20241022T081405,0.3
536,40954511,40961460,into_BD,34.5,1.395,2,6,0,Mymensingh,89.94791666858332,25.294090909331373,no_water_crossing,0.0,S2A_MSIL2A_20240309T043701_R033_T45RYJ_20240309T091652,0.0,no_water_crossing,0.0,S2A_MSIL2A_20241022T042831_R133_T45RYJ_20241022T081405,0.3
537,40954758,40954758,out_of_BD,5.0,0.212,1,7,0,Mymensingh,89.94954558538807,25.29375001404475,no_water_crossing,0.0,S2A_MSIL2A_20240309T043701_R033_T45RYJ_20240309T091652,0.0,no_water_crossing,0.0,S2A_MSIL2A_20241022T042831_R133_T45RYJ_20241022T081405,0.3
538,40954758,40954758,into_BD,5.0,0.212,1,7,0,Mymensingh,89.94829257080659,25.29375000484113,no_water_crossing,0.0,S2A_MSIL2A_20240309T043701_R033_T45RYJ_20240309T091652,0.0,no_water_crossing,0.0,S2A_MSIL2A_20241022T042831_R133_T45RYJ_20241022T081405,0.3
539,40955572,40992285,out_of_BD,458.9,16.699,3,3,11,Rangpur,88.98541667709942,25.30161768457281,no_water_crossing,0.0,S2A_MSIL2A_20240228T043731_R033_T45RXJ_20240228T101956,0.0,no_water_crossing,0.0,S2B_MSIL2A_20241020T043729_R033_T45RXJ_20241020T070252,7.4
540,40955572,40992285,into_BD,458.9,16.699,3,3,10,Rangpur,88.98541667271135,25.29935801771633,no_water_crossing,0.0,S2A_MSIL2A_20240228T043731_R033_T45RXJ_20240228T101956,0.0,no_water_crossing,0.0,S2B_MSIL2A_20241020T043729_R033_T45RXJ_20241020T070252,7.4
541,40955572,40992285,out_of_BD,458.9,16.699,3,3,8,Rangpur,88.9854166701831,25.298680117557797,no_water_crossing,0.0,S2A_MSIL2A_20240228T043731_R033_T45RXJ_20240228T101956,0.0,no_water_crossing,0.0,S2B_MSIL2A_20241020T043729_R033_T45RXJ_20241020T070252,7.4
542,40955573,40955573,out_of_BD,4.7,0.158,1,4,0,Rangpur,89.00656229326944,25.277395639335417,no_water_crossing,0.0,S2A_MSIL2A_20240228T043731_R033_T45RXJ_20240228T101956,0.0,no_water_crossing,0.0,S2B_MSIL2A_20241020T043729_R033_T45RXJ_20241020T070252,7.4
543,40955830,40956572,out_of_BD,13.0,0.433,1,5,1,Rangpur,88.95208333763352,25.302702058969462,no_water_crossing,0.0,S2A_MSIL2A_20240228T043731_R033_T45RXJ_20240228T101956,0.0,no_water_crossing,0.0,S2B_MSIL2A_20241020T043729_R033_T45RXJ_20241020T070252,7.4
544,40955836,40955836,into_BD,26.8,1.028,1,8,0,Mymensingh,89.90151892445752,25.305686202346823,no_water_crossing,0.0,S2A_MSIL2A_20240309T043701_R033_T45RYJ_20240309T091652,0.0,no_water_crossing,0.0,S2A_MSIL2A_20241022T042831_R133_T45RYJ_20241022T081405,0.3
545,40955836,40955836,out_of_BD,26.8,1.028,1,8,0,Mymensingh,89.89550529088952,25.29967264624266,no_water_crossing,0.0,S2A_MSIL2A_20240309T043701_R033_T45RYJ_20240309T091652,0.0,no_water_crossing,0.0,S2A_MSIL2A_20241022T042831_R133_T45RYJ_20241022T081405,0.3
546,40955836,40955836,into_BD,26.8,1.028,1,8,0,Mymensingh,89.89500418134617,25.299171507820084,no_water_crossing,0.0,S2A_MSIL2A_20240309T043701_R033_T45RYJ_20240309T091652,0.0,no_water_crossing,0.0,S2A_MSIL2A_20241022T042831_R133_T45RYJ_20241022T081405,0.3
547,40955836,40955836,out_of_BD,26.8,1.028,1,8,0,Mymensingh,89.89233166618395,25.296498746850567,no_water_crossing,0.0,S2A_MSIL2A_20240309T043701_R033_T45RYJ_20240309T091652,0.0,no_water_crossing,0.0,S2A_MSIL2A_20241022T042831_R133_T45RYJ_20241022T081405,0.3
548,40955836,40955836,into_BD,26.8,1.028,1,8,0,Mymensingh,89.8895833420015,25.292046657436657,no_water_crossing,0.0,S2A_MSIL2A_20240309T043701_R033_T45RYJ_20240309T091652,0.0,no_water_crossing,0.0,S2A_MSIL2A_20241022T042831_R133_T45RYJ_20241022T081405,0.3
549,40956077,40957061,into_BD,26.2,0.974,2,7,18,Mymensingh,89.8767937859869,25.28570643065404,no_water_crossing,0.0,S2A_MSIL2A_20240309T043701_R033_T45RYH_20240309T091651,0.0,no_water_crossing,0.0,S2A_MSIL2A_20241022T042831_R133_T45RYJ_20241022T081405,0.3
550,40956080,40970465,into_BD,98.5,4.336,2,5,0,Mymensingh,89.99797011432786,25.27709604090697,no_water_crossing,0.0,S2B_MSIL2A_20240311T042659_R133_T45RZH_20240311T081938,0.0,no_water_crossing,0.0,S2A_MSIL2A_20241022T042831_R133_T45RYJ_20241022T081405,0.3
551,40956081,40956081,into_BD,79.6,3.733,2,6,22,Mymensingh,90.0116265239643,25.277083345480456,no_water_crossing,0.0,S2B_MSIL2A_20240311T042659_R133_T45RZH_20240311T081938,0.0,no_water_crossing,0.0,S2A_MSIL2A_20241022T042831_R133_T45RYJ_20241022T081405,0.3
552,40956315,40992285,into_BD,469.0,17.039,3,3,12,Rajshahi,89.00208335387518,25.26856060779285,no_water_crossing,0.0,S2A_MSIL2A_20240228T043731_R033_T45RXJ_20240228T101956,0.0,no_water_crossing,0.0,S2B_MSIL2A_20241020T043729_R033_T45RXJ_20241020T070252,7.4
553,40956316,40956316,into_BD,55.3,1.883,2,4,21,Rajshahi,89.00481770637147,25.264583346650923,no_water_crossing,0.0,S2A_MSIL2A_20240228T043731_R033_T45RXJ_20240228T101956,0.0,no_water_crossing,0.0,S2B_MSIL2A_20241020T043729_R033_T45RXJ_20241020T070252,7.4
554,40956317,40956317,out_of_BD,3.7,0.125,1,5,0,Rajshahi,89.0073749971149,25.264583352938992,no_water_crossing,0.0,S2A_MSIL2A_20240228T043731_R033_T45RXJ_20240228T101956,0.0,no_water_crossing,0.0,S2B_MSIL2A_20241020T043729_R033_T45RXJ_20241020T070252,7.4
555,40956570,40971208,out_of_BD,193.3,6.555,2,4,0,Rangpur,88.86041667695768,25.35476057123773,no_water_crossing,0.0,S2A_MSIL2A_20240228T043731_R033_T45RXJ_20240228T101956,0.0,no_water_crossing,0.0,S2B_MSIL2A_20241020T043729_R033_T45RXJ_20241020T070252,7.4
556,40956571,40968745,out_of_BD,124.5,4.175,2,4,0,Rangpur,88.91875000265935,25.312297185809346,no_water_crossing,0.0,S2A_MSIL2A_20240228T043731_R033_T45RXJ_20240228T101956,0.0,no_water_crossing,0.0,S2B_MSIL2A_20241020T043729_R033_T45RXJ_20241020T070252,7.4
557,40956819,40956316,out_of_BD,51.4,1.751,2,4,10,Rajshahi,89.00700193662507,25.26383142952511,no_water_crossing,0.0,S2A_MSIL2A_20240228T043731_R033_T45RXJ_20240228T101956,0.0,no_water_crossing,0.0,S2B_MSIL2A_20241020T043729_R033_T45RXJ_20241020T070252,7.4
558,40958087,40962726,into_BD,14.0,0.682,1,6,0,Mymensingh,90.06458335782075,25.25171056768834,no_water_crossing,0.0,S2B_MSIL2A_20240311T042659_R133_T46RBN_20240311T083320,0.0,no_water_crossing,0.0,S2A_MSIL2A_20241022T042831_R133_T45RYJ_20241022T081405,0.3
559,40959765,40961463,into_BD,102.1,5.488,2,7,8,Mymensingh,90.18125000738904,25.21850446821252,no_water_crossing,0.0,S2B_MSIL2A_20240311T042659_R133_T46RBN_20240311T083320,0.0,no_water_crossing,0.0,S2A_MSIL2A_20241022T042831_R133_T45RZH_20241022T081405,1.9
560,40959983,40959983,out_of_BD,17.7,0.545,1,4,0,Rajshahi,88.6854166686389,25.20948414126585,no_water_crossing,0.0,S2A_MSIL2A_20240228T043731_R033_T45RXH_20240228T101839,0.0,no_water_crossing,0.0,S2B_MSIL2A_20241030T043829_R033_T45RXH_20241030T073548,15.5
561,40960002,40960002,into_BD,3.5,0.567,1,5,0,Sylhet,91.26801692776336,25.20551719500621,no_water_crossing,0.0,S2B_MSIL2A_20240210T042929_R133_T46RCN_20240210T081237,0.0,no_water_crossing,0.0,S2A_MSIL2A_20241022T042831_R133_T46RCN_20241022T081405,0.0
562,40960002,40960002,out_of_BD,3.5,0.567,1,5,5,Sylhet,91.25992406300138,25.2025759589074,confirmed,100.0,S2B_MSIL2A_20240210T042929_R133_T46RCN_20240210T081237,0.0,confirmed,550.0,S2A_MSIL2A_20241022T042831_R133_T46RCN_20241022T081405,0.0
563,40960216,40960494,into_BD,7.4,0.225,1,6,0,Rajshahi,88.61633696196547,25.20383711108919,no_water_crossing,0.0,S2A_MSIL2A_20240228T043731_R033_T45RXH_20240228T101839,0.0,no_water_crossing,0.0,S2B_MSIL2A_20241030T043829_R033_T45RXH_20241030T073548,15.5
564,40960223,40970016,into_BD,472.4,27.12,4,6,0,Mymensingh,90.2484248627256,25.202591549602907,no_water_crossing,0.0,S2B_MSIL2A_20240311T042659_R133_T46RBN_20240311T083320,0.0,no_water_crossing,0.0,S2A_MSIL2A_20241022T042831_R133_T45RZH_20241022T081405,1.9
565,40960237,40960237,into_BD,1.7,0.234,1,6,18,Sylhet,91.07261890315684,25.198214451723295,no_water_crossing,0.0,S2B_MSIL2A_20240311T042659_R133_T46RBN_20240311T083320,0.0,confirmed,90.0,S2A_MSIL2A_20241022T042831_R133_T46RCN_20241022T081405,0.0
566,40960237,40960237,out_of_BD,1.7,0.234,1,6,0,Sylhet,91.07695876176714,25.197916668369952,no_water_crossing,0.0,S2B_MSIL2A_20240311T042659_R133_T46RBN_20240311T083320,0.0,no_water_crossing,0.0,S2A_MSIL2A_20241022T042831_R133_T46RCN_20241022T081405,0.0
567,40960492,40982115,into_BD,1492.2,56.97,4,4,37,Rajshahi,88.44008233737613,25.209917686273705,confirmed,100.0,S2A_MSIL2A_20240228T043731_R033_T45RXH_20240228T101839,0.0,confirmed,150.0,S2B_MSIL2A_20241030T043829_R033_T45RXH_20241030T073548,15.5
568,40960492,40982115,out_of_BD,1492.2,56.97,4,4,42,Rajshahi,88.4409155042458,25.209084544549334,confirmed,90.0,S2A_MSIL2A_20240228T043731_R033_T45RXH_20240228T101839,0.0,confirmed,120.0,S2B_MSIL2A_20241030T043829_R033_T45RXH_20241030T073548,15.5
569,40960492,40982115,into_BD,1492.2,56.97,4,4,47,Rajshahi,88.44375002330491,25.19769221668819,confirmed,450.0,S2A_MSIL2A_20240228T043731_R033_T45RXH_20240228T101839,0.0,confirmed,640.0,S2B_MSIL2A_20241030T043829_R033_T45RXH_20241030T073548,15.5
570,40960495,40960494,out_of_BD,20.8,0.632,2,6,0,Rajshahi,88.60829825150442,25.19791668140567,no_water_crossing,0.0,S2A_MSIL2A_20240228T043731_R033_T45RXH_20240228T101839,0.0,no_water_crossing,0.0,S2B_MSIL2A_20241030T043829_R033_T45RXH_20241030T073548,15.5
571,40960495,40960494,into_BD,20.8,0.632,2,6,0,Rajshahi,88.6032676573947,25.194934360909347,no_water_crossing,0.0,S2A_MSIL2A_20240228T043731_R033_T45RXH_20240228T101839,0.0,no_water_crossing,0.0,S2B_MSIL2A_20241030T043829_R033_T45RXH_20241030T073548,15.5
572,40960495,40960494,out_of_BD,20.8,0.632,2,6,0,Rajshahi,88.60135101309301,25.19375001890631,no_water_crossing,0.0,S2A_MSIL2A_20240228T043731_R033_T45RXH_20240228T101839,0.0,no_water_crossing,0.0,S2B_MSIL2A_20241030T043829_R033_T45RXH_20241030T073548,15.5
573,40960498,40968745,into_BD,185.1,6.174,3,4,0,Rajshahi,88.93548887812446,25.20202647977877,no_water_crossing,0.0,S2A_MSIL2A_20240228T043731_R033_T45RXH_20240228T101839,0.0,no_water_crossing,0.0,S2B_MSIL2A_20241030T043829_R033_T45RXH_20241030T073548,15.5
574,40960499,40960499,out_of_BD,4.9,0.16,1,5,1,Rajshahi,88.94761983173362,25.19375000389836,no_water_crossing,0.0,S2A_MSIL2A_20240228T043731_R033_T45RXH_20240228T101839,0.0,no_water_crossing,0.0,S2B_MSIL2A_20241030T043829_R033_T45RXH_20241030T073548,15.5
575,40960499,40960499,into_BD,4.9,0.16,1,5,0,Rajshahi,88.94412449917857,25.193750004819726,no_water_crossing,0.0,S2A_MSIL2A_20240228T043731_R033_T45RXH_20240228T101839,0.0,no_water_crossing,0.0,S2B_MSIL2A_20241030T043829_R033_T45RXH_20241030T073548,15.5
576,40960519,40960519,into_BD,1.6,0.238,1,6,0,Sylhet,91.18958334000163,25.200635244196643,no_water_crossing,0.0,S2B_MSIL2A_20240210T042929_R133_T46RCN_20240210T081237,0.0,no_water_crossing,0.0,S2A_MSIL2A_20241022T042831_R133_T46RCN_20241022T081405,0.0
577,40960520,40960520,into_BD,1.4,0.209,1,7,0,Sylhet,91.19375000664434,25.201438670766677,no_water_crossing,0.0,S2B_MSIL2A_20240210T042929_R133_T46RCN_20240210T081237,0.0,no_water_crossing,0.0,S2A_MSIL2A_20241022T042831_R133_T46RCN_20241022T081405,0.0
578,40960521,40960521,into_BD,1.2,0.18,1,8,0,Sylhet,91.19791667188454,25.20178895050283,no_water_crossing,0.0,S2B_MSIL2A_20240210T042929_R133_T46RCN_20240210T081237,0.0,no_water_crossing,0.0,S2A_MSIL2A_20241022T042831_R133_T46RCN_20241022T081405,0.0
579,40960523,40960523,into_BD,1.2,0.18,1,6,0,Sylhet,91.20208333918168,25.201336052103965,no_water_crossing,0.0,S2B_MSIL2A_20240210T042929_R133_T46RCN_20240210T081237,0.0,no_water_crossing,0.0,S2A_MSIL2A_20241022T042831_R133_T46RCN_20241022T081405,0.0
580,40960525,40960525,into_BD,1.6,0.242,1,6,0,Sylhet,91.21041668104913,25.200699873201724,no_water_crossing,0.0,S2B_MSIL2A_20240210T042929_R133_T46RCN_20240210T081237,0.0,no_water_crossing,0.0,S2A_MSIL2A_20241022T042831_R133_T46RCN_20241022T081405,0.0
581,40960529,40960529,into_BD,2.1,0.336,1,6,0,Sylhet,91.22291666785266,25.199189815097903,no_water_crossing,0.0,S2B_MSIL2A_20240210T042929_R133_T46RCN_20240210T081237,0.0,no_water_crossing,0.0,S2A_MSIL2A_20241022T042831_R133_T46RCN_20241022T081405,0.0
582,40960531,40960531,into_BD,2.5,0.401,1,6,0,Sylhet,91.2354166681,25.198973068254592,no_water_crossing,0.0,S2B_MSIL2A_20240210T042929_R133_T46RCN_20240210T081237,0.0,no_water_crossing,0.0,S2A_MSIL2A_20241022T042831_R133_T46RCN_20241022T081405,0.0
583,40960748,40971208,into_BD,272.9,9.125,3,4,0,Rajshahi,88.8479166774904,25.210011393510268,no_water_crossing,0.0,S2A_MSIL2A_20240228T043731_R033_T45RXH_20240228T101839,0.0,no_water_crossing,0.0,S2B_MSIL2A_20241030T043829_R033_T45RXH_20241030T073548,15.5
584,40960748,40971208,out_of_BD,272.9,9.125,3,4,0,Rajshahi,88.84964219852056,25.204524522064208,no_water_crossing,0.0,S2A_MSIL2A_20240228T043731_R033_T45RXH_20240228T101839,0.0,no_water_crossing,0.0,S2B_MSIL2A_20241030T043829_R033_T45RXH_20241030T073548,15.5
585,40960748,40971208,into_BD,272.9,9.125,3,4,0,Rajshahi,88.85208333580145,25.200643722805555,no_water_crossing,0.0,S2A_MSIL2A_20240228T043731_R033_T45RXH_20240228T101839,0.0,no_water_crossing,0.0,S2B_MSIL2A_20241030T043829_R033_T45RXH_20241030T073548,15.5
586,40960749,40960749,into_BD,7.8,0.25,1,5,0,Rajshahi,88.87274655888348,25.189753556281847,no_water_crossing,0.0,S2A_MSIL2A_20240228T043731_R033_T45RXH_20240228T101839,0.0,no_water_crossing,0.0,S2B_MSIL2A_20241030T043829_R033_T45RXH_20241030T073548,15.5
587,40960749,40960749,out_of_BD,7.8,0.25,1,5,0,Rajshahi,88.87091035929654,25.191589753684635,no_water_crossing,0.0,S2A_MSIL2A_20240228T043731_R033_T45RXH_20240228T101839,0.0,no_water_crossing,0.0,S2B_MSIL2A_20241030T043829_R033_T45RXH_20241030T073548,15.5
588,40960749,40960749,into_BD,7.8,0.25,1,5,0,Rajshahi,88.86476683720572,25.193750002480815,no_water_crossing,0.0,S2A_MSIL2A_20240228T043731_R033_T45RXH_20240228T101839,0.0,no_water_crossing,0.0,S2B_MSIL2A_20241030T043829_R033_T45RXH_20241030T073548,15.5
589,40960762,40963438,into_BD,173.3,8.884,3,6,10,Mymensingh,90.12291667247992,25.225076886544453,confirmed,80.0,S2B_MSIL2A_20240311T042659_R133_T46RBN_20240311T083320,0.0,confirmed,20.0,S2A_MSIL2A_20241022T042831_R133_T45RZH_20241022T081405,1.9
590,40960770,40961199,into_BD,3.1,0.474,1,5,0,Sylhet,91.18125001903314,25.198521036018317,no_water_crossing,0.0,S2B_MSIL2A_20240210T042929_R133_T46RCN_20240210T081237,0.0,no_water_crossing,0.0,S2A_MSIL2A_20241022T042831_R133_T46RCN_20241022T081405,0.0
591,40960775,40974513,into_BD,2490.1,311.534,5,4,86,Sylhet,91.25208335159752,25.198601602617423,confirmed,210.0,S2B_MSIL2A_20240210T042929_R133_T46RCN_20240210T081237,0.0,confirmed,780.0,S2A_MSIL2A_20241022T042831_R133_T46RCN_20241022T081405,0.0
592,40960776,40960776,into_BD,3.3,0.535,1,5,0,Sylhet,91.27246017495924,25.201626881688675,no_water_crossing,0.0,S2B_MSIL2A_20240210T042929_R133_T46RCN_20240210T081237,0.0,no_water_crossing,0.0,S2A_MSIL2A_20241022T042831_R133_T46RCN_20241022T081405,0.0
593,40960970,40960970,into_BD,10.5,0.309,1,5,38,Rajshahi,88.44288118693225,25.18541671329182,confirmed,310.0,S2A_MSIL2A_20240228T043731_R033_T45RXH_20240228T101839,0.0,confirmed,390.0,S2B_MSIL2A_20241030T043829_R033_T45RXH_20241030T073548,15.5
594,40960982,40960982,into_BD,4.9,0.297,1,8,0,Mymensingh,90.33477303042676,25.190227014189663,confirmed,70.0,S2B_MSIL2A_20240311T042659_R133_T46RBN_20240311T083320,0.0,no_water_crossing,0.0,S2A_MSIL2A_20241022T042831_R133_T45RZH_20241022T081405,1.9
595,40960982,40960982,out_of_BD,4.9,0.297,1,8,0,Mymensingh,90.3357035887697,25.18958333710176,no_water_crossing,0.0,S2B_MSIL2A_20240311T042659_R133_T46RBN_20240311T083320,0.0,no_water_crossing,0.0,S2A_MSIL2A_20241022T042831_R133_T45RZH_20241022T081405,1.9
596,40960984,41008103,into_BD,2269.7,140.987,5,4,30,Mymensingh,90.6504424387374,25.191225002027867,no_water_crossing,0.0,S2B_MSIL2A_20240311T042659_R133_T46RBN_20240311T083320,0.0,confirmed,230.0,S2A_MSIL2A_20241022T042831_R133_T45RZH_20241022T081405,1.9
597,40960985,40960985,into_BD,8.9,0.679,1,5,0,Mymensingh,90.66363266855473,25.192799810143807,no_water_crossing,0.0,S2B_MSIL2A_20240311T042659_R133_T46RBN_20240311T083320,0.0,no_water_crossing,0.0,S2A_MSIL2A_20241022T042831_R133_T45RZH_20241022T081405,1.9
598,40960985,40960985,out_of_BD,8.9,0.679,1,5,0,Mymensingh,90.66096063129169,25.19012739424302,no_water_crossing,0.0,S2B_MSIL2A_20240311T042659_R133_T46RBN_20240311T083320,0.0,no_water_crossing,0.0,S2A_MSIL2A_20241022T042831_R133_T45RZH_20241022T081405,1.9
599,40960985,40960985,into_BD,8.9,0.679,1,5,87,Mymensingh,90.65625000072151,25.185981174392364,confirmed,30.0,S2B_MSIL2A_20240311T042659_R133_T46RBN_20240311T083320,0.0,confirmed,630.0,S2A_MSIL2A_20241022T042831_R133_T45RZH_20241022T081405,1.9
600,40960987,40961193,into_BD,2.3,0.343,1,8,25,Sylhet,91.14375002419936,25.196147093862457,no_water_crossing,0.0,S2B_MSIL2A_20240210T042929_R133_T46RCN_20240210T081237,0.0,no_water_crossing,0.0,S2A_MSIL2A_20241022T042831_R133_T46RCN_20241022T081405,0.0
601,40960989,40962479,into_BD,13.4,2.017,2,7,8,Sylhet,91.16041669647396,25.19707881120212,no_water_crossing,0.0,S2B_MSIL2A_20240210T042929_R133_T46RCN_20240210T081237,0.0,no_water_crossing,0.0,S2A_MSIL2A_20241022T042831_R133_T46RCN_20241022T081405,0.0
602,40960999,40969798,into_BD,825.1,111.953,5,4,89,Sylhet,92.01654669204318,25.18738007443062,confirmed,190.0,S2B_MSIL2A_20240210T042929_R133_T46RCN_20240210T081237,0.0,confirmed,200.0,S2A_MSIL2A_20241022T042831_R133_T46RCN_20241022T081405,0.0
603,40961000,40961000,into_BD,2.1,0.286,1,7,0,Sylhet,92.0403749988318,25.18541669946204,no_water_crossing,0.0,S2B_MSIL2A_20240210T042929_R133_T46RCN_20240210T081237,0.0,no_water_crossing,0.0,S2A_MSIL2A_20241022T042831_R133_T46RCN_20241022T081405,0.0
604,40961001,40965009,into_BD,3.3,0.437,2,6,0,Sylhet,92.04375000098145,25.1859848489362,no_water_crossing,0.0,S2B_MSIL2A_20240210T042929_R133_T46RCN_20240210T081237,0.0,no_water_crossing,0.0,S2A_MSIL2A_20241022T042831_R133_T46RCN_20241022T081405,0.0
605,40961175,40961175,out_of_BD,6.8,0.204,1,7,0,Rajshahi,88.58958335045295,25.185609258902517,no_water_crossing,0.0,S2A_MSIL2A_20240228T043731_R033_T45RXH_20240228T101839,0.0,no_water_crossing,0.0,S2B_MSIL2A_20241030T043829_R033_T45RXH_20241030T073548,15.5
606,40961175,40961175,into_BD,6.8,0.204,1,7,0,Rajshahi,88.59099113335732,25.19099117385587,no_water_crossing,0.0,S2A_MSIL2A_20240228T043731_R033_T45RXH_20240228T101839,0.0,no_water_crossing,0.0,S2B_MSIL2A_20241030T043829_R033_T45RXH_20241030T073548,15.5
607,40961175,40961175,out_of_BD,6.8,0.204,1,7,0,Rajshahi,88.59316477557195,25.19316479742754,no_water_crossing,0.0,S2A_MSIL2A_20240228T043731_R033_T45RXH_20240228T101839,0.0,no_water_crossing,0.0,S2B_MSIL2A_20241030T043829_R033_T45RXH_20241030T073548,15.5
608,40961176,40968745,out_of_BD,194.4,6.481,3,4,0,Rajshahi,88.94375000126453,25.1931775946895,no_water_crossing,0.0,S2A_MSIL2A_20240228T043731_R033_T45RXH_20240228T101839,0.0,no_water_crossing,0.0,S2B_MSIL2A_20241030T043829_R033_T45RXH_20241030T073548,15.5
609,40961176,40968745,into_BD,194.4,6.481,3,4,1,Rajshahi,88.946849448844,25.186483926710917,no_water_crossing,0.0,S2A_MSIL2A_20240228T043731_R033_T45RXH_20240228T101839,0.0,no_water_crossing,0.0,S2B_MSIL2A_20241030T043829_R033_T45RXH_20241030T073548,15.5
610,40961176,40968745,out_of_BD,194.4,6.481,3,4,0,Rajshahi,88.94791666832268,25.182051371788297,no_water_crossing,0.0,S2A_MSIL2A_20240228T043731_R033_T45RXH_20240228T101839,0.0,no_water_crossing,0.0,S2B_MSIL2A_20241030T043829_R033_T45RXH_20241030T073548,15.5
611,40961177,40961177,out_of_BD,9.1,0.301,1,5,0,Rajshahi,88.94952876262776,25.18125004815634,no_water_crossing,0.0,S2A_MSIL2A_20240228T043731_R033_T45RXH_20240228T101839,0.0,no_water_crossing,0.0,S2B_MSIL2A_20241030T043829_R033_T45RXH_20241030T073548,15.5
612,40961184,40961184,into_BD,4.1,0.241,1,8,0,Mymensingh,90.28125000328826,25.195263672352983,no_water_crossing,0.0,S2B_MSIL2A_20240311T042659_R133_T46RBN_20240311T083320,0.0,no_water_crossing,0.0,S2A_MSIL2A_20241022T042831_R133_T45RZH_20241022T081405,1.9
613,40961185,40967761,into_BD,7.0,0.418,1,7,0,Mymensingh,90.2895833707484,25.19401222576459,no_water_crossing,0.0,S2B_MSIL2A_20240311T042659_R133_T46RBN_20240311T083320,0.0,no_water_crossing,0.0,S2A_MSIL2A_20241022T042831_R133_T45RZH_20241022T081405,1.9
614,40961186,40974256,into_BD,92.8,7.826,3,5,18,Mymensingh,90.78037039183414,25.184537090312848,no_water_crossing,0.0,S2B_MSIL2A_20240311T042659_R133_T46RBN_20240311T083320,0.0,confirmed,30.0,S2A_MSIL2A_20241022T042831_R133_T45RZH_20241022T081405,1.9
615,40961188,40961993,into_BD,1.2,0.151,1,7,0,Sylhet,91.04791666928506,25.189495648123582,no_water_crossing,0.0,S2B_MSIL2A_20240311T042659_R133_T46RBN_20240311T083320,0.0,no_water_crossing,0.0,S2A_MSIL2A_20241022T042831_R133_T46RCN_20241022T081405,0.0
616,40961189,40961189,into_BD,1.9,0.255,1,8,0,Sylhet,91.05208334837609,25.190022789702503,no_water_crossing,0.0,S2B_MSIL2A_20240311T042659_R133_T46RBN_20240311T083320,0.0,no_water_crossing,0.0,S2A_MSIL2A_20241022T042831_R133_T46RCN_20241022T081405,0.0
617,40961190,40961190,into_BD,1.6,0.226,1,8,1,Sylhet,91.13541668105034,25.19420754830265,no_water_crossing,0.0,S2B_MSIL2A_20240210T042929_R133_T46RCN_20240210T081237,0.0,confirmed,70.0,S2A_MSIL2A_20241022T042831_R133_T46RCN_20241022T081405,0.0
618,40961191,40961191,into_BD,1.4,0.199,1,9,0,Sylhet,91.13958333470482,25.195491536769467,no_water_crossing,0.0,S2B_MSIL2A_20240210T042929_R133_T46RCN_20240210T081237,0.0,no_water_crossing,0.0,S2A_MSIL2A_20241022T042831_R133_T46RCN_20241022T081405,0.0
619,40961200,40962741,into_BD,33.4,5.528,3,5,0,Sylhet,91.30516227092028,25.182337879105056,no_water_crossing,0.0,S2B_MSIL2A_20240210T042929_R133_T46RCN_20240210T081237,0.0,no_water_crossing,0.0,S2A_MSIL2A_20241022T042831_R133_T46RCN_20241022T081405,0.0
620,40961202,40961202,into_BD,1.4,0.224,1,7,0,Sylhet,91.31458333570306,25.18368055615515,no_water_crossing,0.0,S2B_MSIL2A_20240210T042929_R133_T46RCN_20240210T081237,0.0,no_water_crossing,0.0,S2A_MSIL2A_20241022T042831_R133_T46RCN_20241022T081405,0.0
621,40961203,40961201,into_BD,3.3,0.546,1,6,0,Sylhet,91.32297229854892,25.18125011660609,no_water_crossing,0.0,S2B_MSIL2A_20240210T042929_R133_T46RCN_20240210T081237,0.0,no_water_crossing,0.0,S2A_MSIL2A_20241022T042831_R133_T46RCN_20241022T081405,0.0
622,40961218,40961218,into_BD,4.9,0.692,1,5,9,Sylhet,91.99791666732128,25.18317816459297,no_water_crossing,0.0,S2B_MSIL2A_20240210T042929_R133_T46RCN_20240210T081237,0.0,no_water_crossing,0.0,S2A_MSIL2A_20241022T042831_R133_T46RCN_20241022T081405,0.0
623,40961221,40961221,into_BD,7.0,0.909,2,7,0,Sylhet,92.05625000006653,25.18530092595678,no_water_crossing,0.0,S2B_MSIL2A_20240210T042929_R133_T46RCN_20240210T081237,0.0,no_water_crossing,0.0,S2A_MSIL2A_20241022T042831_R133_T46RCN_20241022T081405,0.0
624,40961449,40962948,into_BD,85.8,2.629,2,6,41,Rajshahi,88.51475048264076,25.20225048960246,confirmed,30.0,S2A_MSIL2A_20240228T043731_R033_T45RXH_20240228T101839,0.0,no_water_crossing,0.0,S2B_MSIL2A_20241030T043829_R033_T45RXH_20241030T073548,15.5
625,40961450,40965705,into_BD,195.1,5.988,3,5,7,Rajshahi,88.53958338028777,25.189478474856134,confirmed,150.0,S2A_MSIL2A_20240228T043731_R033_T45RXH_20240228T101839,0.0,no_water_crossing,0.0,S2B_MSIL2A_20241030T043829_R033_T45RXH_20241030T073548,15.5
626,40961467,40961467,into_BD,17.9,1.455,2,6,0,Mymensingh,90.76875000522186,25.18263307338288,no_water_crossing,0.0,S2B_MSIL2A_20240311T042659_R133_T46RBN_20240311T083320,0.0,no_water_crossing,0.0,S2A_MSIL2A_20241022T042831_R133_T45RZH_20241022T081405,1.9
627,40961474,40962972,into_BD,15.7,1.949,1,6,0,Sylhet,91.0131225109673,25.182711007597433,no_water_crossing,0.0,S2B_MSIL2A_20240311T042659_R133_T46RBN_20240311T083320,0.0,no_water_crossing,0.0,S2A_MSIL2A_20241022T042831_R133_T45RZH_20241022T081405,1.9
628,40961475,40961475,into_BD,7.8,0.986,1,7,0,Sylhet,91.02291667501412,25.186678901839052,no_water_crossing,0.0,S2B_MSIL2A_20240311T042659_R133_T46RBN_20240311T083320,0.0,no_water_crossing,0.0,S2A_MSIL2A_20241022T042831_R133_T46RCN_20241022T081405,0.0
629,40961479,40964479,into_BD,44.1,6.317,3,6,0,Sylhet,91.11041666908186,25.19492966018463,nodata,,,,no_water_crossing,0.0,S2A_MSIL2A_20241022T042831_R133_T46RCN_20241022T081405,0.0
630,40961480,40961480,into_BD,4.9,0.699,1,8,6,Sylhet,91.11875000054178,25.194272064727013,no_water_crossing,0.0,S2B_MSIL2A_20240210T042929_R133_T46RCN_20240210T081237,0.0,no_water_crossing,0.0,S2A_MSIL2A_20241022T042831_R133_T46RCN_20241022T081405,0.0
631,40961487,40961486,into_BD,3.7,0.6,1,5,1,Sylhet,91.27708333379458,25.197436879944053,no_water_crossing,0.0,S2B_MSIL2A_20240210T042929_R133_T46RCN_20240210T081237,0.0,no_water_crossing,0.0,S2A_MSIL2A_20241022T042831_R133_T46RCN_20241022T081405,0.0
632,40961495,40961495,into_BD,3.5,0.604,2,6,37,Sylhet,91.75438744813388,25.17708334783679,confirmed,120.0,S2B_MSIL2A_20240210T042929_R133_T46RCN_20240210T081237,0.0,confirmed,130.0,S2A_MSIL2A_20241022T042831_R133_T46RCN_20241022T081405,0.0
633,40961496,40961496,into_BD,1.2,0.2,1,7,37,Sylhet,91.75582745242946,25.177505899814836,confirmed,110.0,S2B_MSIL2A_20240210T042929_R133_T46RCN_20240210T081237,0.0,confirmed,120.0,S2A_MSIL2A_20241022T042831_R133_T46RCN_20241022T081405,0.0
634,40961497,40967512,into_BD,340.0,57.673,4,5,16,Sylhet,91.75633680267548,25.177170139998395,confirmed,110.0,S2B_MSIL2A_20240210T042929_R133_T46RCN_20240210T081237,0.0,confirmed,120.0,S2A_MSIL2A_20241022T042831_R133_T46RCN_20241022T081405,0.0
635,40961498,40961498,into_BD,1.6,0.244,1,6,0,Sylhet,91.8979166741738,25.179907131495906,no_water_crossing,0.0,S2B_MSIL2A_20240210T042929_R133_T46RCN_20240210T081237,0.0,no_water_crossing,0.0,S2A_MSIL2A_20241022T042831_R133_T46RCN_20241022T081405,0.0
636,40961500,40961500,into_BD,1.4,0.213,1,6,0,Sylhet,91.90208333982432,25.18061523696326,no_water_crossing,0.0,S2B_MSIL2A_20240210T042929_R133_T46RCN_20240210T081237,0.0,no_water_crossing,0.0,S2A_MSIL2A_20241022T042831_R133_T46RCN_20241022T081405,0.0
637,40961502,40961502,into_BD,5.4,0.847,2,6,0,Sylhet,91.91458333359635,25.181678900629464,no_water_crossing,0.0,S2B_MSIL2A_20240210T042929_R133_T46RCN_20240210T081237,0.0,no_water_crossing,0.0,S2A_MSIL2A_20241022T042831_R133_T46RCN_20241022T081405,0.0
638,40961503,40971486,into_BD,59.0,7.31,3,5,42,Sylhet,92.07350280570226,25.184830552533327,no_water_crossing,0.0,S2B_MSIL2A_20240210T042929_R133_T46RCN_20240210T081237,0.0,no_water_crossing,0.0,S2A_MSIL2A_20241022T042831_R133_T46RCN_20241022T081405,0.0
639,40961503,40971486,out_of_BD,59.0,7.31,3,5,34,Sylhet,92.07873025899198,25.18125003721416,no_water_crossing,0.0,S2B_MSIL2A_20240210T042929_R133_T46RCN_20240210T081237,0.0,no_water_crossing,0.0,S2A_MSIL2A_20241022T042831_R133_T46RCN_20241022T081405,0.0
640,40961503,40971486,into_BD,59.0,7.31,3,5,31,Sylhet,92.07997436027942,25.18125005317135,no_water_crossing,0.0,S2B_MSIL2A_20240210T042929_R133_T46RCN_20240210T081237,0.0,no_water_crossing,0.0,S2A_MSIL2A_20241022T042831_R133_T46RCN_20241022T081405,0.0
641,40961503,40971486,out_of_BD,59.0,7.31,3,5,37,Sylhet,92.08495076899668,25.18125001238672,no_water_crossing,0.0,S2B_MSIL2A_20240210T042929_R133_T46RCN_20240210T081237,0.0,no_water_crossing,0.0,S2A_MSIL2A_20241022T042831_R133_T46RCN_20241022T081405,0.0
642,40961503,40971486,into_BD,59.0,7.31,3,5,40,Sylhet,92.0861078957237,25.180558799435108,no_water_crossing,0.0,S2B_MSIL2A_20240210T042929_R133_T46RCN_20240210T081237,0.0,no_water_crossing,0.0,S2A_MSIL2A_20241022T042831_R133_T46RCN_20241022T081405,0.0
643,40961504,40961504,into_BD,18.6,2.228,2,6,0,Sylhet,92.09375000060282,25.177649134916564,no_water_crossing,0.0,S2B_MSIL2A_20240210T042929_R133_T46RCN_20240210T081237,0.0,no_water_crossing,0.0,S2A_MSIL2A_20241022T042831_R133_T46RCN_20241022T081405,0.0
644,40961729,40963948,into_BD,10.7,0.646,1,8,0,Mymensingh,90.29791669416656,25.191092479987987,no_water_crossing,0.0,S2B_MSIL2A_20240311T042659_R133_T46RBN_20240311T083320,0.0,no_water_crossing,0.0,S2A_MSIL2A_20241022T042831_R133_T45RZH_20241022T081405,1.9
645,40961730,40961730,into_BD,6.4,0.389,1,9,2,Mymensingh,90.3104166818208,25.188372889012268,no_water_crossing,0.0,S2B_MSIL2A_20240311T042659_R133_T46RBN_20240311T083320,0.0,no_water_crossing,0.0,S2A_MSIL2A_20241022T042831_R133_T45RZH_20241022T081405,1.9
646,40961733,40961733,into_BD,2.5,0.183,1,7,0,Mymensingh,90.61458333430892,25.17371956551266,no_water_crossing,0.0,S2B_MSIL2A_20240311T042659_R133_T46RBN_20240311T083320,0.0,no_water_crossing,0.0,S2A_MSIL2A_20241022T042831_R133_T45RZH_20241022T081405,1.9
647,40961735,40962734,into_BD,3.5,0.271,1,5,0,Mymensingh,90.68640951516286,25.17390954974239,no_water_crossing,0.0,S2B_MSIL2A_20240311T042659_R133_T46RBN_20240311T083320,0.0,no_water_crossing,0.0,S2A_MSIL2A_20241022T042831_R133_T45RZH_20241022T081405,1.9
648,40961735,40962734,out_of_BD,3.5,0.271,1,5,0,Mymensingh,90.6862418559056,25.17374188616396,no_water_crossing,0.0,S2B_MSIL2A_20240311T042659_R133_T46RBN_20240311T083320,0.0,no_water_crossing,0.0,S2A_MSIL2A_20241022T042831_R133_T45RZH_20241022T081405,1.9
649,40961735,40962734,into_BD,3.5,0.271,1,5,0,Mymensingh,90.68590653875872,25.173406558524075,no_water_crossing,0.0,S2B_MSIL2A_20240311T042659_R133_T46RBN_20240311T083320,0.0,no_water_crossing,0.0,S2A_MSIL2A_20241022T042831_R133_T45RZH_20241022T081405,1.9
650,40961735,40962734,out_of_BD,3.5,0.271,1,5,0,Mymensingh,90.68315524924054,25.17291668124004,no_water_crossing,0.0,S2B_MSIL2A_20240311T042659_R133_T46RBN_20240311T083320,0.0,no_water_crossing,0.0,S2A_MSIL2A_20241022T042831_R133_T45RZH_20241022T081405,1.9
651,40961736,40961737,into_BD,3.5,0.482,1,7,0,Sylhet,91.08958334959374,25.19625606196773,no_water_crossing,0.0,S2B_MSIL2A_20240311T042659_R133_T46RBN_20240311T083320,0.0,no_water_crossing,0.0,S2A_MSIL2A_20241022T042831_R133_T46RCN_20241022T081405,0.0
652,40961749,40963720,into_BD,8.0,1.315,2,5,0,Sylhet,91.84323965685569,25.176573183212504,no_water_crossing,0.0,S2B_MSIL2A_20240210T042929_R133_T46RCN_20240210T081237,0.0,no_water_crossing,0.0,S2A_MSIL2A_20241022T042831_R133_T46RCN_20241022T081405,0.0
653,40961750,40962255,into_BD,1.6,0.252,1,7,0,Sylhet,91.86458334054969,25.175514561011543,no_water_crossing,0.0,S2B_MSIL2A_20240210T042929_R133_T46RCN_20240210T081237,0.0,no_water_crossing,0.0,S2A_MSIL2A_20241022T042831_R133_T46RCN_20241022T081405,0.0
654,40961751,40961751,into_BD,1.2,0.187,1,8,0,Sylhet,91.86875000146664,25.174944560307857,no_water_crossing,0.0,S2B_MSIL2A_20240210T042929_R133_T46RCN_20240210T081237,0.0,no_water_crossing,0.0,S2A_MSIL2A_20241022T042831_R133_T46RCN_20241022T081405,0.0
655,40961752,40962492,into_BD,64.3,10.365,3,5,24,Sylhet,91.88541666719898,25.177341154888076,confirmed,30.0,S2B_MSIL2A_20240210T042929_R133_T46RCN_20240210T081237,0.0,confirmed,30.0,S2A_MSIL2A_20241022T042831_R133_T46RCN_20241022T081405,0.0
656,40961753,40961753,into_BD,6.4,0.994,2,5,0,Sylhet,91.927083338286,25.180403175299443,no_water_crossing,0.0,S2B_MSIL2A_20240210T042929_R133_T46RCN_20240210T081237,0.0,no_water_crossing,0.0,S2A_MSIL2A_20241022T042831_R133_T46RCN_20241022T081405,0.0
657,40961755,40961755,into_BD,1.9,0.295,1,5,0,Sylhet,91.9313342863926,25.181165717702527,no_water_crossing,0.0,S2B_MSIL2A_20240210T042929_R133_T46RCN_20240210T081237,0.0,no_water_crossing,0.0,S2A_MSIL2A_20241022T042831_R133_T46RCN_20241022T081405,0.0
658,40961755,40961755,out_of_BD,1.9,0.295,1,5,0,Sylhet,91.93369425815342,25.178805791960286,no_water_crossing,0.0,S2B_MSIL2A_20240210T042929_R133_T46RCN_20240210T081237,0.0,no_water_crossing,0.0,S2A_MSIL2A_20241022T042831_R133_T46RCN_20241022T081405,0.0
659,40961755,40961755,into_BD,1.9,0.295,1,5,0,Sylhet,91.93403138952908,25.178468656334683,no_water_crossing,0.0,S2B_MSIL2A_20240210T042929_R133_T46RCN_20240210T081237,0.0,no_water_crossing,0.0,S2A_MSIL2A_20241022T042831_R133_T46RCN_20241022T081405,0.0
660,40961757,40961757,into_BD,1.0,0.146,1,5,0,Sylhet,91.93958333386004,25.178587963180448,no_water_crossing,0.0,S2B_MSIL2A_20240210T042929_R133_T46RCN_20240210T081237,0.0,no_water_crossing,0.0,S2A_MSIL2A_20241022T042831_R133_T46RCN_20241022T081405,0.0
661,40961759,40961759,into_BD,1.0,0.146,1,5,0,Sylhet,91.94375000070468,25.178356481773715,no_water_crossing,0.0,S2B_MSIL2A_20240210T042929_R133_T46RCN_20240210T081237,0.0,no_water_crossing,0.0,S2A_MSIL2A_20241022T042831_R133_T46RCN_20241022T081405,0.0
662,40961761,40961761,into_BD,32.4,4.944,3,5,1,Sylhet,91.95302649428668,25.178026921701782,confirmed,40.0,S2B_MSIL2A_20240210T042929_R133_T46RCN_20240210T081237,0.0,no_water_crossing,0.0,S2A_MSIL2A_20241022T042831_R133_T46RCN_20241022T081405,0.0
663,40961971,41030560,into_BD,3225.9,146.802,4,2,60,Rajshahi,88.75625009951852,25.182500007560396,confirmed,80.0,S2A_MSIL2A_20240228T043731_R033_T45RXH_20240228T101839,0.0,confirmed,100.0,S2B_MSIL2A_20241030T043829_R033_T45RXH_20241030T073548,15.5
664,40961986,40964982,into_BD,5.8,0.417,1,6,0,Mymensingh,90.5908566361056,25.175810140961023,no_water_crossing,0.0,S2B_MSIL2A_20240311T042659_R133_T46RBN_20240311T083320,0.0,no_water_crossing,0.0,S2A_MSIL2A_20241022T042831_R133_T45RZH_20241022T081405,1.9
665,40961987,40961987,into_BD,2.9,0.21,1,7,0,Mymensingh,90.60625001924052,25.17638346681036,no_water_crossing,0.0,S2B_MSIL2A_20240311T042659_R133_T46RBN_20240311T083320,0.0,no_water_crossing,0.0,S2A_MSIL2A_20241022T042831_R133_T45RZH_20241022T081405,1.9
666,40961992,40961992,into_BD,2.3,0.301,1,8,0,Sylhet,91.03858868012706,25.186411443332876,no_water_crossing,0.0,S2B_MSIL2A_20240311T042659_R133_T46RBN_20240311T083320,0.0,no_water_crossing,0.0,S2A_MSIL2A_20241022T042831_R133_T46RCN_20241022T081405,0.0
667,40961995,40968772,into_BD,58.8,7.719,3,5,0,Sylhet,91.0770833338797,25.19780326251922,no_water_crossing,0.0,S2B_MSIL2A_20240311T042659_R133_T46RBN_20240311T083320,0.0,no_water_crossing,0.0,S2A_MSIL2A_20241022T042831_R133_T46RCN_20241022T081405,0.0
668,40962002,40967780,into_BD,540.1,91.37,4,4,27,Sylhet,91.38431596386194,25.1698507434855,confirmed,40.0,S2B_MSIL2A_20240210T042929_R133_T46RCN_20240210T081237,0.0,confirmed,220.0,S2A_MSIL2A_20241022T042831_R133_T46RCN_20241022T081405,0.0
669,40962003,40962003,into_BD,2.5,0.425,1,5,17,Sylhet,91.38728149163168,25.168750014507225,confirmed,30.0,S2B_MSIL2A_20240210T042929_R133_T46RCN_20240210T081237,0.0,confirmed,220.0,S2A_MSIL2A_20241022T042831_R133_T46RCN_20241022T081405,0.0
670,40962010,40962010,into_BD,0.8,0.135,1,7,2,Sylhet,91.6062500006924,25.17442129651098,no_water_crossing,0.0,S2B_MSIL2A_20240210T042929_R133_T46RCN_20240210T081237,0.0,no_water_crossing,0.0,S2A_MSIL2A_20241022T042831_R133_T46RCN_20241022T081405,0.0
671,40962010,40962010,out_of_BD,0.8,0.135,1,7,0,Sylhet,91.60625000014934,25.16886574078688,no_water_crossing,0.0,S2B_MSIL2A_20240210T042929_R133_T46RCN_20240210T081237,0.0,no_water_crossing,0.0,S2A_MSIL2A_20241022T042831_R133_T46RCN_20241022T081405,0.0
672,40962011,40962011,out_of_BD,1.2,0.202,1,6,0,Sylhet,91.60667227730148,25.16917230491544,no_water_crossing,0.0,S2B_MSIL2A_20240210T042929_R133_T46RCN_20240210T081237,0.0,no_water_crossing,0.0,S2A_MSIL2A_20241022T042831_R133_T46RCN_20241022T081405,0.0
673,40962012,40964490,into_BD,6.0,1.048,2,5,0,Sylhet,91.61522635682633,25.173560105334236,no_water_crossing,0.0,S2B_MSIL2A_20240210T042929_R133_T46RCN_20240210T081237,0.0,no_water_crossing,0.0,S2A_MSIL2A_20241022T042831_R133_T46RCN_20241022T081405,0.0
674,40962012,40964490,out_of_BD,6.0,1.048,2,5,0,Sylhet,91.61187949635357,25.17021301090622,no_water_crossing,0.0,S2B_MSIL2A_20240210T042929_R133_T46RCN_20240210T081237,0.0,no_water_crossing,0.0,S2A_MSIL2A_20241022T042831_R133_T46RCN_20241022T081405,0.0
675,40962015,40962015,into_BD,12.6,2.18,2,6,0,Sylhet,91.7444314969948,25.16875002721377,no_water_crossing,0.0,S2B_MSIL2A_20240210T042929_R133_T46RCN_20240210T081237,0.0,no_water_crossing,0.0,S2A_MSIL2A_20241022T042831_R133_T46RCN_20241022T081405,0.0
676,40962016,40967512,out_of_BD,345.8,58.718,4,5,20,Sylhet,91.75625000114782,25.17627314854971,confirmed,120.0,S2B_MSIL2A_20240210T042929_R133_T46RCN_20240210T081237,0.0,confirmed,160.0,S2A_MSIL2A_20241022T042831_R133_T46RCN_20241022T081405,0.0
677,40962016,40967512,into_BD,345.8,58.718,4,5,29,Sylhet,91.75625000284384,25.17141203803225,no_water_crossing,0.0,S2B_MSIL2A_20240210T042929_R133_T46RCN_20240210T081237,0.0,confirmed,190.0,S2A_MSIL2A_20241022T042831_R133_T46RCN_20241022T081405,0.0
678,40962017,40962017,into_BD,1.4,0.209,1,5,0,Sylhet,91.91875000136652,25.181399596875607,no_water_crossing,0.0,S2B_MSIL2A_20240210T042929_R133_T46RCN_20240210T081237,0.0,no_water_crossing,0.0,S2A_MSIL2A_20241022T042831_R133_T46RCN_20241022T081405,0.0
679,40962023,40962023,into_BD,1.2,0.169,1,5,0,Sylhet,91.96875000317776,25.17656250135155,no_water_crossing,0.0,S2B_MSIL2A_20240210T042929_R133_T46RCN_20240210T081237,0.0,no_water_crossing,0.0,S2A_MSIL2A_20241022T042831_R133_T46RCN_20241022T081405,0.0
680,40962025,40962025,into_BD,4.5,0.655,1,5,0,Sylhet,91.9729166852854,25.17520252808377,no_water_crossing,0.0,S2B_MSIL2A_20240210T042929_R133_T46RCN_20240210T081237,0.0,no_water_crossing,0.0,S2A_MSIL2A_20241022T042831_R133_T46RCN_20241022T081405,0.0
681,40962027,40962027,into_BD,1.0,0.14,1,6,0,Sylhet,91.9770833345472,25.17326388940934,no_water_crossing,0.0,S2B_MSIL2A_20240210T042929_R133_T46RCN_20240210T081237,0.0,no_water_crossing,0.0,S2A_MSIL2A_20241022T042831_R133_T46RCN_20241022T081405,0.0
682,40962028,40969798,out_of_BD,852.7,115.896,5,4,10,Sylhet,91.99405500037304,25.181250003980143,no_water_crossing,0.0,S2B_MSIL2A_20240210T042929_R133_T46RCN_20240210T081237,0.0,no_water_crossing,0.0,S2A_MSIL2A_20241022T042831_R133_T46RCN_20241022T081405,0.0
683,40962028,40969798,into_BD,852.7,115.896,5,4,13,Sylhet,91.98657733779244,25.17407777055975,no_water_crossing,0.0,S2B_MSIL2A_20240210T042929_R133_T46RCN_20240210T081237,0.0,no_water_crossing,0.0,S2A_MSIL2A_20241022T042831_R133_T46RCN_20241022T081405,0.0
684,40962030,40962030,into_BD,3.3,0.396,1,6,0,Sylhet,92.11351862176856,25.168750054818982,no_water_crossing,0.0,S2B_MSIL2A_20240210T042929_R133_T46RDN_20240210T081226,0.0,no_water_crossing,0.0,S2A_MSIL2A_20241022T042831_R133_T46RDN_20241022T081405,0.5
685,40962224,40968488,into_BD,19.4,1.045,1,6,0,Mymensingh,90.13958333637729,25.223530818196977,no_water_crossing,0.0,S2B_MSIL2A_20240311T042659_R133_T46RBN_20240311T083320,0.0,no_water_crossing,0.0,S2A_MSIL2A_20241022T042831_R133_T45RZH_20241022T081405,1.9
686,40962226,40964982,out_of_BD,14.2,1.021,2,6,0,Mymensingh,90.61794396323822,25.172916675829505,no_water_crossing,0.0,S2B_MSIL2A_20240311T042659_R133_T46RBN_20240311T083320,0.0,no_water_crossing,0.0,S2A_MSIL2A_20241022T042831_R133_T45RZH_20241022T081405,1.9
687,40962226,40964982,into_BD,14.2,1.021,2,6,0,Mymensingh,90.6187500005421,25.17251749127814,no_water_crossing,0.0,S2B_MSIL2A_20240311T042659_R133_T46RBN_20240311T083320,0.0,no_water_crossing,0.0,S2A_MSIL2A_20241022T042831_R133_T45RZH_20241022T081405,1.9
688,40962229,40962968,into_BD,3.5,0.283,1,6,0,Mymensingh,90.74375000204542,25.16537716261468,no_water_crossing,0.0,S2B_MSIL2A_20240311T042659_R133_T46RBN_20240311T083320,0.0,no_water_crossing,0.0,S2A_MSIL2A_20241022T042831_R133_T45RZH_20241022T081405,1.9
689,40962231,40963709,into_BD,5.0,0.611,1,6,0,Sylhet,91.00208337705908,25.18051727421667,no_water_crossing,0.0,S2B_MSIL2A_20240311T042659_R133_T46RBN_20240311T083320,0.0,no_water_crossing,0.0,S2A_MSIL2A_20241022T042831_R133_T45RZH_20241022T081405,1.9
690,40962233,40962233,into_BD,11.3,1.866,1,6,0,Sylhet,91.3503994982715,25.175399602589383,no_water_crossing,0.0,S2B_MSIL2A_20240210T042929_R133_T46RCN_20240210T081237,0.0,no_water_crossing,0.0,S2A_MSIL2A_20241022T042831_R133_T46RCN_20241022T081405,0.0
691,40962240,40962240,into_BD,3.1,0.539,1,7,0,Sylhet,91.58541668059549,25.17206653449303,no_water_crossing,0.0,S2B_MSIL2A_20240210T042929_R133_T46RCN_20240210T081237,0.0,no_water_crossing,0.0,S2A_MSIL2A_20241022T042831_R133_T46RCN_20241022T081405,0.0
692,40962241,40964218,into_BD,8.4,1.455,2,6,0,Sylhet,91.59375002175946,25.173894747403097,no_water_crossing,0.0,S2B_MSIL2A_20240210T042929_R133_T46RCN_20240210T081237,0.0,no_water_crossing,0.0,S2A_MSIL2A_20241022T042831_R133_T46RCN_20241022T081405,0.0
693,40962242,40962242,into_BD,1.0,0.168,1,6,0,Sylhet,91.60208333451376,25.17443387717658,no_water_crossing,0.0,S2B_MSIL2A_20240210T042929_R133_T46RCN_20240210T081237,0.0,no_water_crossing,0.0,S2A_MSIL2A_20241022T042831_R133_T46RCN_20241022T081405,0.0
694,40962243,40964490,into_BD,8.2,1.418,2,5,0,Sylhet,91.60355899552002,25.166059040064365,no_water_crossing,0.0,S2B_MSIL2A_20240210T042929_R133_T46RCN_20240210T081237,0.0,no_water_crossing,0.0,S2A_MSIL2A_20241022T042831_R133_T46RCN_20241022T081405,0.0
695,40962249,40962987,into_BD,3.1,0.525,1,6,37,Sylhet,91.79375000042523,25.16808441586956,no_water_crossing,0.0,S2B_MSIL2A_20240210T042929_R133_T46RCN_20240210T081237,0.0,no_water_crossing,0.0,S2A_MSIL2A_20241022T042831_R133_T46RCN_20241022T081405,0.0
696,40962251,40962251,into_BD,2.7,0.456,1,8,0,Sylhet,91.79904104098378,25.16875001155718,no_water_crossing,0.0,S2B_MSIL2A_20240210T042929_R133_T46RCN_20240210T081237,0.0,no_water_crossing,0.0,S2A_MSIL2A_20241022T042831_R133_T46RCN_20241022T081405,0.0
697,40962251,40962251,out_of_BD,2.7,0.456,1,8,0,Sylhet,91.79954076302506,25.1687500139517,no_water_crossing,0.0,S2B_MSIL2A_20240210T042929_R133_T46RCN_20240210T081237,0.0,no_water_crossing,0.0,S2A_MSIL2A_20241022T042831_R133_T46RCN_20241022T081405,0.0
698,40962251,40962251,into_BD,2.7,0.456,1,8,0,Sylhet,91.80208333361524,25.168335229893778,no_water_crossing,0.0,S2B_MSIL2A_20240210T042929_R133_T46RCN_20240210T081237,0.0,no_water_crossing,0.0,S2A_MSIL2A_20241022T042831_R133_T46RCN_20241022T081405,0.0
699,40962252,40962252,into_BD,5.0,0.848,2,7,0,Sylhet,91.80625000058208,25.1718910329154,no_water_crossing,0.0,S2B_MSIL2A_20240210T042929_R133_T46RCN_20240210T081237,0.0,no_water_crossing,0.0,S2A_MSIL2A_20241022T042831_R133_T46RCN_20241022T081405,0.0
700,40962252,40962252,out_of_BD,5.0,0.848,2,7,0,Sylhet,91.80625000073206,25.170295602360003,no_water_crossing,0.0,S2B_MSIL2A_20240210T042929_R133_T46RCN_20240210T081237,0.0,no_water_crossing,0.0,S2A_MSIL2A_20241022T042831_R133_T46RCN_20241022T081405,0.0
701,40962252,40962252,into_BD,5.0,0.848,2,7,0,Sylhet,91.80604457740098,25.16854458657351,no_water_crossing,0.0,S2B_MSIL2A_20240210T042929_R133_T46RCN_20240210T081237,0.0,no_water_crossing,0.0,S2A_MSIL2A_20241022T042831_R133_T46RCN_20241022T081405,0.0
702,40962253,40962990,into_BD,2.7,0.443,1,6,0,Sylhet,91.85625000875876,25.172737474171296,no_water_crossing,0.0,S2B_MSIL2A_20240210T042929_R133_T46RCN_20240210T081237,0.0,no_water_crossing,0.0,S2A_MSIL2A_20241022T042831_R133_T46RCN_20241022T081405,0.0
703,40962468,40970017,into_BD,362.5,23.278,4,5,44,Mymensingh,90.509044863005,25.174288517509005,no_water_crossing,0.0,S2B_MSIL2A_20240311T042659_R133_T46RBN_20240311T083320,0.0,confirmed,110.0,S2A_MSIL2A_20241022T042831_R133_T45RZH_20241022T081405,1.9
704,40962472,40963953,into_BD,13.0,1.023,1,6,0,Mymensingh,90.71041666863364,25.168002313211858,no_water_crossing,0.0,S2B_MSIL2A_20240311T042659_R133_T46RBN_20240311T083320,0.0,no_water_crossing,0.0,S2A_MSIL2A_20241022T042831_R133_T45RZH_20241022T081405,1.9
705,40962473,40962473,into_BD,4.5,0.357,1,7,0,Mymensingh,90.72262528869295,25.16429196775477,no_water_crossing,0.0,S2B_MSIL2A_20240311T042659_R133_T46RBN_20240311T083320,0.0,no_water_crossing,0.0,S2A_MSIL2A_20241022T042831_R133_T45RZH_20241022T081405,1.9
706,40962474,40971979,into_BD,85.4,8.485,2,6,0,Mymensingh,90.8854166709926,25.16678620631058,no_water_crossing,0.0,S2B_MSIL2A_20240311T042659_R133_T46RBN_20240311T083320,0.0,no_water_crossing,0.0,S2A_MSIL2A_20241022T042831_R133_T45RZH_20241022T081405,1.9
707,40962475,40962475,into_BD,3.5,0.36,1,7,2,Mymensingh,90.89791666800338,25.166290456449374,no_water_crossing,0.0,S2B_MSIL2A_20240311T042659_R133_T46RBN_20240311T083320,0.0,no_water_crossing,0.0,S2A_MSIL2A_20241022T042831_R133_T45RZH_20241022T081405,1.9
708,40962476,40962476,into_BD,9.1,0.998,2,8,0,Mymensingh,90.95010111548508,25.17073227057872,no_water_crossing,0.0,S2B_MSIL2A_20240311T042659_R133_T46RBN_20240311T083320,0.0,no_water_crossing,0.0,S2A_MSIL2A_20241022T042831_R133_T45RZH_20241022T081405,1.9
709,40962477,40963956,into_BD,90.9,10.19,3,7,31,Sylhet,90.97291666786832,25.17565245226174,confirmed,40.0,S2B_MSIL2A_20240311T042659_R133_T46RBN_20240311T083320,0.0,confirmed,50.0,S2A_MSIL2A_20241022T042831_R133_T45RZH_20241022T081405,1.9
710,40962489,40962489,into_BD,2.5,0.425,1,7,0,Sylhet,91.78009000026644,25.165743391786087,no_water_crossing,0.0,S2B_MSIL2A_20240210T042929_R133_T46RCN_20240210T081237,0.0,no_water_crossing,0.0,S2A_MSIL2A_20241022T042831_R133_T46RCN_20241022T081405,0.0
711,40962491,40962491,into_BD,2.7,0.434,1,7,0,Sylhet,91.8770833348723,25.175196151611697,no_water_crossing,0.0,S2B_MSIL2A_20240210T042929_R133_T46RCN_20240210T081237,0.0,no_water_crossing,0.0,S2A_MSIL2A_20241022T042831_R133_T46RCN_20241022T081405,0.0
712,40962499,40962499,into_BD,1.7,0.207,1,7,5,Sylhet,92.12708333381336,25.16166001585677,no_water_crossing,0.0,S2B_MSIL2A_20240210T042929_R133_T46RDN_20240210T081226,0.0,no_water_crossing,0.0,S2A_MSIL2A_20241022T042831_R133_T46RDN_20241022T081405,0.5
713,40962500,40962498,into_BD,1.9,0.229,1,6,0,Sylhet,92.13071704739323,25.160416673206804,no_water_crossing,0.0,S2B_MSIL2A_20240210T042929_R133_T46RDN_20240210T081226,0.0,no_water_crossing,0.0,S2A_MSIL2A_20241022T042831_R133_T46RDN_20241022T081405,0.5
714,40962731,40962731,into_BD,5.8,0.394,1,6,0,Mymensingh,90.49561652195152,25.16688379235893,no_water_crossing,0.0,S2B_MSIL2A_20240311T042659_R133_T46RBN_20240311T083320,0.0,no_water_crossing,0.0,S2A_MSIL2A_20241022T042831_R133_T45RZH_20241022T081405,1.9
715,40962734,40962734,into_BD,10.1,0.776,2,5,0,Mymensingh,90.67599038600537,25.175990422860224,no_water_crossing,0.0,S2B_MSIL2A_20240311T042659_R133_T46RBN_20240311T083320,0.0,no_water_crossing,0.0,S2A_MSIL2A_20241022T042831_R133_T45RZH_20241022T081405,1.9
716,40962736,40962736,into_BD,1.9,0.205,1,7,0,Mymensingh,90.9187500078802,25.16416439074927,no_water_crossing,0.0,S2B_MSIL2A_20240311T042659_R133_T46RBN_20240311T083320,0.0,no_water_crossing,0.0,S2A_MSIL2A_20241022T042831_R133_T45RZH_20241022T081405,1.9
717,40962743,40966470,into_BD,22.3,3.799,3,4,0,Sylhet,91.42291667055474,25.161458334390066,no_water_crossing,0.0,S2B_MSIL2A_20240210T042929_R133_T46RCN_20240210T081237,0.0,no_water_crossing,0.0,S2A_MSIL2A_20241022T042831_R133_T46RCN_20241022T081405,0.0
718,40962946,40982115,out_of_BD,1526.0,58.047,4,4,18,Rajshahi,88.44375000262642,25.182600120763777,confirmed,250.0,S2A_MSIL2A_20240228T043731_R033_T45RXH_20240228T101839,0.0,confirmed,320.0,S2B_MSIL2A_20241030T043829_R033_T45RXH_20241030T073548,15.5
719,40962946,40982115,into_BD,1526.0,58.047,4,4,19,Rajshahi,88.44558478131614,25.179415668432412,confirmed,70.0,S2A_MSIL2A_20240228T043731_R033_T45RXH_20240228T101839,0.0,confirmed,60.0,S2B_MSIL2A_20241030T043829_R033_T45RXH_20241030T073548,15.5
720,40962963,40962965,into_BD,19.0,1.264,2,6,0,Mymensingh,90.46275635519623,25.15391036408754,no_water_crossing,0.0,S2B_MSIL2A_20240311T042659_R133_T46RBN_20240311T083320,0.0,no_water_crossing,0.0,S2A_MSIL2A_20241022T042831_R133_T45RZH_20241022T081405,1.9
721,40962964,40962964,into_BD,4.7,0.312,1,7,0,Mymensingh,90.47291667279544,25.157413454935263,no_water_crossing,0.0,S2B_MSIL2A_20240311T042659_R133_T46RBN_20240311T083320,0.0,no_water_crossing,0.0,S2A_MSIL2A_20241022T042831_R133_T45RZH_20241022T081405,1.9
722,40962971,40963702,into_BD,2.7,0.247,1,9,0,Mymensingh,90.81875001169782,25.163590497007178,no_water_crossing,0.0,S2B_MSIL2A_20240311T042659_R133_T46RBN_20240311T083320,0.0,no_water_crossing,0.0,S2A_MSIL2A_20241022T042831_R133_T45RZH_20241022T081405,1.9
723,40962980,40968509,into_BD,138.9,24.244,4,4,0,Sylhet,91.57412484605906,25.167541863495345,no_water_crossing,0.0,S2B_MSIL2A_20240210T042929_R133_T46RCN_20240210T081237,0.0,no_water_crossing,0.0,S2A_MSIL2A_20241022T042831_R133_T46RCN_20241022T081405,0.0
724,40962981,40964490,out_of_BD,10.5,1.822,2,5,0,Sylhet,91.6011601144097,25.153006588146397,no_water_crossing,0.0,S2B_MSIL2A_20240210T042929_R133_T46RCN_20240210T081237,0.0,no_water_crossing,0.0,S2A_MSIL2A_20241022T042831_R133_T46RCN_20241022T081405,0.0
725,40962983,40968274,into_BD,39.0,6.825,3,5,3,Sylhet,91.71264168864356,25.15819180716782,no_water_crossing,0.0,S2B_MSIL2A_20240210T042929_R133_T46RCN_20240210T081237,0.0,no_water_crossing,0.0,S2A_MSIL2A_20241022T042831_R133_T46RCN_20241022T081405,0.0
726,40962983,40968274,out_of_BD,39.0,6.825,3,5,0,Sylhet,91.71632348370976,25.154510020964494,no_water_crossing,0.0,S2B_MSIL2A_20240210T042929_R133_T46RCN_20240210T081237,0.0,no_water_crossing,0.0,S2A_MSIL2A_20241022T042831_R133_T46RCN_20241022T081405,0.0
727,40962983,40968274,into_BD,39.0,6.825,3,5,0,Sylhet,91.71816429799888,25.15266908957924,no_water_crossing,0.0,S2B_MSIL2A_20240210T042929_R133_T46RCN_20240210T081237,0.0,no_water_crossing,0.0,S2A_MSIL2A_20241022T042831_R133_T46RCN_20241022T081405,0.0
728,40962984,40962984,into_BD,2.5,0.432,1,6,25,Sylhet,91.7228444157522,25.15208339194861,no_water_crossing,0.0,S2B_MSIL2A_20240210T042929_R133_T46RCN_20240210T081237,0.0,no_water_crossing,0.0,S2A_MSIL2A_20241022T042831_R133_T46RCN_20241022T081405,0.0
729,40962988,40964495,into_BD,23.3,3.9,3,5,0,Sylhet,91.82086716342916,25.174966323607386,no_water_crossing,0.0,S2B_MSIL2A_20240210T042929_R133_T46RCN_20240210T081237,0.0,no_water_crossing,0.0,S2A_MSIL2A_20241022T042831_R133_T46RCN_20241022T081405,0.0
730,40962994,40963205,into_BD,52.4,5.965,3,6,0,Sylhet,92.13810760660348,25.15477431837012,no_water_crossing,0.0,S2B_MSIL2A_20240210T042929_R133_T46RDN_20240210T081226,0.0,no_water_crossing,0.0,S2A_MSIL2A_20241022T042831_R133_T46RDN_20241022T081405,0.5
731,40962994,40963205,out_of_BD,52.4,5.965,3,6,0,Sylhet,92.1360242879736,25.152690979200063,no_water_crossing,0.0,S2B_MSIL2A_20240210T042929_R133_T46RDN_20240210T081226,0.0,no_water_crossing,0.0,S2A_MSIL2A_20241022T042831_R133_T46RDN_20241022T081405,0.5
732,40962994,40963205,into_BD,52.4,5.965,3,6,0,Sylhet,92.13567707506284,25.15234375328199,no_water_crossing,0.0,S2B_MSIL2A_20240210T042929_R133_T46RDN_20240210T081226,0.0,no_water_crossing,0.0,S2A_MSIL2A_20241022T042831_R133_T46RDN_20241022T081405,0.5
733,40963178,40966971,into_BD,51.9,4.773,2,7,0,Mymensingh,90.83958333778207,25.16235778285348,no_water_crossing,0.0,S2B_MSIL2A_20240311T042659_R133_T46RBN_20240311T083320,0.0,no_water_crossing,0.0,S2A_MSIL2A_20241022T042831_R133_T45RZH_20241022T081405,1.9
734,40963207,40963207,into_BD,1.6,0.18,1,7,0,Sylhet,92.1354166676924,25.150347222744752,no_water_crossing,0.0,S2B_MSIL2A_20240210T042929_R133_T46RDN_20240210T081226,0.0,no_water_crossing,0.0,S2A_MSIL2A_20241022T042831_R133_T46RDN_20241022T081405,0.5
735,40963446,40963446,into_BD,4.1,0.395,1,8,0,Mymensingh,90.86458334954638,25.16112246875664,no_water_crossing,0.0,S2B_MSIL2A_20240311T042659_R133_T46RBN_20240311T083320,0.0,no_water_crossing,0.0,S2A_MSIL2A_20241022T042831_R133_T45RZH_20241022T081405,1.9
736,40963462,40963462,out_of_BD,5.1,0.864,1,5,0,Sylhet,91.55296450760991,25.148798103209497,no_water_crossing,0.0,S2B_MSIL2A_20240210T042929_R133_T46RCN_20240210T081237,0.0,no_water_crossing,0.0,S2A_MSIL2A_20241022T042831_R133_T46RCN_20241022T081405,0.0
737,40963464,40963464,out_of_BD,1.4,0.233,1,6,0,Sylhet,91.6145585286962,25.143750059144622,no_water_crossing,0.0,S2B_MSIL2A_20240210T042929_R133_T46RCN_20240210T081237,0.0,no_water_crossing,0.0,S2A_MSIL2A_20241022T042831_R133_T46RCN_20241022T081405,0.0
738,40963464,40963464,into_BD,1.4,0.233,1,6,0,Sylhet,91.61232638429344,25.14375008905461,no_water_crossing,0.0,S2B_MSIL2A_20240210T042929_R133_T46RCN_20240210T081237,0.0,no_water_crossing,0.0,S2A_MSIL2A_20241022T042831_R133_T46RCN_20241022T081405,0.0
739,40963464,40963464,out_of_BD,1.4,0.233,1,6,0,Sylhet,91.60662202315665,25.14375001261789,no_water_crossing,0.0,S2B_MSIL2A_20240210T042929_R133_T46RCN_20240210T081237,0.0,no_water_crossing,0.0,S2A_MSIL2A_20241022T042831_R133_T46RCN_20241022T081405,0.0
740,40963680,40963680,into_BD,9.5,0.307,1,5,0,Rajshahi,88.89791672128678,25.18252337880659,no_water_crossing,0.0,S2A_MSIL2A_20240228T043731_R033_T45RXH_20240228T101839,0.0,no_water_crossing,0.0,S2B_MSIL2A_20241030T043829_R033_T45RXH_20241030T073548,15.5
741,40963681,40968745,into_BD,251.1,8.326,3,4,0,Rajshahi,88.93921167150663,25.17708334337151,no_water_crossing,0.0,S2A_MSIL2A_20240228T043731_R033_T45RXH_20240228T101839,0.0,no_water_crossing,0.0,S2B_MSIL2A_20241030T043829_R033_T45RXH_20241030T073548,15.5
742,40963681,40968745,out_of_BD,251.1,8.326,3,4,0,Rajshahi,88.9241011930263,25.169935241003024,no_water_crossing,0.0,S2A_MSIL2A_20240228T043731_R033_T45RXH_20240228T101839,0.0,no_water_crossing,0.0,S2B_MSIL2A_20241030T043829_R033_T45RXH_20241030T073548,15.5
743,40963681,40968745,into_BD,251.1,8.326,3,4,0,Rajshahi,88.9204326486622,25.1662666465338,no_water_crossing,0.0,S2A_MSIL2A_20240228T043731_R033_T45RXH_20240228T101839,0.0,no_water_crossing,0.0,S2B_MSIL2A_20241030T043829_R033_T45RXH_20241030T073548,15.5
744,40963682,40963682,out_of_BD,23.1,0.752,2,5,0,Rajshahi,88.93958333413111,25.176744513276866,no_water_crossing,0.0,S2A_MSIL2A_20240228T043731_R033_T45RXH_20240228T101839,0.0,no_water_crossing,0.0,S2B_MSIL2A_20241030T043829_R033_T45RXH_20241030T073548,15.5
745,40963698,40963698,into_BD,10.9,0.751,1,6,0,Mymensingh,90.53541673489794,25.173148574509742,no_water_crossing,0.0,S2B_MSIL2A_20240311T042659_R133_T46RBN_20240311T083320,0.0,no_water_crossing,0.0,S2A_MSIL2A_20241022T042831_R133_T45RZH_20241022T081405,1.9
746,40963701,40965219,into_BD,13.0,1.154,2,8,0,Mymensingh,90.80265240425518,25.173485760118997,no_water_crossing,0.0,S2B_MSIL2A_20240311T042659_R133_T46RBN_20240311T083320,0.0,no_water_crossing,0.0,S2A_MSIL2A_20241022T042831_R133_T45RZH_20241022T081405,1.9
747,40963714,40963714,into_BD,1.6,0.265,1,7,0,Sylhet,91.53125000072971,25.145254629843414,no_water_crossing,0.0,S2B_MSIL2A_20240210T042929_R133_T46RCN_20240210T081237,0.0,no_water_crossing,0.0,S2A_MSIL2A_20241022T042831_R133_T46RCN_20241022T081405,0.0
748,40963715,40964217,into_BD,1.2,0.199,1,5,0,Sylhet,91.53804257554437,25.146376015369412,no_water_crossing,0.0,S2B_MSIL2A_20240210T042929_R133_T46RCN_20240210T081237,0.0,no_water_crossing,0.0,S2A_MSIL2A_20241022T042831_R133_T46RCN_20241022T081405,0.0
749,40963971,40963971,into_BD,7.8,1.321,2,6,0,Sylhet,91.45208334948794,25.15282564393009,no_water_crossing,0.0,S2B_MSIL2A_20240210T042929_R133_T46RCN_20240210T081237,0.0,no_water_crossing,0.0,S2A_MSIL2A_20241022T042831_R133_T46RCN_20241022T081405,0.0
750,40963972,40965739,into_BD,15.0,2.545,2,5,0,Sylhet,91.46831402310887,25.15164776254561,no_water_crossing,0.0,S2B_MSIL2A_20240210T042929_R133_T46RCN_20240210T081237,0.0,no_water_crossing,0.0,S2A_MSIL2A_20241022T042831_R133_T46RCN_20241022T081405,0.0
751,40963973,40966986,into_BD,5.8,0.991,1,4,0,Sylhet,91.5050076784592,25.144992365168303,no_water_crossing,0.0,S2B_MSIL2A_20240210T042929_R133_T46RCN_20240210T081237,0.0,no_water_crossing,0.0,S2A_MSIL2A_20241022T042831_R133_T46RCN_20241022T081405,0.0
752,40963976,40964223,into_BD,4.1,0.699,2,5,0,Sylhet,91.66573070391506,25.136564129771585,no_water_crossing,0.0,S2B_MSIL2A_20240210T042929_R133_T46RCN_20240210T081237,0.0,confirmed,290.0,S2A_MSIL2A_20241022T042831_R133_T46RCN_20241022T081405,0.0
753,40963976,40964223,out_of_BD,4.1,0.699,2,5,58,Sylhet,91.66403930847186,25.13541667331928,no_water_crossing,0.0,S2B_MSIL2A_20240210T042929_R133_T46RCN_20240210T081237,0.0,confirmed,290.0,S2A_MSIL2A_20241022T042831_R133_T46RCN_20241022T081405,0.0
754,40964199,40964199,into_BD,13.4,0.956,1,7,19,Mymensingh,90.5770833689894,25.17162714195749,no_water_crossing,0.0,S2B_MSIL2A_20240311T042659_R133_T46RBN_20240311T083320,0.0,no_water_crossing,0.0,S2A_MSIL2A_20241022T042831_R133_T45RZH_20241022T081405,1.9
755,40964219,40964490,into_BD,18.8,3.255,2,5,4,Sylhet,91.6031247623176,25.14062509054451,no_water_crossing,0.0,S2B_MSIL2A_20240210T042929_R133_T46RCN_20240210T081237,0.0,no_water_crossing,0.0,S2A_MSIL2A_20241022T042831_R133_T46RCN_20241022T081405,0.0
756,40964224,40964224,out_of_BD,3.7,0.621,1,6,35,Sylhet,91.66480984080847,25.13125000779044,no_water_crossing,0.0,S2B_MSIL2A_20240210T042929_R133_T46RCN_20240210T081237,0.0,confirmed,210.0,S2A_MSIL2A_20241022T042831_R133_T46RCN_20241022T081405,0.0
757,40964239,40964239,into_BD,3.1,0.345,1,5,83,Sylhet,92.18780974951616,25.133023677591932,confirmed,380.0,S2B_MSIL2A_20240210T042929_R133_T46RDN_20240210T081226,0.0,confirmed,510.0,S2A_MSIL2A_20241022T042831_R133_T46RDN_20241022T081405,0.5
758,40964240,40973749,into_BD,757.6,81.008,4,4,77,Sylhet,92.19083546039012,25.135416678982217,confirmed,160.0,S2B_MSIL2A_20240210T042929_R133_T46RDN_20240210T081226,0.0,confirmed,400.0,S2A_MSIL2A_20241022T042831_R133_T46RDN_20241022T081405,0.5
759,40964465,40966705,into_BD,62.7,3.988,3,7,0,Mymensingh,90.3437500064589,25.180104535092823,no_water_crossing,0.0,S2B_MSIL2A_20240311T042659_R133_T46RBN_20240311T083320,0.0,no_water_crossing,0.0,S2A_MSIL2A_20241022T042831_R133_T45RZH_20241022T081405,1.9
760,40964469,40964469,into_BD,24.5,1.702,2,6,0,Mymensingh,90.54936602789422,25.17436607096772,no_water_crossing,0.0,S2B_MSIL2A_20240311T042659_R133_T46RBN_20240311T083320,0.0,no_water_crossing,0.0,S2A_MSIL2A_20241022T042831_R133_T45RZH_20241022T081405,1.9
761,40964471,40964471,into_BD,6.8,0.48,1,6,28,Mymensingh,90.5687500024318,25.17338446178305,no_water_crossing,0.0,S2B_MSIL2A_20240311T042659_R133_T46RBN_20240311T083320,0.0,no_water_crossing,0.0,S2A_MSIL2A_20241022T042831_R133_T45RZH_20241022T081405,1.9
762,40964492,40969796,into_BD,510.2,86.645,4,4,0,Sylhet,91.65208333388806,25.127893518696467,no_water_crossing,0.0,S2B_MSIL2A_20240210T042929_R133_T46RCN_20240210T081237,0.0,no_water_crossing,0.0,S2A_MSIL2A_20241022T042831_R133_T46RCN_20241022T081405,0.0
763,40964718,40967481,into_BD,29.7,1.939,2,7,0,Mymensingh,90.41041667338392,25.15575999377896,no_water_crossing,0.0,S2B_MSIL2A_20240311T042659_R133_T46RBN_20240311T083320,0.0,no_water_crossing,0.0,S2A_MSIL2A_20241022T042831_R133_T45RZH_20241022T081405,1.9
764,40964736,40964736,into_BD,3.7,0.62,1,5,0,Sylhet,91.49375000073611,25.13693179074965,no_water_crossing,0.0,S2B_MSIL2A_20240210T042929_R133_T46RCN_20240210T081237,0.0,no_water_crossing,0.0,S2A_MSIL2A_20241022T042831_R133_T46RCN_20241022T081405,0.0
765,40964740,40964740,into_BD,4.1,0.692,1,7,0,Sylhet,91.68726385796928,25.137736608295416,confirmed,30.0,S2B_MSIL2A_20240210T042929_R133_T46RCN_20240210T081237,0.0,no_water_crossing,0.0,S2A_MSIL2A_20241022T042831_R133_T46RCN_20241022T081405,0.0
766,40964741,40965512,into_BD,31.1,5.375,3,6,0,Sylhet,91.7000005930812,25.147916681323046,no_water_crossing,0.0,S2B_MSIL2A_20240210T042929_R133_T46RCN_20240210T081237,0.0,no_water_crossing,0.0,S2A_MSIL2A_20241022T042831_R133_T46RCN_20241022T081405,0.0
767,40965013,40965013,into_BD,4.5,0.479,1,5,0,Sylhet,92.21124019912791,25.11792654170953,no_water_crossing,0.0,S2B_MSIL2A_20240210T042929_R133_T46RDN_20240210T081226,0.0,no_water_crossing,0.0,S2A_MSIL2A_20241022T042831_R133_T46RDN_20241022T081405,0.5
768,40965246,40965246,out_of_BD,1.9,0.216,1,5,0,Sylhet,92.17729042447468,25.122709682615294,no_water_crossing,0.0,S2B_MSIL2A_20240210T042929_R133_T46RDN_20240210T081226,0.0,no_water_crossing,0.0,S2A_MSIL2A_20241022T042831_R133_T46RDN_20241022T081405,0.5
769,40965246,40965246,into_BD,1.9,0.216,1,5,1,Sylhet,92.17779939606216,25.12220071800004,no_water_crossing,0.0,S2B_MSIL2A_20240210T042929_R133_T46RDN_20240210T081226,0.0,no_water_crossing,0.0,S2A_MSIL2A_20241022T042831_R133_T46RDN_20241022T081405,0.5
770,40965525,40965525,out_of_BD,4.1,0.459,1,5,0,Sylhet,92.16041666675424,25.133220436021343,no_water_crossing,0.0,S2B_MSIL2A_20240210T042929_R133_T46RDN_20240210T081226,0.0,no_water_crossing,0.0,S2A_MSIL2A_20241022T042831_R133_T46RDN_20241022T081405,0.5
771,40965525,40965525,into_BD,4.1,0.459,1,5,0,Sylhet,92.16041666789022,25.129833515882932,no_water_crossing,0.0,S2B_MSIL2A_20240210T042929_R133_T46RDN_20240210T081226,0.0,no_water_crossing,0.0,S2A_MSIL2A_20241022T042831_R133_T46RDN_20241022T081405,0.5
772,40965525,40965525,out_of_BD,4.1,0.459,1,5,0,Sylhet,92.16041666730304,25.12802715784973,no_water_crossing,0.0,S2B_MSIL2A_20240210T042929_R133_T46RDN_20240210T081226,0.0,confirmed,30.0,S2A_MSIL2A_20241022T042831_R133_T46RDN_20241022T081405,0.5
773,40965525,40965525,into_BD,4.1,0.459,1,5,0,Sylhet,92.15994579516254,25.126612503841397,no_water_crossing,0.0,S2B_MSIL2A_20240210T042929_R133_T46RDN_20240210T081226,0.0,no_water_crossing,0.0,S2A_MSIL2A_20241022T042831_R133_T46RDN_20241022T081405,0.5
774,40967523,40974538,into_BD,15.4,1.563,2,4,0,Sylhet,92.26918037827748,25.08168039654455,no_water_crossing,0.0,S2B_MSIL2A_20240210T042929_R133_T46RDN_20240210T081226,0.0,no_water_crossing,0.0,S2A_MSIL2A_20241022T042831_R133_T46RDN_20241022T081405,0.5
775,40967524,40967524,into_BD,3.3,0.325,1,4,0,Sylhet,92.33541666682224,25.07734218991154,no_water_crossing,0.0,S2B_MSIL2A_20240210T042929_R133_T46RDN_20240210T081226,0.0,no_water_crossing,0.0,S2A_MSIL2A_20241022T042831_R133_T46RDN_20241022T081405,0.5
776,40967524,40967524,out_of_BD,3.3,0.325,1,4,0,Sylhet,92.33637362759136,25.077083370546926,no_water_crossing,0.0,S2B_MSIL2A_20240210T042929_R133_T46RDN_20240210T081226,0.0,no_water_crossing,0.0,S2A_MSIL2A_20241022T042831_R133_T46RDN_20241022T081405,0.5
777,40968049,40969303,into_BD,10.9,1.136,2,5,0,Sylhet,92.2286993705568,25.095366084025812,no_water_crossing,0.0,S2B_MSIL2A_20240210T042929_R133_T46RDN_20240210T081226,0.0,no_water_crossing,0.0,S2A_MSIL2A_20241022T042831_R133_T46RDN_20241022T081405,0.5
778,40968529,41019050,into_BD,667.0,69.527,5,3,83,Sylhet,92.34791667125504,25.07354452365592,confirmed,170.0,S2B_MSIL2A_20240210T042929_R133_T46RDN_20240210T081226,0.0,confirmed,250.0,S2A_MSIL2A_20241022T042831_R133_T46RDN_20241022T081405,0.5
779,40968529,41019050,out_of_BD,667.0,69.527,5,3,73,Sylhet,92.3479166668528,25.060530822043823,no_water_crossing,0.0,S2B_MSIL2A_20240210T042929_R133_T46RDN_20240210T081226,0.0,confirmed,10.0,S2A_MSIL2A_20241022T042831_R133_T46RDN_20241022T081405,0.5
780,40969043,41019050,into_BD,719.8,74.603,5,3,73,Sylhet,92.3478322724783,25.060332280392284,no_water_crossing,0.0,S2B_MSIL2A_20240210T042929_R133_T46RDN_20240210T081226,0.0,confirmed,40.0,S2A_MSIL2A_20241022T042831_R133_T46RDN_20241022T081405,0.5
781,40969043,41019050,out_of_BD,719.8,74.603,5,3,74,Sylhet,92.34209373834038,25.054593904504426,confirmed,80.0,S2B_MSIL2A_20240210T042929_R133_T46RDN_20240210T081226,0.0,confirmed,630.0,S2A_MSIL2A_20241022T042831_R133_T46RDN_20241022T081405,0.5
782,40969043,41019050,into_BD,719.8,74.603,5,3,64,Sylhet,92.33829883492604,25.052083345796163,confirmed,60.0,S2B_MSIL2A_20240210T042929_R133_T46RDN_20240210T081226,0.0,confirmed,560.0,S2A_MSIL2A_20241022T042831_R133_T46RDN_20241022T081405,0.5
783,40969564,40970265,into_BD,30.5,3.046,2,4,0,Sylhet,92.29791666726486,25.072175081828764,no_water_crossing,0.0,S2B_MSIL2A_20240210T042929_R133_T46RDN_20240210T081226,0.0,no_water_crossing,0.0,S2A_MSIL2A_20241022T042831_R133_T46RDN_20241022T081405,0.5
784,40969767,40969767,into_BD,83.6,2.428,3,5,10,Rajshahi,88.44618130017899,25.08298560683794,no_water_crossing,0.0,S2A_MSIL2A_20240228T043731_R033_T45RXH_20240228T101839,0.0,confirmed,30.0,S2B_MSIL2A_20241030T043829_R033_T45RXH_20241030T073548,15.5
785,40969767,40969767,out_of_BD,83.6,2.428,3,5,11,Rajshahi,88.44791668724923,25.080437189242435,no_water_crossing,0.0,S2A_MSIL2A_20240228T043731_R033_T45RXH_20240228T101839,0.0,confirmed,60.0,S2B_MSIL2A_20241030T043829_R033_T45RXH_20241030T073548,15.5
786,40969767,40969767,into_BD,83.6,2.428,3,5,26,Rajshahi,88.44791683979055,25.07253678687076,no_water_crossing,0.0,S2A_MSIL2A_20240228T043731_R033_T45RXH_20240228T101839,0.0,no_water_crossing,0.0,S2B_MSIL2A_20241030T043829_R033_T45RXH_20241030T073548,15.5
787,40969767,40969767,out_of_BD,83.6,2.428,3,5,45,Rajshahi,88.45166618422415,25.040000502529455,confirmed,150.0,S2A_MSIL2A_20240228T043731_R033_T45RXH_20240228T101839,0.0,confirmed,560.0,S2B_MSIL2A_20241030T043829_R033_T45RXH_20241030T073548,15.5
788,40969768,40982115,out_of_BD,1964.6,71.554,4,4,43,Rajshahi,88.45216661140266,25.039666614911887,confirmed,110.0,S2A_MSIL2A_20240228T043731_R033_T45RXH_20240228T101839,0.0,confirmed,470.0,S2B_MSIL2A_20241030T043829_R033_T45RXH_20241030T073548,15.5
789,40970498,40972021,into_BD,15.6,1.485,2,5,0,Sylhet,92.40044060882316,25.03377410891931,no_water_crossing,0.0,S2B_MSIL2A_20240210T042929_R133_T46RDN_20240210T081226,0.0,no_water_crossing,0.0,S2A_MSIL2A_20241022T042831_R133_T46RDN_20241022T081405,0.5
790,40970923,40982115,into_BD,2055.9,74.255,4,4,30,Rajshahi,88.4520833353338,25.036300682302205,confirmed,350.0,S2A_MSIL2A_20240228T043731_R033_T45RXH_20240228T101839,0.0,confirmed,610.0,S2B_MSIL2A_20241030T043829_R033_T45RXH_20241030T073548,15.5
791,40970923,40982115,out_of_BD,2055.9,74.255,4,4,51,Rajshahi,88.44453636973294,25.027870412651353,no_water_crossing,0.0,S2A_MSIL2A_20240228T043731_R033_T45RXH_20240228T101839,0.0,confirmed,210.0,S2B_MSIL2A_20241030T043829_R033_T45RXH_20241030T073548,15.5
792,40970923,40982115,into_BD,2055.9,74.255,4,4,54,Rajshahi,88.44001818478289,25.02335209045915,no_water_crossing,0.0,S2A_MSIL2A_20240228T043731_R033_T45RXH_20240228T101839,0.0,confirmed,370.0,S2B_MSIL2A_20241030T043829_R033_T45RXH_20241030T073548,15.5
793,40970923,40982115,out_of_BD,2055.9,74.255,4,4,45,Rajshahi,88.43884685700661,25.02218065840434,no_water_crossing,0.0,S2A_MSIL2A_20240228T043731_R033_T45RXH_20240228T101839,0.0,confirmed,620.0,S2B_MSIL2A_20241030T043829_R033_T45RXH_20241030T073548,15.5
794,40971445,40971445,into_BD,9.1,0.258,1,5,47,Rajshahi,88.4250782788886,25.016588443423384,no_water_crossing,0.0,S2A_MSIL2A_20240228T043731_R033_T45RXH_20240228T101839,0.0,no_water_crossing,0.0,S2B_MSIL2A_20241030T043829_R033_T45RXH_20241030T073548,15.5
795,40971445,40971445,out_of_BD,9.1,0.258,1,5,47,Rajshahi,88.42607858348539,25.015588123968815,no_water_crossing,0.0,S2A_MSIL2A_20240228T043731_R033_T45RXH_20240228T101839,0.0,no_water_crossing,0.0,S2B_MSIL2A_20241030T043829_R033_T45RXH_20241030T073548,15.5
796,40973025,40970493,into_BD,83.2,7.948,3,4,88,Sylhet,92.41650449162162,24.99150454061547,confirmed,60.0,S2B_MSIL2A_20240210T042929_R133_T46RDN_20240210T081226,0.0,confirmed,140.0,S2A_MSIL2A_20241022T042831_R133_T46RDN_20241022T081405,0.5
797,40973470,40982115,into_BD,2168.1,77.492,4,4,44,Rajshahi,88.42633344075607,25.0096668004701,no_water_crossing,0.0,S2A_MSIL2A_20240228T043731_R033_T45RXH_20240228T101839,0.0,confirmed,150.0,S2B_MSIL2A_20241030T043829_R033_T45RXH_20241030T073548,15.5
798,40973470,40982115,out_of_BD,2168.1,77.492,4,4,52,Rajshahi,88.42450040799747,25.007833783447538,no_water_crossing,0.0,S2A_MSIL2A_20240228T043731_R033_T45RXH_20240228T101839,0.0,confirmed,160.0,S2B_MSIL2A_20241030T043829_R033_T45RXH_20241030T073548,15.5
799,40973470,40982115,into_BD,2168.1,77.492,4,4,50,Rajshahi,88.42333396067424,25.00666731011601,no_water_crossing,0.0,S2A_MSIL2A_20240228T043731_R033_T45RXH_20240228T101839,0.0,confirmed,380.0,S2B_MSIL2A_20241030T043829_R033_T45RXH_20241030T073548,15.5
800,40973470,40982115,out_of_BD,2168.1,77.492,4,4,39,Rajshahi,88.41233002937327,24.987330705713827,no_water_crossing,0.0,S2A_MSIL2A_20240228T043731_R033_T45RXH_20240228T101839,0.0,confirmed,210.0,S2B_MSIL2A_20241030T043829_R033_T45RXH_20241030T073548,15.5
801,40974036,40973533,into_BD,45.5,4.106,3,5,85,Sylhet,92.421004724052,24.974828659595065,no_water_crossing,0.0,S2B_MSIL2A_20240210T042929_R133_T46RDN_20240210T081226,0.0,no_water_crossing,0.0,S2A_MSIL2A_20241022T042831_R133_T46RDN_20241022T081405,0.5
802,40974276,40973533,out_of_BD,31.3,2.813,3,5,89,Sylhet,92.44170949667202,24.96662388725432,confirmed,210.0,S2B_MSIL2A_20240210T042929_R133_T46RDN_20240210T081226,0.0,confirmed,370.0,S2A_MSIL2A_20241022T042831_R133_T46RDN_20241022T081405,0.5
803,40974277,40974277,into_BD,12.5,1.133,2,6,87,Sylhet,92.44987234833997,24.966539156641964,confirmed,120.0,S2B_MSIL2A_20240210T042929_R133_T46RDN_20240210T081226,0.0,confirmed,260.0,S2A_MSIL2A_20241022T042831_R133_T46RDN_20241022T081405,0.5
804,40974278,40974277,into_BD,7.6,0.689,2,6,82,Sylhet,92.46234660553566,24.968750014496,confirmed,440.0,S2B_MSIL2A_20240210T042929_R133_T46RDN_20240210T081226,0.0,confirmed,550.0,S2A_MSIL2A_20241022T042831_R133_T46RDN_20241022T081405,0.5
805,40974278,40974277,out_of_BD,7.6,0.689,2,6,86,Sylhet,92.45852086756985,24.97064584928942,confirmed,110.0,S2B_MSIL2A_20240210T042929_R133_T46RDN_20240210T081226,0.0,confirmed,150.0,S2A_MSIL2A_20241022T042831_R133_T46RDN_20241022T081405,0.5
806,40974759,41002771,out_of_BD,5764.8,198.542,5,3,62,Rajshahi,88.20550531741054,24.95967201010683,confirmed,140.0,S2A_MSIL2A_20240228T043731_R033_T45RXH_20240228T101839,0.0,confirmed,270.0,S2B_MSIL2A_20241030T043829_R033_T45RXH_20241030T073548,15.5
807,40974759,41002771,into_BD,5764.8,198.542,5,3,51,Rajshahi,88.2091091429173,24.960416840199855,confirmed,160.0,S2A_MSIL2A_20240228T043731_R033_T45RXH_20240228T101839,0.0,confirmed,390.0,S2B_MSIL2A_20241030T043829_R033_T45RXH_20241030T073548,15.5
808,40974759,41002771,out_of_BD,5764.8,198.542,5,3,65,Rajshahi,88.22620623119542,24.960416725771235,confirmed,90.0,S2A_MSIL2A_20240228T043731_R033_T45RXH_20240228T101839,0.0,confirmed,740.0,S2B_MSIL2A_20241030T043829_R033_T45RXH_20241030T073548,15.5
809,40974765,40974765,out_of_BD,140.3,3.974,3,5,48,Rajshahi,88.39483288449475,24.96766715833086,no_water_crossing,0.0,S2A_MSIL2A_20240228T043731_R033_T45RXH_20240228T101839,0.0,confirmed,1330.0,S2B_MSIL2A_20241030T043829_R033_T45RXH_20241030T073548,15.5
810,40974991,41002771,into_BD,5749.8,198.14,5,3,71,Rajshahi,88.18954203828652,24.95215015854533,confirmed,480.0,S2A_MSIL2A_20240228T043731_R033_T45RXH_20240228T101839,0.0,confirmed,630.0,S2B_MSIL2A_20241030T043829_R033_T45RXH_20241030T073548,15.5
811,40975052,40975052,out_of_BD,3.9,0.35,1,6,90,Sylhet,92.43125000222932,24.966130315139,confirmed,550.0,S2B_MSIL2A_20240210T042929_R133_T46RDN_20240210T081226,0.0,confirmed,740.0,S2A_MSIL2A_20241022T042831_R133_T46RDN_20241022T081405,0.5
812,40975053,40973533,into_BD,16.9,1.504,2,5,87,Sylhet,92.45625000034948,24.95446792255601,confirmed,430.0,S2B_MSIL2A_20240210T042929_R133_T46RDN_20240210T081226,0.0,confirmed,570.0,S2A_MSIL2A_20241022T042831_R133_T46RDN_20241022T081405,0.5
813,40975245,41002771,into_BD,8104.5,279.207,5,3,73,Rajshahi,88.23125000287669,24.95476784081504,confirmed,720.0,S2A_MSIL2A_20240228T043731_R033_T45RXH_20240228T101839,0.0,confirmed,1030.0,S2B_MSIL2A_20241030T043829_R033_T45RXH_20241030T073548,15.5
814,40975245,41002771,out_of_BD,8104.5,279.207,5,3,69,Rajshahi,88.23364738859743,24.94968599930377,confirmed,490.0,S2A_MSIL2A_20240228T043731_R033_T45RXH_20240228T101839,0.0,confirmed,620.0,S2B_MSIL2A_20241030T043829_R033_T45RXH_20241030T073548,15.5
815,40976121,40976864,into_BD,99.8,9.816,3,4,74,Sylhet,92.48692781934584,24.941094531570403,confirmed,470.0,S2B_MSIL2A_20240210T042929_R133_T46RDN_20240210T081226,0.0,confirmed,880.0,S2A_MSIL2A_20241022T042831_R133_T46RDN_20241022T081405,0.5
816,40976121,40976864,out_of_BD,99.8,9.816,3,4,84,Sylhet,92.485416666998,24.937788403838116,confirmed,760.0,S2B_MSIL2A_20240210T042929_R133_T46RDN_20240210T081226,0.0,confirmed,1020.0,S2A_MSIL2A_20241022T042831_R133_T46RDN_20241022T081405,0.5
817,40976309,40982115,into_BD,2360.5,82.91,4,4,52,Rajshahi,88.3701663605703,24.945166752802127,no_water_crossing,0.0,S2A_MSIL2A_20240228T043731_R033_T45RXH_20240228T101839,0.0,confirmed,1430.0,S2B_MSIL2A_20241030T043829_R033_T45RXH_20241030T073548,15.5
818,40976585,40976585,out_of_BD,11.9,1.039,2,5,82,Sylhet,92.48479311639169,24.935416674078255,confirmed,610.0,S2B_MSIL2A_20240210T042929_R133_T46RDN_20240210T081226,0.0,confirmed,1000.0,S2A_MSIL2A_20241022T042831_R133_T46RDN_20241022T081405,0.5
819,40976821,40976821,out_of_BD,17.3,0.478,1,5,55,Rajshahi,88.39562525318004,24.941874801876647,no_water_crossing,0.0,S2A_MSIL2A_20240228T043731_R033_T45RXH_20240228T101839,0.0,confirmed,930.0,S2B_MSIL2A_20241030T043829_R033_T45RXH_20241030T073548,15.5
820,40977050,41002771,into_BD,8133.7,279.997,5,3,70,Rajshahi,88.23541666897547,24.94690288996011,confirmed,190.0,S2A_MSIL2A_20240228T043731_R033_T45RXH_20240228T101839,0.0,confirmed,250.0,S2B_MSIL2A_20241030T043829_R033_T45RXH_20241030T073548,15.5
821,40977050,41002771,out_of_BD,8133.7,279.997,5,3,74,Rajshahi,88.25160242598298,24.93125000597932,confirmed,100.0,S2A_MSIL2A_20240228T043731_R033_T45RXH_20240228T101839,0.0,confirmed,250.0,S2B_MSIL2A_20241030T043829_R033_T45RXH_20241030T073548,15.5
822,40977050,41002771,into_BD,8133.7,279.997,5,3,8,Rajshahi,88.26041666896339,24.919763809573674,no_water_crossing,0.0,S2A_MSIL2A_20240228T043731_R033_T45RXH_20240228T101839,0.0,no_water_crossing,0.0,S2B_MSIL2A_20241030T043829_R033_T45RXH_20241030T073548,15.5
823,40977098,40973533,out_of_BD,9.7,0.859,1,5,88,Sylhet,92.44891035317698,24.939583343912084,confirmed,450.0,S2B_MSIL2A_20240210T042929_R133_T46RDN_20240210T081226,0.0,confirmed,480.0,S2A_MSIL2A_20241022T042831_R133_T46RDN_20241022T081405,0.5
824,40977341,40977341,out_of_BD,2.1,0.2,1,3,84,Sylhet,92.29791666725916,24.915149456892415,no_water_crossing,0.0,S2B_MSIL2A_20240210T042929_R133_T46RDN_20240210T081226,0.0,no_water_crossing,0.0,S2A_MSIL2A_20241022T042831_R133_T46RDN_20241022T081405,0.5
825,40977342,41064598,out_of_BD,28231.9,1395.859,6,2,87,Sylhet,92.30039062463028,24.914583347374364,no_water_crossing,0.0,S2B_MSIL2A_20240210T042929_R133_T46RDN_20240210T081226,0.0,no_water_crossing,0.0,S2A_MSIL2A_20241022T042831_R133_T46RDN_20241022T081405,0.5
826,40977567,41064598,into_BD,28237.1,1396.349,6,2,83,Sylhet,92.29228510789792,24.914583384349974,confirmed,430.0,S2B_MSIL2A_20240210T042929_R133_T46RDN_20240210T081226,0.0,confirmed,480.0,S2A_MSIL2A_20241022T042831_R133_T46RDN_20241022T081405,0.5
827,40977567,41064598,out_of_BD,28237.1,1396.349,6,2,85,Sylhet,92.2876934548312,24.9126935033857,confirmed,930.0,S2B_MSIL2A_20240210T042929_R133_T46RDN_20240210T081226,0.0,confirmed,980.0,S2A_MSIL2A_20241022T042831_R133_T46RDN_20241022T081405,0.5
828,40977770,40977770,into_BD,94.0,2.589,3,5,30,Rajshahi,88.3312500264691,24.919540726020937,no_water_crossing,0.0,S2A_MSIL2A_20240228T043731_R033_T45RXH_20240228T101839,0.0,confirmed,420.0,S2B_MSIL2A_20241030T043829_R033_T45RXH_20241030T073548,15.5
829,40978022,40972963,out_of_BD,66.0,1.75,2,4,0,Rajshahi,88.16616233149809,24.94633847679494,no_water_crossing,0.0,S2A_MSIL2A_20240228T043731_R033_T45RXH_20240228T101839,0.0,no_water_crossing,0.0,S2B_MSIL2A_20241030T043829_R033_T45RXH_20241030T073548,15.5
830,40978024,41002771,out_of_BD,8152.0,280.488,5,3,15,Rajshahi,88.26133812953405,24.917828575531015,no_water_crossing,0.0,S2A_MSIL2A_20240228T043731_R033_T45RXH_20240228T101839,0.0,confirmed,130.0,S2B_MSIL2A_20241030T043829_R033_T45RXH_20241030T073548,15.5
831,40978071,40979494,into_BD,296.4,28.823,4,3,86,Sylhet,92.49375000032109,24.917049453044797,confirmed,30.0,S2B_MSIL2A_20240210T042929_R133_T46RDN_20240210T081226,0.0,confirmed,130.0,S2A_MSIL2A_20241022T042831_R133_T46RDN_20241022T081405,0.5
832,40978071,40979494,out_of_BD,296.4,28.823,4,3,55,Sylhet,92.49460838748028,24.913724978854525,confirmed,30.0,S2B_MSIL2A_20240210T042929_R133_T46RDN_20240210T081226,0.0,confirmed,270.0,S2A_MSIL2A_20241022T042831_R133_T46RDN_20241022T081405,0.5
833,40978267,40978267,out_of_BD,5.5,0.147,1,5,8,Rajshahi,88.27390207354095,24.89693133236509,no_water_crossing,0.0,S2A_MSIL2A_20240228T043731_R033_T45RXH_20240228T101839,0.0,confirmed,170.0,S2B_MSIL2A_20241030T043829_R033_T45RXH_20241030T073548,15.5
834,40978513,40978513,into_BD,9.3,0.247,1,5,1,Rajshahi,88.160416668507,24.898646532211224,no_water_crossing,0.0,S2A_MSIL2A_20240228T043731_R033_T45RXH_20240228T101839,0.0,no_water_crossing,0.0,S2B_MSIL2A_20241030T043829_R033_T45RXH_20241030T073548,15.5
835,40979249,41064598,into_BD,28259.3,1398.439,6,2,84,Sylhet,92.2826584760894,24.90765851991451,confirmed,1040.0,S2B_MSIL2A_20240210T042929_R133_T46RDN_20240210T081226,0.0,confirmed,1110.0,S2A_MSIL2A_20241022T042831_R133_T46RDN_20241022T081405,0.5
836,40979249,41064598,out_of_BD,28259.3,1398.439,6,2,84,Sylhet,92.2682083434958,24.906250522803703,confirmed,920.0,S2B_MSIL2A_20240210T042929_R133_T46RDN_20240210T081226,0.0,confirmed,1040.0,S2A_MSIL2A_20241022T042831_R133_T46RDN_20241022T081405,0.5
837,40979249,41064598,into_BD,28259.3,1398.439,6,2,84,Sylhet,92.25427871055967,24.90822134001724,confirmed,960.0,S2B_MSIL2A_20240210T042929_R133_T46RDN_20240210T081226,0.0,confirmed,1020.0,S2A_MSIL2A_20241022T042831_R133_T46RDN_20241022T081405,0.5
838,40979249,41064598,out_of_BD,28259.3,1398.439,6,2,86,Sylhet,92.23785350089318,24.904520329465452,confirmed,400.0,S2B_MSIL2A_20240210T042929_R133_T46RDN_20240210T081226,0.0,confirmed,510.0,S2A_MSIL2A_20241022T042831_R133_T46RDN_20241022T081405,0.5
839,40979249,41064598,into_BD,28259.3,1398.439,6,2,86,Sylhet,92.2338238377756,24.902083369320245,confirmed,260.0,S2B_MSIL2A_20240210T042929_R133_T46RDN_20240210T081226,0.0,confirmed,350.0,S2A_MSIL2A_20241022T042831_R133_T46RDN_20241022T081405,0.5
840,40979252,40979252,out_of_BD,6.4,0.551,2,4,38,Sylhet,92.49162091930005,24.88125001453056,confirmed,110.0,S2B_MSIL2A_20240210T042929_R133_T46RDN_20240210T081226,0.0,confirmed,150.0,S2A_MSIL2A_20241022T042831_R133_T46RDN_20241022T081405,0.5
841,40979253,40979494,into_BD,303.8,29.455,4,3,77,Sylhet,92.4968235325831,24.90099023733552,confirmed,60.0,S2B_MSIL2A_20240210T042929_R133_T46RDN_20240210T081226,0.0,confirmed,140.0,S2A_MSIL2A_20241022T042831_R133_T46RDN_20241022T081405,0.5
842,40979253,40979494,out_of_BD,303.8,29.455,4,3,70,Sylhet,92.49375000076232,24.89729675486827,confirmed,110.0,S2B_MSIL2A_20240210T042929_R133_T46RDN_20240210T081226,0.0,confirmed,360.0,S2A_MSIL2A_20241022T042831_R133_T46RDN_20241022T081405,0.5
843,40979684,40979684,into_BD,13.4,0.354,1,5,5,Rajshahi,88.15895487073679,24.872916678450476,no_water_crossing,0.0,S2A_MSIL2A_20240228T043731_R033_T45RXH_20240228T101839,0.0,no_water_crossing,0.0,S2B_MSIL2A_20241030T043829_R033_T45RXH_20241030T073548,15.5
844,40979686,41002771,into_BD,8172.2,281.032,5,3,69,Rajshahi,88.2605102494588,24.87717709294495,confirmed,90.0,S2A_MSIL2A_20240228T043731_R033_T45RXH_20240228T101839,0.0,confirmed,190.0,S2B_MSIL2A_20241030T043829_R033_T45RXH_20241030T073548,15.5
845,40979742,41064598,out_of_BD,28143.3,1387.84,6,2,90,Sylhet,92.37279280389852,24.87291667007153,no_water_crossing,0.0,S2B_MSIL2A_20240210T042929_R133_T46RDN_20240210T081226,0.0,no_water_crossing,0.0,S2A_MSIL2A_20241022T042831_R133_T46RDN_20241022T081405,0.5
846,40979742,41064598,into_BD,28143.3,1387.84,6,2,20,Sylhet,92.37130645087524,24.872916702919667,confirmed,90.0,S2B_MSIL2A_20240210T042929_R133_T46RDN_20240210T081226,0.0,confirmed,120.0,S2A_MSIL2A_20241022T042831_R133_T46RDN_20241022T081405,0.5
847,40979742,41064598,out_of_BD,28143.3,1387.84,6,2,88,Sylhet,92.36059983106423,24.876900563958127,no_water_crossing,0.0,S2B_MSIL2A_20240210T042929_R133_T46RDN_20240210T081226,0.0,confirmed,210.0,S2A_MSIL2A_20241022T042831_R133_T46RDN_20241022T081405,0.5
848,40979742,41064598,into_BD,28143.3,1387.84,6,2,88,Sylhet,92.35893026526716,24.878570185428583,no_water_crossing,0.0,S2B_MSIL2A_20240210T042929_R133_T46RDN_20240210T081226,0.0,no_water_crossing,0.0,S2A_MSIL2A_20241022T042831_R133_T46RDN_20241022T081405,0.5
849,40979742,41064598,out_of_BD,28143.3,1387.84,6,2,82,Sylhet,92.32668517057029,24.894148729377655,no_water_crossing,0.0,S2B_MSIL2A_20240210T042929_R133_T46RDN_20240210T081226,0.0,no_water_crossing,0.0,S2A_MSIL2A_20241022T042831_R133_T46RDN_20241022T081405,0.5
850,40979742,41064598,into_BD,28143.3,1387.84,6,2,84,Sylhet,92.32418044652442,24.896653113729865,confirmed,130.0,S2B_MSIL2A_20240210T042929_R133_T46RDN_20240210T081226,0.0,confirmed,190.0,S2A_MSIL2A_20241022T042831_R133_T46RDN_20241022T081405,0.5
851,40979742,41064598,out_of_BD,28143.3,1387.84,6,2,83,Sylhet,92.30693619725176,24.905563863978045,confirmed,650.0,S2B_MSIL2A_20240210T042929_R133_T46RDN_20240210T081226,0.0,confirmed,730.0,S2A_MSIL2A_20241022T042831_R133_T46RDN_20241022T081405,0.5
852,40979742,41064598,into_BD,28143.3,1387.84,6,2,84,Sylhet,92.30625000045312,24.90848518518097,confirmed,470.0,S2B_MSIL2A_20240210T042929_R133_T46RDN_20240210T081226,0.0,confirmed,530.0,S2A_MSIL2A_20241022T042831_R133_T46RDN_20241022T081405,0.5
853,40979961,40979961,out_of_BD,2.3,0.201,1,3,84,Sylhet,92.44375000027816,24.871849259014137,confirmed,140.0,S2B_MSIL2A_20240210T042929_R133_T46RDN_20240210T081226,0.0,confirmed,240.0,S2A_MSIL2A_20241022T042831_R133_T46RDN_20241022T081405,0.5
854,40979962,41064598,out_of_BD,25959.3,1251.37,6,2,85,Sylhet,92.4479387401119,24.87287474273556,confirmed,320.0,S2B_MSIL2A_20240210T042929_R133_T46RDN_20240210T081226,0.0,confirmed,450.0,S2A_MSIL2A_20241022T042831_R133_T46RDN_20241022T081405,0.5
855,40980139,40982115,out_of_BD,2527.9,87.502,4,4,41,Rajshahi,88.33541669148167,24.898006025682964,no_water_crossing,0.0,S2A_MSIL2A_20240228T043731_R033_T45RXH_20240228T101839,0.0,confirmed,60.0,S2B_MSIL2A_20241030T043829_R033_T45RXH_20241030T073548,15.5
856,40980139,40982115,into_BD,2527.9,87.502,4,4,54,Rajshahi,88.33125008261,24.87079453544854,no_water_crossing,0.0,S2A_MSIL2A_20240228T043731_R033_T45RXH_20240228T101839,0.0,no_water_crossing,0.0,S2B_MSIL2A_20241030T043829_R033_T45RXH_20241030T073548,15.5
857,40980182,41064598,into_BD,25952.1,1250.749,6,2,87,Sylhet,92.47312931070556,24.86853736571844,confirmed,300.0,S2B_MSIL2A_20240210T042929_R133_T46RDN_20240210T081226,0.0,confirmed,620.0,S2A_MSIL2A_20241022T042831_R133_T46RDN_20241022T081405,0.5
858,40980182,41064598,out_of_BD,25952.1,1250.749,6,2,87,Sylhet,92.47248893796734,24.86875000535443,confirmed,390.0,S2B_MSIL2A_20240210T042929_R133_T46RDN_20240210T081226,0.0,confirmed,720.0,S2A_MSIL2A_20241022T042831_R133_T46RDN_20241022T081405,0.5
859,40980182,41064598,into_BD,25952.1,1250.749,6,2,86,Sylhet,92.4657598727256,24.871740168117544,confirmed,800.0,S2B_MSIL2A_20240210T042929_R133_T46RDN_20240210T081226,0.0,confirmed,920.0,S2A_MSIL2A_20241022T042831_R133_T46RDN_20241022T081405,0.5
860,40980183,41064598,into_BD,25936.5,1249.448,6,2,88,Sylhet,92.49265192644238,24.87598540150745,confirmed,110.0,S2B_MSIL2A_20240210T042929_R133_T46RDN_20240210T081226,0.0,confirmed,410.0,S2A_MSIL2A_20241022T042831_R133_T46RDN_20241022T081405,0.5
861,40980183,41064598,out_of_BD,25936.5,1249.448,6,2,76,Sylhet,92.49011798448775,24.87345168242175,confirmed,230.0,S2B_MSIL2A_20240210T042929_R133_T46RDN_20240210T081226,0.0,confirmed,390.0,S2A_MSIL2A_20241022T042831_R133_T46RDN_20241022T081405,0.5
862,40980449,41064598,out_of_BD,28120.1,1385.77,6,2,86,Sylhet,92.37621083004568,24.86962285605747,no_water_crossing,0.0,S2B_MSIL2A_20240210T042929_R133_T46RDN_20240210T081226,0.0,confirmed,220.0,S2A_MSIL2A_20241022T042831_R133_T46RDN_20241022T081405,0.5
863,40980449,41064598,into_BD,28120.1,1385.77,6,2,90,Sylhet,92.37300113457968,24.87283221095269,no_water_crossing,0.0,S2B_MSIL2A_20240210T042929_R133_T46RDN_20240210T081226,0.0,no_water_crossing,0.0,S2A_MSIL2A_20241022T042831_R133_T46RDN_20241022T081405,0.5
864,40980453,41064598,into_BD,25963.4,1251.72,6,2,83,Sylhet,92.4413069542619,24.866307001866076,confirmed,200.0,S2B_MSIL2A_20240210T042929_R133_T46RDN_20240210T081226,0.0,confirmed,260.0,S2A_MSIL2A_20241022T042831_R133_T46RDN_20241022T081405,0.5
865,40980453,41064598,out_of_BD,25963.4,1251.72,6,2,81,Sylhet,92.43958333350682,24.86098683077803,confirmed,180.0,S2B_MSIL2A_20240210T042929_R133_T46RDN_20240210T081226,0.0,confirmed,210.0,S2A_MSIL2A_20241022T042831_R133_T46RDN_20241022T081405,0.5
866,40980689,41064598,out_of_BD,26775.8,1303.759,6,2,84,Sylhet,92.41920484395682,24.856250186324097,confirmed,230.0,S2B_MSIL2A_20240210T042929_R133_T46RDN_20240210T081226,0.0,confirmed,380.0,S2A_MSIL2A_20241022T042831_R133_T46RDN_20241022T081405,0.5
867,40980689,41064598,into_BD,26775.8,1303.759,6,2,82,Sylhet,92.41200694126964,24.85882643966887,confirmed,400.0,S2B_MSIL2A_20240210T042929_R133_T46RDN_20240210T081226,0.0,confirmed,1010.0,S2A_MSIL2A_20241022T042831_R133_T46RDN_20241022T081405,0.5
868,40980690,41064598,into_BD,25976.2,1252.795,6,2,86,Sylhet,92.43476562483607,24.85625000766061,confirmed,70.0,S2B_MSIL2A_20240210T042929_R133_T46RDN_20240210T081226,0.0,confirmed,90.0,S2A_MSIL2A_20241022T042831_R133_T46RDN_20241022T081405,0.5
869,40980691,40980691,out_of_BD,1.6,0.134,1,4,86,Sylhet,92.43541666670586,24.85636479096583,no_water_crossing,0.0,S2B_MSIL2A_20240210T042929_R133_T46RDN_20240210T081226,0.0,confirmed,30.0,S2A_MSIL2A_20241022T042831_R133_T46RDN_20241022T081405,0.5
870,40980692,41064598,into_BD,25968.6,1252.161,6,2,84,Sylhet,92.43932290849942,24.860156253328434,confirmed,120.0,S2B_MSIL2A_20240210T042929_R133_T46RDN_20240210T081226,0.0,confirmed,140.0,S2A_MSIL2A_20241022T042831_R133_T46RDN_20241022T081405,0.5
871,40980692,41064598,out_of_BD,25968.6,1252.161,6,2,86,Sylhet,92.43550346937866,24.856336806713916,no_water_crossing,0.0,S2B_MSIL2A_20240210T042929_R133_T46RDN_20240210T081226,0.0,no_water_crossing,0.0,S2A_MSIL2A_20241022T042831_R133_T46RDN_20241022T081405,0.5
872,40980939,40980939,into_BD,1317.2,79.672,4,3,89,Sylhet,92.38541666670974,24.852199074104867,confirmed,330.0,S2B_MSIL2A_20240210T042929_R133_T46RDN_20240210T081226,0.0,confirmed,820.0,S2A_MSIL2A_20241022T042831_R133_T46RDN_20241022T081405,0.5
873,40980941,41064598,out_of_BD,26782.5,1304.33,6,2,83,Sylhet,92.40914108420168,24.859141185849573,confirmed,470.0,S2B_MSIL2A_20240210T042929_R133_T46RDN_20240210T081226,0.0,confirmed,1050.0,S2A_MSIL2A_20241022T042831_R133_T46RDN_20241022T081405,0.5
874,40980941,41064598,into_BD,26782.5,1304.33,6,2,84,Sylhet,92.40284859297051,24.852848658356855,confirmed,240.0,S2B_MSIL2A_20240210T042929_R133_T46RDN_20240210T081226,0.0,confirmed,370.0,S2A_MSIL2A_20241022T042831_R133_T46RDN_20241022T081405,0.5
875,40981669,40981669,into_BD,3.7,0.311,1,3,86,Sylhet,92.40208333371338,24.85037068263804,confirmed,310.0,S2B_MSIL2A_20240210T042929_R133_T46RDN_20240210T081226,0.0,confirmed,470.0,S2A_MSIL2A_20241022T042831_R133_T46RDN_20241022T081405,0.5
876,40981670,40981670,into_BD,794.9,50.566,4,3,87,Sylhet,92.43125000079984,24.855456346397148,confirmed,390.0,S2B_MSIL2A_20240210T042929_R133_T46RDN_20240210T081226,0.0,confirmed,450.0,S2A_MSIL2A_20241022T042831_R133_T46RDN_20241022T081405,0.5
877,40981890,40981890,out_of_BD,5.6,0.519,1,4,50,Sylhet,92.24233945459925,24.843750022841075,no_water_crossing,0.0,S2B_MSIL2A_20240210T042929_R133_T46RDN_20240210T081226,0.0,no_water_crossing,0.0,S2A_MSIL2A_20241022T042831_R133_T46RDN_20241022T081405,0.5
878,40981890,40981890,into_BD,5.6,0.519,1,4,4,Sylhet,92.2479850889316,24.83951511338321,no_water_crossing,0.0,S2B_MSIL2A_20240210T042929_R133_T46RDN_20240210T081226,0.0,confirmed,50.0,S2A_MSIL2A_20241022T042831_R133_T46RDN_20241022T081405,0.5
879,40981890,40981890,out_of_BD,5.6,0.519,1,4,71,Sylhet,92.2506615240884,24.83683859045466,confirmed,80.0,S2B_MSIL2A_20240210T042929_R133_T46RDN_20240210T081226,0.0,confirmed,190.0,S2A_MSIL2A_20241022T042831_R133_T46RDN_20241022T081405,0.5
880,40981891,40980937,into_BD,68.8,6.191,3,3,68,Sylhet,92.25486315410149,24.83819653076647,confirmed,80.0,S2B_MSIL2A_20240210T042929_R133_T46RDN_20240210T081226,0.0,confirmed,180.0,S2A_MSIL2A_20241022T042831_R133_T46RDN_20241022T081405,0.5
881,40981891,40980937,out_of_BD,68.8,6.191,3,3,61,Sylhet,92.25435772292884,24.837691104635613,confirmed,80.0,S2B_MSIL2A_20240210T042929_R133_T46RDN_20240210T081226,0.0,confirmed,180.0,S2A_MSIL2A_20241022T042831_R133_T46RDN_20241022T081405,0.5
882,40982157,40980937,into_BD,75.2,6.78,3,3,1,Sylhet,92.25208333364084,24.83460648166138,confirmed,70.0,S2B_MSIL2A_20240210T042929_R133_T46RDN_20240210T081226,0.0,confirmed,170.0,S2A_MSIL2A_20241022T042831_R133_T46RDN_20241022T081405,0.5
883,40982157,40980937,out_of_BD,75.2,6.78,3,3,1,Sylhet,92.25208333375012,24.83414351876238,confirmed,40.0,S2B_MSIL2A_20240210T042929_R133_T46RDN_20240210T081226,0.0,confirmed,110.0,S2A_MSIL2A_20241022T042831_R133_T46RDN_20241022T081405,0.5
884,40982432,40982432,out_of_BD,3.7,0.328,1,4,6,Sylhet,92.25654478419646,24.83095523625121,no_water_crossing,0.0,S2B_MSIL2A_20240210T042929_R133_T46RDN_20240210T081226,0.0,no_water_crossing,0.0,S2A_MSIL2A_20241022T042831_R133_T46RDN_20241022T081405,0.5
885,40982432,40982432,into_BD,3.7,0.328,1,4,7,Sylhet,92.2556918424653,24.831250006736543,no_water_crossing,0.0,S2B_MSIL2A_20240210T042929_R133_T46RDN_20240210T081226,0.0,no_water_crossing,0.0,S2A_MSIL2A_20241022T042831_R133_T46RDN_20241022T081405,0.5
886,40982432,40982432,out_of_BD,3.7,0.328,1,4,7,Sylhet,92.25345207788747,24.831250012809203,no_water_crossing,0.0,S2B_MSIL2A_20240210T042929_R133_T46RDN_20240210T081226,0.0,no_water_crossing,0.0,S2A_MSIL2A_20241022T042831_R133_T46RDN_20241022T081405,0.5
887,40983201,40980937,into_BD,82.4,7.424,3,3,4,Sylhet,92.2509945201707,24.830161224487597,no_water_crossing,0.0,S2B_MSIL2A_20240210T042929_R133_T46RDN_20240210T081226,0.0,no_water_crossing,0.0,S2A_MSIL2A_20241022T042831_R133_T46RDN_20241022T081405,0.5
888,40984107,40984107,into_BD,14.2,0.372,1,4,10,Rajshahi,88.10887376680482,24.807792951827164,no_water_crossing,0.0,S2A_MSIL2A_20240228T043731_R033_T45RXH_20240228T101839,0.0,no_water_crossing,0.0,S2B_MSIL2A_20241030T043829_R033_T45RXH_20241030T073548,15.5
889,40984108,40996764,into_BD,220.6,5.796,3,3,15,Rajshahi,88.13125005856556,24.8051192464905,no_water_crossing,0.0,S2A_MSIL2A_20240228T043731_R033_T45RXH_20240228T101839,0.0,no_water_crossing,0.0,S2B_MSIL2A_20241030T043829_R033_T45RXH_20241030T073548,15.5
890,40987302,40986087,out_of_BD,10.3,0.867,1,4,0,Sylhet,92.28441486429764,24.763581566514688,no_water_crossing,0.0,S2B_MSIL2A_20240210T042929_R133_T46RDN_20240210T081226,0.0,no_water_crossing,0.0,S2A_MSIL2A_20241022T042831_R133_T46RDN_20241022T081405,0.5
891,40988456,40987564,out_of_BD,19.9,1.621,2,4,0,Sylhet,92.29117776985429,24.7286779357916,no_water_crossing,0.0,S2B_MSIL2A_20240210T042929_R133_T46RDN_20240210T081226,0.0,no_water_crossing,0.0,S2A_MSIL2A_20241022T042831_R133_T46RDN_20241022T081405,0.5
892,40988456,40987564,into_BD,19.9,1.621,2,4,0,Sylhet,92.2937500002913,24.732063597151768,no_water_crossing,0.0,S2B_MSIL2A_20240210T042929_R133_T46RDN_20240210T081226,0.0,no_water_crossing,0.0,S2A_MSIL2A_20241022T042831_R133_T46RDN_20241022T081405,0.5
893,40988456,40987564,out_of_BD,19.9,1.621,2,4,0,Sylhet,92.29561593007968,24.73728281911322,no_water_crossing,0.0,S2B_MSIL2A_20240210T042929_R133_T46RDN_20240210T081226,0.0,no_water_crossing,0.0,S2A_MSIL2A_20241022T042831_R133_T46RDN_20241022T081405,0.5
894,40990091,40993769,into_BD,166.6,4.355,3,3,14,Rajshahi,88.04626854486668,24.707898174969273,no_water_crossing,0.0,S2A_MSIL2A_20240228T043731_R033_T45RWH_20240228T091507,0.0,confirmed,210.0,S2A_MSIL2A_20241015T043741_R033_T45RWH_20241015T083051,5.5
895,40993028,41037693,into_BD,928900.4,13313.694,8,2,70,Rajshahi,88.02525023943572,24.652083347653488,no_water_crossing,0.0,S2A_MSIL2A_20240228T043731_R033_T45RWH_20240228T091507,0.0,confirmed,850.0,S2A_MSIL2A_20241015T043741_R033_T45RWH_20241015T083051,5.5
896,40993028,41037693,out_of_BD,928900.4,13313.694,8,2,82,Rajshahi,88.03149723514775,24.64766965271533,no_water_crossing,0.0,S2A_MSIL2A_20240228T043731_R033_T45RWH_20240228T091507,0.0,confirmed,1040.0,S2A_MSIL2A_20241015T043741_R033_T45RWH_20241015T083051,5.5
897,40993766,41037693,into_BD,928942.3,13314.785,8,2,86,Rajshahi,88.04116334907816,24.64217012060729,confirmed,800.0,S2A_MSIL2A_20240228T043731_R033_T45RWH_20240228T091507,0.0,confirmed,1030.0,S2A_MSIL2A_20241015T043741_R033_T45RWH_20241015T083051,5.5
898,40994774,40994776,out_of_BD,5.7,0.425,1,4,0,Sylhet,92.24225881603064,24.614583494784753,no_water_crossing,0.0,S2B_MSIL2A_20240210T042929_R133_T46RDN_20240210T081226,0.0,no_water_crossing,0.0,S2A_MSIL2A_20241022T042831_R133_T46RDN_20241022T081405,0.5
899,40997648,41003436,out_of_BD,13.9,0.359,1,3,2,Rajshahi,88.08125000940086,24.583235623903136,no_water_crossing,0.0,S2A_MSIL2A_20240228T043731_R033_T45RWH_20240228T091507,0.0,no_water_crossing,0.0,S2A_MSIL2A_20241015T043741_R033_T45RWH_20241015T083051,5.5
900,40997649,40997649,out_of_BD,11.1,0.287,1,4,4,Rajshahi,88.09185411018011,24.56268748654327,no_water_crossing,0.0,S2A_MSIL2A_20240228T043731_R033_T45RXH_20240228T101839,0.0,no_water_crossing,0.0,S2B_MSIL2A_20241030T043829_R033_T45RXH_20241030T073548,15.5
901,40999690,40999690,out_of_BD,183.0,12.362,4,4,0,Sylhet,92.18405383641266,24.52291667933066,no_water_crossing,0.0,S2B_MSIL2A_20240210T042929_R133_T46RDN_20240210T081226,0.0,no_water_crossing,0.0,S2A_MSIL2A_20241022T042831_R133_T46RDN_20241022T081405,0.5
902,40999690,40999690,into_BD,183.0,12.362,4,4,0,Sylhet,92.18331047461804,24.52291668104945,no_water_crossing,0.0,S2B_MSIL2A_20240210T042929_R133_T46RDN_20240210T081226,0.0,no_water_crossing,0.0,S2A_MSIL2A_20241022T042831_R133_T46RDN_20241022T081405,0.5
903,40999690,40999690,out_of_BD,183.0,12.362,4,4,0,Sylhet,92.1813356067132,24.52293209813176,no_water_crossing,0.0,S2B_MSIL2A_20240210T042929_R133_T46RDN_20240210T081226,0.0,no_water_crossing,0.0,S2A_MSIL2A_20241022T042831_R133_T46RDN_20241022T081405,0.5
904,40999690,40999690,into_BD,183.0,12.362,4,4,0,Sylhet,92.1804665191288,24.523700215738284,no_water_crossing,0.0,S2B_MSIL2A_20240210T042929_R133_T46RDN_20240210T081226,0.0,no_water_crossing,0.0,S2A_MSIL2A_20241022T042831_R133_T46RDN_20241022T081405,0.5
905,40999690,40999690,out_of_BD,183.0,12.362,4,4,0,Sylhet,92.1689860721516,24.53125000307573,no_water_crossing,0.0,S2B_MSIL2A_20240210T042929_R133_T46RDN_20240210T081226,0.0,no_water_crossing,0.0,S2A_MSIL2A_20241022T042831_R133_T46RDN_20241022T081405,0.5
906,40999690,40999690,into_BD,183.0,12.362,4,4,0,Sylhet,92.16272078670843,24.528946018999115,no_water_crossing,0.0,S2B_MSIL2A_20240210T042929_R133_T46RDN_20240210T081226,0.0,no_water_crossing,0.0,S2A_MSIL2A_20241022T042831_R133_T46RDN_20241022T081405,0.5
907,41000225,40999690,out_of_BD,137.5,9.09,4,4,0,Sylhet,92.19233341110998,24.516000035122904,no_water_crossing,0.0,S2B_MSIL2A_20240210T042929_R133_T46RDN_20240210T081226,0.0,no_water_crossing,0.0,S2A_MSIL2A_20241022T042831_R133_T46RDN_20241022T081405,0.5
908,41000225,40999690,into_BD,137.5,9.09,4,4,0,Sylhet,92.19083345873904,24.517500056633615,no_water_crossing,0.0,S2B_MSIL2A_20240210T042929_R133_T46RDN_20240210T081226,0.0,no_water_crossing,0.0,S2A_MSIL2A_20241022T042831_R133_T46RDN_20241022T081405,0.5
909,41000714,41000714,into_BD,3.9,0.264,1,6,0,Sylhet,92.193750000056,24.514469120170805,no_water_crossing,0.0,S2B_MSIL2A_20240210T042929_R133_T46RDN_20240210T081226,0.0,no_water_crossing,0.0,S2A_MSIL2A_20241022T042831_R133_T46RDN_20241022T081405,0.5
910,41000715,40999690,out_of_BD,124.6,8.204,4,4,1,Sylhet,92.20562457549376,24.506250007336252,no_water_crossing,0.0,S2B_MSIL2A_20240210T042929_R133_T46RDN_20240210T081226,0.0,no_water_crossing,0.0,S2A_MSIL2A_20241022T042831_R133_T46RDN_20241022T081405,0.5
911,41000715,40999690,into_BD,124.6,8.204,4,4,0,Sylhet,92.19788770298838,24.510445830277032,no_water_crossing,0.0,S2B_MSIL2A_20240210T042929_R133_T46RDN_20240210T081226,0.0,no_water_crossing,0.0,S2A_MSIL2A_20241022T042831_R133_T46RDN_20241022T081405,0.5
912,41000715,40999690,out_of_BD,124.6,8.204,4,4,0,Sylhet,92.19535444769636,24.512979009975393,no_water_crossing,0.0,S2B_MSIL2A_20240210T042929_R133_T46RDN_20240210T081226,0.0,no_water_crossing,0.0,S2A_MSIL2A_20241022T042831_R133_T46RDN_20241022T081405,0.5
913,41000715,40999690,into_BD,124.6,8.204,4,4,0,Sylhet,92.19417222703868,24.51416114476432,no_water_crossing,0.0,S2B_MSIL2A_20240210T042929_R133_T46RDN_20240210T081226,0.0,no_water_crossing,0.0,S2A_MSIL2A_20241022T042831_R133_T46RDN_20241022T081405,0.5
914,41000992,40999690,into_BD,117.0,7.694,4,4,4,Sylhet,92.21309098211964,24.50357573048117,no_water_crossing,0.0,S2B_MSIL2A_20240210T042929_R133_T46RDN_20240210T081226,0.0,no_water_crossing,0.0,S2A_MSIL2A_20241022T042831_R133_T46RDN_20241022T081405,0.5
915,41000993,41000993,into_BD,56.0,3.841,3,5,6,Sylhet,92.22977407146796,24.5089407821292,no_water_crossing,0.0,S2B_MSIL2A_20240210T042929_R133_T46RDN_20240210T081226,0.0,no_water_crossing,0.0,S2A_MSIL2A_20241022T042831_R133_T46RDN_20241022T081405,0.5
916,41000993,41000993,out_of_BD,56.0,3.841,3,5,11,Sylhet,92.21917042635071,24.502503777125085,no_water_crossing,0.0,S2B_MSIL2A_20240210T042929_R133_T46RDN_20240210T081226,0.0,no_water_crossing,0.0,S2A_MSIL2A_20241022T042831_R133_T46RDN_20241022T081405,0.5
917,41001229,41001229,into_BD,3.7,0.246,1,5,0,Sylhet,92.20625000015788,24.505905316954173,no_water_crossing,0.0,S2B_MSIL2A_20240210T042929_R133_T46RDN_20240210T081226,0.0,no_water_crossing,0.0,S2A_MSIL2A_20241022T042831_R133_T46RDN_20241022T081405,0.5
918,41001638,41037693,out_of_BD,929691.8,13328.959,8,2,39,Rajshahi,88.14791682188883,24.50547357493463,no_water_crossing,0.0,S2A_MSIL2A_20240228T043731_R033_T45RXH_20240228T101839,0.0,confirmed,50.0,S2B_MSIL2A_20241030T043829_R033_T45RXH_20241030T073548,15.5
919,41002103,41002103,into_BD,4.5,0.298,1,4,0,Sylhet,92.1531935286082,24.48125006482417,no_water_crossing,0.0,S2B_MSIL2A_20240210T042929_R133_T46RDN_20240210T081226,0.0,confirmed,30.0,S2A_MSIL2A_20241022T042831_R133_T46RDN_20241022T081405,0.5
920,41002585,40989440,into_BD,472.9,26.509,4,3,3,Sylhet,92.1562500003433,24.47371555339861,no_water_crossing,0.0,S2B_MSIL2A_20240210T042929_R133_T46RDN_20240210T081226,0.0,confirmed,20.0,S2A_MSIL2A_20241022T042831_R133_T46RDN_20241022T081405,0.5
921,41002585,40989440,out_of_BD,472.9,26.509,4,3,3,Sylhet,92.15625000051668,24.475541579901662,no_water_crossing,0.0,S2B_MSIL2A_20240210T042929_R133_T46RDN_20240210T081226,0.0,no_water_crossing,0.0,S2A_MSIL2A_20241022T042831_R133_T46RDN_20241022T081405,0.5
922,41002585,40989440,into_BD,472.9,26.509,4,3,3,Sylhet,92.15587192354982,24.47746142627526,no_water_crossing,0.0,S2B_MSIL2A_20240210T042929_R133_T46RDN_20240210T081226,0.0,no_water_crossing,0.0,S2A_MSIL2A_20241022T042831_R133_T46RDN_20241022T081405,0.5
923,41002585,40989440,out_of_BD,472.9,26.509,4,3,3,Sylhet,92.1557035465928,24.47762980951793,no_water_crossing,0.0,S2B_MSIL2A_20240210T042929_R133_T46RDN_20240210T081226,0.0,no_water_crossing,0.0,S2A_MSIL2A_20241022T042831_R133_T46RDN_20241022T081405,0.5
924,41002585,40989440,into_BD,472.9,26.509,4,3,0,Sylhet,92.15300945417133,24.480323913717825,no_water_crossing,0.0,S2B_MSIL2A_20240210T042929_R133_T46RDN_20240210T081226,0.0,confirmed,30.0,S2A_MSIL2A_20241022T042831_R133_T46RDN_20241022T081405,0.5
925,41003033,40989440,out_of_BD,442.5,24.594,4,3,1,Sylhet,92.15625000051666,24.47029168647296,confirmed,50.0,S2B_MSIL2A_20240210T042929_R133_T46RDN_20240210T081226,0.0,confirmed,50.0,S2A_MSIL2A_20241022T042831_R133_T46RDN_20241022T081405,0.5
926,41003641,41003641,out_of_BD,8.2,0.208,1,3,97,Rajshahi,88.21374432730495,24.45708906343617,no_water_crossing,0.0,S2A_MSIL2A_20240228T043731_R033_T45RXH_20240228T101839,0.0,confirmed,1010.0,S2B_MSIL2A_20241030T043829_R033_T45RXH_20241030T073548,15.5
927,41003642,41037693,into_BD,929861.3,13255.708,8,2,81,Rajshahi,88.23643674400684,24.45310344270985,confirmed,360.0,S2A_MSIL2A_20240228T043731_R033_T45RXH_20240228T101839,0.0,confirmed,700.0,S2B_MSIL2A_20241030T043829_R033_T45RXH_20241030T073548,15.5
928,41004338,40989440,into_BD,429.8,23.775,4,3,0,Sylhet,92.16433273259544,24.43983394535052,no_water_crossing,0.0,S2B_MSIL2A_20240210T042929_R133_T46RDN_20240210T081226,0.0,no_water_crossing,0.0,S2A_MSIL2A_20241022T042831_R133_T46RDN_20241022T081405,0.5
929,41004338,40989440,out_of_BD,429.8,23.775,4,3,0,Sylhet,92.16041666952728,24.45406993039432,no_water_crossing,0.0,S2B_MSIL2A_20240210T042929_R133_T46RDN_20240210T081226,0.0,confirmed,30.0,S2A_MSIL2A_20241022T042831_R133_T46RDN_20241022T081405,0.5
930,41004338,40989440,into_BD,429.8,23.775,4,3,0,Sylhet,92.1604166668885,24.456108513950667,no_water_crossing,0.0,S2B_MSIL2A_20240210T042929_R133_T46RDN_20240210T081226,0.0,confirmed,40.0,S2A_MSIL2A_20241022T042831_R133_T46RDN_20241022T081405,0.5
931,41005004,41005004,into_BD,14.7,0.368,1,3,24,Rajshahi,88.26041667853315,24.446995397556133,no_water_crossing,0.0,S2A_MSIL2A_20240228T043731_R033_T45RXH_20240228T101839,0.0,confirmed,780.0,S2B_MSIL2A_20241030T043829_R033_T45RXH_20241030T073548,15.5
932,41005027,41005027,out_of_BD,83.5,5.022,3,4,0,Sylhet,92.16416064915109,24.439160666600912,no_water_crossing,0.0,S2B_MSIL2A_20240210T042929_R133_T46RDN_20240210T081226,0.0,no_water_crossing,0.0,S2A_MSIL2A_20241022T042831_R133_T46RDN_20241022T081405,0.5
933,41005510,40989440,into_BD,337.9,18.218,3,3,0,Sylhet,92.16784324005576,24.436323460577658,no_water_crossing,0.0,S2B_MSIL2A_20240210T042929_R133_T46RDN_20240210T081226,0.0,no_water_crossing,0.0,S2A_MSIL2A_20241022T042831_R133_T46RDN_20241022T081405,0.5
934,41005510,40989440,out_of_BD,337.9,18.218,3,3,0,Sylhet,92.16633868860944,24.43782802669636,no_water_crossing,0.0,S2B_MSIL2A_20240210T042929_R133_T46RDN_20240210T081226,0.0,no_water_crossing,0.0,S2A_MSIL2A_20241022T042831_R133_T46RDN_20241022T081405,0.5
935,41005725,41005725,out_of_BD,19.0,1.179,2,5,0,Sylhet,92.13496830109015,24.41919838473591,no_water_crossing,0.0,S2B_MSIL2A_20240210T042929_R133_T46RDN_20240210T081226,0.0,no_water_crossing,0.0,S2A_MSIL2A_20241022T042831_R133_T46RDN_20241022T081405,0.5
936,41005726,41005027,into_BD,53.4,3.241,3,4,0,Sylhet,92.15511707465622,24.425950549849897,no_water_crossing,0.0,S2B_MSIL2A_20240210T042929_R133_T46RDN_20240210T081226,0.0,no_water_crossing,0.0,S2A_MSIL2A_20241022T042831_R133_T46RDN_20241022T081405,0.5
937,41005727,41005727,into_BD,28.7,1.696,2,5,0,Sylhet,92.1645833349518,24.42088700118052,no_water_crossing,0.0,S2B_MSIL2A_20240210T042929_R133_T46RDN_20240210T081226,0.0,no_water_crossing,0.0,S2A_MSIL2A_20241022T042831_R133_T46RDN_20241022T081405,0.5
938,41007194,40996114,into_BD,2272.3,108.074,5,3,75,Sylhet,91.98933187002228,24.385668141317005,nodata,,,,confirmed,320.0,S2A_MSIL2A_20241022T042831_R133_T46RCN_20241022T081405,0.0
939,41007195,41007195,out_of_BD,9.8,0.606,1,4,43,Sylhet,92.00276669913433,24.389583437015965,no_water_crossing,0.0,S2A_MSIL2A_20240303T041701_R090_T46QCM_20240303T080615,0.0,confirmed,170.0,S2A_MSIL2A_20241022T042831_R133_T46RCN_20241022T081405,0.0
940,41007195,41007195,into_BD,9.8,0.606,1,4,7,Sylhet,91.99535891100184,24.38958339117886,confirmed,70.0,S2A_MSIL2A_20240303T041701_R090_T46QCM_20240303T080615,0.0,confirmed,150.0,S2A_MSIL2A_20241022T042831_R133_T46RCN_20241022T081405,0.0
941,41007195,41007195,out_of_BD,9.8,0.606,1,4,7,Sylhet,91.99333568694996,24.38916903731615,confirmed,90.0,S2A_MSIL2A_20240303T041701_R090_T46QCM_20240303T080615,0.0,confirmed,190.0,S2A_MSIL2A_20241022T042831_R133_T46RCN_20241022T081405,0.0
942,41007195,41007195,into_BD,9.8,0.606,1,4,37,Sylhet,91.99200149146148,24.387834871117892,confirmed,180.0,S2A_MSIL2A_20240303T041701_R090_T46QCM_20240303T080615,0.0,confirmed,340.0,S2A_MSIL2A_20241022T042831_R133_T46RCN_20241022T081405,0.0
943,41007195,41007195,out_of_BD,9.8,0.606,1,4,56,Sylhet,91.99083409332268,24.386667466612444,confirmed,170.0,S2A_MSIL2A_20240303T041701_R090_T46QCM_20240303T080615,0.0,confirmed,330.0,S2A_MSIL2A_20241022T042831_R133_T46RCN_20241022T081405,0.0
944,41007397,41005027,into_BD,28.2,1.674,2,4,0,Sylhet,92.1158373379426,24.38250410216715,no_water_crossing,0.0,S2B_MSIL2A_20240311T042659_R133_T46QDM_20240311T081918,0.0,no_water_crossing,0.0,S2A_MSIL2A_20241022T042831_R133_T46RDN_20241022T081405,0.5
945,41007397,41005027,out_of_BD,28.2,1.674,2,4,0,Sylhet,92.12152246841588,24.388189241406643,no_water_crossing,0.0,S2B_MSIL2A_20240311T042659_R133_T46QDM_20240311T081918,0.0,no_water_crossing,0.0,S2A_MSIL2A_20241022T042831_R133_T46RDN_20241022T081405,0.5
946,41007397,41005027,into_BD,28.2,1.674,2,4,0,Sylhet,92.12291666776686,24.396762566067867,no_water_crossing,0.0,S2B_MSIL2A_20240311T042659_R133_T46QDM_20240311T081918,0.0,no_water_crossing,0.0,S2A_MSIL2A_20241022T042831_R133_T46RDN_20241022T081405,0.5
947,41007397,41005027,out_of_BD,28.2,1.674,2,4,0,Sylhet,92.13279577824524,24.414583346716395,no_water_crossing,0.0,S2B_MSIL2A_20240210T042929_R133_T46RDN_20240210T081226,0.0,no_water_crossing,0.0,S2A_MSIL2A_20241022T042831_R133_T46RDN_20241022T081405,0.5
948,41007580,41037693,out_of_BD,941662.9,13532.647,8,2,14,Rajshahi,88.42934105682096,24.383159115254244,no_water_crossing,0.0,S2A_MSIL2A_20240309T043701_R033_T45QXG_20240309T091652,0.0,no_water_crossing,0.0,S2B_MSIL2A_20241020T043729_R033_T45QXG_20241020T070252,12.2
949,41007827,41007829,out_of_BD,89.7,2.23,3,3,61,Rajshahi,88.40208333586796,24.374160995286555,confirmed,340.0,S2A_MSIL2A_20240309T043701_R033_T45QXG_20240309T091652,0.0,confirmed,910.0,S2B_MSIL2A_20241020T043729_R033_T45QXG_20241020T070252,12.2
950,41007870,41007869,out_of_BD,5.7,0.345,1,4,0,Sylhet,92.02677100401344,24.381250173715575,no_water_crossing,0.0,S2B_MSIL2A_20240311T042659_R133_T46QDM_20240311T081918,0.0,no_water_crossing,0.0,S2A_MSIL2A_20241022T042831_R133_T46RCN_20241022T081405,0.0
951,41007872,41005027,into_BD,14.7,0.862,2,4,0,Sylhet,92.10976675852685,24.381250122131476,no_water_crossing,0.0,S2B_MSIL2A_20240311T042659_R133_T46QDM_20240311T081918,0.0,nodata,,,
952,41007872,41005027,out_of_BD,14.7,0.862,2,4,0,Sylhet,92.11026076595854,24.38125011665224,no_water_crossing,0.0,S2B_MSIL2A_20240311T042659_R133_T46QDM_20240311T081918,0.0,nodata,,,
953,41008571,41007829,into_BD,75.1,1.867,3,3,43,Rajshahi,88.36875002505373,24.372672816248254,confirmed,110.0,S2A_MSIL2A_20240309T043701_R033_T45QXG_20240309T091652,0.0,confirmed,130.0,S2B_MSIL2A_20241020T043729_R033_T45QXG_20241020T070252,12.2
954,41008613,40996114,into_BD,2217.0,104.808,5,3,7,Sylhet,91.98149999232636,24.360666669706237,no_water_crossing,0.0,S2B_MSIL2A_20240210T042929_R133_T46RCN_20240210T081237,0.0,no_water_crossing,0.0,S2A_MSIL2A_20241022T042831_R133_T46RCN_20241022T081405,0.0
955,41008613,40996114,out_of_BD,2217.0,104.808,5,3,7,Sylhet,91.98349996620338,24.36266668005638,nodata,,,,no_water_crossing,0.0,S2A_MSIL2A_20241022T042831_R133_T46RCN_20241022T081405,0.0
956,41008766,41037693,into_BD,941790.3,13500.121,8,2,13,Rajshahi,88.44832600427468,24.37708385101106,no_water_crossing,0.0,S2A_MSIL2A_20240309T043701_R033_T45QXG_20240309T091652,0.0,no_water_crossing,0.0,S2B_MSIL2A_20241020T043729_R033_T45QXG_20241020T070252,12.2
957,41009468,41009468,into_BD,21.5,0.533,2,3,66,Rajshahi,88.4895833361995,24.35455190611618,no_water_crossing,0.0,S2A_MSIL2A_20240309T043701_R033_T45QXG_20240309T091652,0.0,confirmed,1010.0,S2B_MSIL2A_20241020T043729_R033_T45QXG_20241020T070252,12.2
958,41009469,41037693,out_of_BD,941853.0,13492.22,8,2,65,Rajshahi,88.49783145014564,24.352168766973325,no_water_crossing,0.0,S2A_MSIL2A_20240309T043701_R033_T45QXG_20240309T091652,0.0,confirmed,1050.0,S2B_MSIL2A_20241020T043729_R033_T45QXG_20241020T070252,12.2
959,41009469,41037693,into_BD,941853.0,13492.22,8,2,57,Rajshahi,88.50244712285588,24.347916696360983,no_water_crossing,0.0,S2A_MSIL2A_20240309T043701_R033_T45QXG_20240309T091652,0.0,confirmed,1010.0,S2B_MSIL2A_20241020T043729_R033_T45QXG_20241020T070252,12.2
960,41009496,41009496,into_BD,20.5,1.185,2,4,7,Sylhet,91.98360771923696,24.36041668073337,nodata,,,,no_water_crossing,0.0,S2A_MSIL2A_20241022T042831_R133_T46RCN_20241022T081405,0.0
961,41009496,41009496,out_of_BD,20.5,1.185,2,4,7,Sylhet,91.98162227136244,24.360416671325225,no_water_crossing,0.0,S2B_MSIL2A_20240210T042929_R133_T46RCN_20240210T081237,0.0,no_water_crossing,0.0,S2A_MSIL2A_20241022T042831_R133_T46RCN_20241022T081405,0.0
962,41009715,41009715,into_BD,16.8,1.0,1,4,37,Sylhet,91.95625000019058,24.35656362965765,confirmed,70.0,S2B_MSIL2A_20240210T042929_R133_T46RCN_20240210T081237,0.0,confirmed,130.0,S2A_MSIL2A_20241022T042831_R133_T46RCN_20241022T081405,0.0
963,41009715,41009715,out_of_BD,16.8,1.0,1,4,1,Sylhet,91.97814877576154,24.368750053530977,no_water_crossing,0.0,S2B_MSIL2A_20240210T042929_R133_T46RCN_20240210T081237,0.0,no_water_crossing,0.0,S2A_MSIL2A_20241022T042831_R133_T46RCN_20241022T081405,0.0
964,41009716,40996114,out_of_BD,2194.9,103.538,5,3,3,Sylhet,91.98125000583164,24.355292722806276,nodata,,,,no_water_crossing,0.0,S2A_MSIL2A_20241022T042831_R133_T46RCN_20241022T081405,0.0
965,41010606,41010606,into_BD,22.1,1.254,2,4,74,Sylhet,91.97470964222036,24.333043022052895,confirmed,170.0,S2B_MSIL2A_20240210T042929_R133_T46RCN_20240210T081237,0.0,confirmed,460.0,S2A_MSIL2A_20241022T042831_R133_T46RCN_20241022T081405,0.0
966,41010607,40996114,into_BD,2169.3,102.116,5,3,77,Sylhet,91.9937500003104,24.323483442129987,no_water_crossing,0.0,S2A_MSIL2A_20240303T041701_R090_T46QCM_20240303T080615,0.0,nodata,,,
967,41011467,41011467,into_BD,117.2,2.88,3,3,16,Rajshahi,88.53474440735154,24.33057790977964,confirmed,70.0,S2A_MSIL2A_20240309T043701_R033_T45QXG_20240309T091652,0.0,confirmed,110.0,S2B_MSIL2A_20241020T043729_R033_T45QXG_20241020T070252,12.2
968,41011912,41011912,out_of_BD,16.2,0.405,1,4,12,Rajshahi,88.66533705302106,24.314583404482864,no_water_crossing,0.0,S2A_MSIL2A_20240309T043701_R033_T45QXG_20240309T091652,0.0,no_water_crossing,0.0,S2B_MSIL2A_20241020T043729_R033_T45QXG_20241020T070252,12.2
969,41011912,41011912,into_BD,16.2,0.405,1,4,26,Rajshahi,88.66657055710682,24.314583418804396,no_water_crossing,0.0,S2A_MSIL2A_20240309T043701_R033_T45QXG_20240309T091652,0.0,no_water_crossing,0.0,S2B_MSIL2A_20241020T043729_R033_T45QXG_20241020T070252,12.2
970,41011912,41011912,out_of_BD,16.2,0.405,1,4,8,Rajshahi,88.67295374917441,24.31451864879125,no_water_crossing,0.0,S2A_MSIL2A_20240309T043701_R033_T45QXG_20240309T091652,0.0,no_water_crossing,0.0,S2B_MSIL2A_20241020T043729_R033_T45QXG_20241020T070252,12.2
971,41011913,41011913,into_BD,292.6,7.16,3,3,93,Rajshahi,88.71041666948521,24.30826080047856,confirmed,1020.0,S2A_MSIL2A_20240309T043701_R033_T45QXG_20240309T091652,0.0,confirmed,1020.0,S2B_MSIL2A_20241020T043729_R033_T45QXG_20241020T070252,12.2
972,41014750,41014750,into_BD,16.8,0.418,1,3,98,Rajshahi,88.7389672778161,24.243750015693667,confirmed,180.0,S2A_MSIL2A_20240309T043701_R033_T45QXG_20240309T091652,0.0,confirmed,1020.0,S2B_MSIL2A_20241020T043729_R033_T45QXG_20241020T070252,12.2
973,41014751,41037693,out_of_BD,942435.1,13500.322,8,2,98,Rajshahi,88.71458334126498,24.30435309029075,confirmed,1050.0,S2A_MSIL2A_20240309T043701_R033_T45QXG_20240309T091652,0.0,confirmed,1050.0,S2B_MSIL2A_20241020T043729_R033_T45QXG_20241020T070252,12.2
974,41014751,41037693,into_BD,942435.1,13500.322,8,2,97,Rajshahi,88.7395833551259,24.24769346323872,confirmed,400.0,S2A_MSIL2A_20240309T043701_R033_T45QXG_20240309T091652,0.0,confirmed,1010.0,S2B_MSIL2A_20241020T043729_R033_T45QXG_20241020T070252,12.2
975,41015785,41015785,into_BD,4.3,0.106,1,3,93,Rajshahi,88.73495832924675,24.222916691459723,confirmed,390.0,S2A_MSIL2A_20240309T043701_R033_T45QXG_20240309T091652,0.0,confirmed,1010.0,S2B_MSIL2A_20241020T043729_R033_T45QXG_20241020T070252,12.2
976,41016263,41008347,into_BD,12.9,0.674,1,4,0,Sylhet,91.76041667560467,24.239076957972344,no_water_crossing,0.0,S2B_MSIL2A_20240210T042929_R133_T46QCM_20240210T081234,0.0,no_water_crossing,0.0,S2A_MSIL2A_20241022T042831_R133_T46QCM_20241022T081405,4.0
977,41016264,41003028,into_BD,597.4,27.682,3,4,0,Sylhet,91.8312500007654,24.216550926203624,no_water_crossing,0.0,S2B_MSIL2A_20240210T042929_R133_T46QCM_20240210T081234,0.0,no_water_crossing,0.0,S2A_MSIL2A_20241022T042831_R133_T46QCM_20241022T081405,4.0
978,41016447,41016447,out_of_BD,53.1,2.709,3,4,0,Sylhet,91.6687927313528,24.227095591678,no_water_crossing,0.0,S2B_MSIL2A_20240210T042929_R133_T46QCM_20240210T081234,0.0,no_water_crossing,0.0,S2A_MSIL2A_20241022T042831_R133_T46QCM_20241022T081405,4.0
979,41016447,41016447,into_BD,53.1,2.709,3,4,0,Sylhet,91.66875000033602,24.227532202689133,no_water_crossing,0.0,S2B_MSIL2A_20240210T042929_R133_T46QCM_20240210T081234,0.0,no_water_crossing,0.0,S2A_MSIL2A_20241022T042831_R133_T46QCM_20241022T081405,4.0
980,41016447,41016447,out_of_BD,53.1,2.709,3,4,0,Sylhet,91.668750000796,24.229791496690886,no_water_crossing,0.0,S2B_MSIL2A_20240210T042929_R133_T46QCM_20240210T081234,0.0,no_water_crossing,0.0,S2A_MSIL2A_20241022T042831_R133_T46QCM_20241022T081405,4.0
981,41016447,41016447,into_BD,53.1,2.709,3,4,0,Sylhet,91.66875000053255,24.230469284764258,no_water_crossing,0.0,S2B_MSIL2A_20240210T042929_R133_T46QCM_20240210T081234,0.0,no_water_crossing,0.0,S2A_MSIL2A_20241022T042831_R133_T46QCM_20241022T081405,4.0
982,41016449,41016449,out_of_BD,3.3,0.173,1,6,0,Sylhet,91.81060162334911,24.218565255648414,no_water_crossing,0.0,S2B_MSIL2A_20240210T042929_R133_T46QCM_20240210T081234,0.0,no_water_crossing,0.0,S2A_MSIL2A_20241022T042831_R133_T46QCM_20241022T081405,4.0
983,41016449,41016449,into_BD,3.3,0.173,1,6,0,Sylhet,91.81278582639916,24.216381145329017,no_water_crossing,0.0,S2B_MSIL2A_20240210T042929_R133_T46QCM_20240210T081234,0.0,no_water_crossing,0.0,S2A_MSIL2A_20241022T042831_R133_T46QCM_20241022T081405,4.0
984,41016449,41016449,out_of_BD,3.3,0.173,1,6,0,Sylhet,91.81816200765678,24.211004725394996,no_water_crossing,0.0,S2B_MSIL2A_20240210T042929_R133_T46QCM_20240210T081234,0.0,no_water_crossing,0.0,S2A_MSIL2A_20241022T042831_R133_T46QCM_20241022T081405,4.0
985,41016450,41016450,into_BD,9.8,0.506,2,5,0,Sylhet,91.8206246835461,24.210416680774248,no_water_crossing,0.0,S2B_MSIL2A_20240210T042929_R133_T46QCM_20240210T081234,0.0,no_water_crossing,0.0,S2A_MSIL2A_20241022T042831_R133_T46QCM_20241022T081405,4.0
986,41016450,41016450,out_of_BD,9.8,0.506,2,5,0,Sylhet,91.82137455726064,24.2104166799554,no_water_crossing,0.0,S2B_MSIL2A_20240210T042929_R133_T46QCM_20240210T081234,0.0,no_water_crossing,0.0,S2A_MSIL2A_20241022T042831_R133_T46QCM_20241022T081405,4.0
987,41016450,41016450,into_BD,9.8,0.506,2,5,0,Sylhet,91.8235638292149,24.211063853876453,no_water_crossing,0.0,S2B_MSIL2A_20240210T042929_R133_T46QCM_20240210T081234,0.0,no_water_crossing,0.0,S2A_MSIL2A_20241022T042831_R133_T46QCM_20241022T081405,4.0
988,41016450,41016450,out_of_BD,9.8,0.506,2,5,0,Sylhet,91.82962521617485,24.214583346895175,no_water_crossing,0.0,S2B_MSIL2A_20240210T042929_R133_T46QCM_20240210T081234,0.0,no_water_crossing,0.0,S2A_MSIL2A_20241022T042831_R133_T46QCM_20241022T081405,4.0
989,41016656,40996539,into_BD,43.7,2.189,2,3,0,Sylhet,91.65079965179596,24.21170052939585,no_water_crossing,0.0,S2B_MSIL2A_20240210T042929_R133_T46QCM_20240210T081234,0.0,no_water_crossing,0.0,S2A_MSIL2A_20241022T042831_R133_T46QCM_20241022T081405,4.0
990,41016656,40996539,out_of_BD,43.7,2.189,2,3,0,Sylhet,91.65063194138764,24.21186823451512,no_water_crossing,0.0,S2B_MSIL2A_20240210T042929_R133_T46QCM_20240210T081234,0.0,no_water_crossing,0.0,S2A_MSIL2A_20241022T042831_R133_T46QCM_20241022T081405,4.0
991,41016656,40996539,into_BD,43.7,2.189,2,3,0,Sylhet,91.64962566967569,24.212874460869635,no_water_crossing,0.0,S2B_MSIL2A_20240210T042929_R133_T46QCM_20240210T081234,0.0,no_water_crossing,0.0,S2A_MSIL2A_20241022T042831_R133_T46QCM_20241022T081405,4.0
992,41016656,40996539,out_of_BD,43.7,2.189,2,3,0,Sylhet,91.64828394935968,24.214216084378194,no_water_crossing,0.0,S2B_MSIL2A_20240210T042929_R133_T46QCM_20240210T081234,0.0,no_water_crossing,0.0,S2A_MSIL2A_20241022T042831_R133_T46QCM_20241022T081405,4.0
993,41016656,40996539,into_BD,43.7,2.189,2,3,0,Sylhet,91.64791666681649,24.21476768244078,no_water_crossing,0.0,S2B_MSIL2A_20240210T042929_R133_T46QCM_20240210T081234,0.0,no_water_crossing,0.0,S2A_MSIL2A_20241022T042831_R133_T46QCM_20241022T081405,4.0
994,41016659,41016659,into_BD,3.3,0.169,1,7,0,Sylhet,91.92215748128156,24.20625010955819,no_water_crossing,0.0,S2B_MSIL2A_20240210T042929_R133_T46QCM_20240210T081234,0.0,no_water_crossing,0.0,S2A_MSIL2A_20241022T042831_R133_T46QCM_20241022T081405,4.0
995,41017956,41017956,into_BD,251.4,6.079,3,3,83,Khulna,88.73390607114179,24.202083346560656,confirmed,290.0,S2A_MSIL2A_20240309T043701_R033_T45QXG_20240309T091652,0.0,confirmed,1000.0,S2B_MSIL2A_20241020T043729_R033_T45QXG_20241020T070252,12.2
996,41018181,41018181,into_BD,9.4,0.476,1,4,0,Sylhet,91.65960010298458,24.19039992852928,no_water_crossing,0.0,S2B_MSIL2A_20240210T042929_R133_T46QCM_20240210T081234,0.0,no_water_crossing,0.0,S2A_MSIL2A_20241022T042831_R133_T46QCM_20241022T081405,4.0
997,41018181,41018181,out_of_BD,9.4,0.476,1,4,0,Sylhet,91.65625000301144,24.195074127435877,no_water_crossing,0.0,S2B_MSIL2A_20240210T042929_R133_T46QCM_20240210T081234,0.0,no_water_crossing,0.0,S2A_MSIL2A_20241022T042831_R133_T46QCM_20241022T081405,4.0
998,41018396,41012818,into_BD,29.0,1.442,2,5,0,Sylhet,91.86883397520788,24.17699936205106,no_water_crossing,0.0,S2B_MSIL2A_20240210T042929_R133_T46QCM_20240210T081234,0.0,no_water_crossing,0.0,S2A_MSIL2A_20241022T042831_R133_T46QCM_20241022T081405,4.0
999,41018396,41012818,out_of_BD,29.0,1.442,2,5,0,Sylhet,91.86838120797542,24.177083337926938,no_water_crossing,0.0,S2B_MSIL2A_20240210T042929_R133_T46QCM_20240210T081234,0.0,no_water_crossing,0.0,S2A_MSIL2A_20241022T042831_R133_T46QCM_20241022T081405,4.0
1000,41018396,41012818,into_BD,29.0,1.442,2,5,0,Sylhet,91.86764169438597,24.177083344450647,no_water_crossing,0.0,S2B_MSIL2A_20240210T042929_R133_T46QCM_20240210T081234,0.0,no_water_crossing,0.0,S2A_MSIL2A_20241022T042831_R133_T46QCM_20241022T081405,4.0
1001,41018396,41012818,out_of_BD,29.0,1.442,2,5,0,Sylhet,91.86665567651228,24.177083347568423,no_water_crossing,0.0,S2B_MSIL2A_20240210T042929_R133_T46QCM_20240210T081234,0.0,no_water_crossing,0.0,S2A_MSIL2A_20241022T042831_R133_T46QCM_20241022T081405,4.0
1002,41018396,41012818,into_BD,29.0,1.442,2,5,0,Sylhet,91.85879228451412,24.18125001354641,no_water_crossing,0.0,S2B_MSIL2A_20240210T042929_R133_T46QCM_20240210T081234,0.0,no_water_crossing,0.0,S2A_MSIL2A_20241022T042831_R133_T46QCM_20241022T081405,4.0
1003,41018396,41012818,out_of_BD,29.0,1.442,2,5,0,Sylhet,91.85829926079396,24.18125001423356,no_water_crossing,0.0,S2B_MSIL2A_20240210T042929_R133_T46QCM_20240210T081234,0.0,no_water_crossing,0.0,S2A_MSIL2A_20241022T042831_R133_T46QCM_20241022T081405,4.0
1004,41018396,41012818,into_BD,29.0,1.442,2,5,0,Sylhet,91.85625000056991,24.18230992260763,no_water_crossing,0.0,S2B_MSIL2A_20240210T042929_R133_T46QCM_20240210T081234,0.0,no_water_crossing,0.0,S2A_MSIL2A_20241022T042831_R133_T46QCM_20241022T081405,4.0
1005,41018396,41012818,out_of_BD,29.0,1.442,2,5,0,Sylhet,91.84585731437326,24.191642735390783,no_water_crossing,0.0,S2B_MSIL2A_20240210T042929_R133_T46QCM_20240210T081234,0.0,no_water_crossing,0.0,S2A_MSIL2A_20241022T042831_R133_T46QCM_20241022T081405,4.0
1006,41018396,41012818,into_BD,29.0,1.442,2,5,0,Sylhet,91.84597559414306,24.195975640909687,no_water_crossing,0.0,S2B_MSIL2A_20240210T042929_R133_T46QCM_20240210T081234,0.0,confirmed,40.0,S2A_MSIL2A_20241022T042831_R133_T46QCM_20241022T081405,4.0
1007,41018823,41012818,into_BD,14.5,0.717,1,5,0,Sylhet,91.9132462476318,24.165921018873384,no_water_crossing,0.0,S2B_MSIL2A_20240210T042929_R133_T46QCM_20240210T081234,0.0,no_water_crossing,0.0,S2A_MSIL2A_20241022T042831_R133_T46QCM_20241022T081405,4.0
1008,41018823,41012818,out_of_BD,14.5,0.717,1,5,0,Sylhet,91.8737805925912,24.17291667602374,no_water_crossing,0.0,S2B_MSIL2A_20240210T042929_R133_T46QCM_20240210T081234,0.0,no_water_crossing,0.0,S2A_MSIL2A_20241022T042831_R133_T46QCM_20241022T081405,4.0
1009,41019296,40996539,into_BD,30.7,1.53,2,3,0,Sylhet,91.6993370070336,24.16316310582172,no_water_crossing,0.0,S2B_MSIL2A_20240210T042929_R133_T46QCM_20240210T081234,0.0,no_water_crossing,0.0,S2A_MSIL2A_20241022T042831_R133_T46QCM_20241022T081405,4.0
1010,41019296,40996539,out_of_BD,30.7,1.53,2,3,0,Sylhet,91.68125000017626,24.1773078239878,no_water_crossing,0.0,S2B_MSIL2A_20240210T042929_R133_T46QCM_20240210T081234,0.0,no_water_crossing,0.0,S2A_MSIL2A_20241022T042831_R133_T46QCM_20241022T081405,4.0
1011,41019296,40996539,into_BD,30.7,1.53,2,3,0,Sylhet,91.6812500004712,24.177759966797595,no_water_crossing,0.0,S2B_MSIL2A_20240210T042929_R133_T46QCM_20240210T081234,0.0,no_water_crossing,0.0,S2A_MSIL2A_20241022T042831_R133_T46QCM_20241022T081405,4.0
1012,41019296,40996539,out_of_BD,30.7,1.53,2,3,0,Sylhet,91.68065665156702,24.181843515218272,no_water_crossing,0.0,S2B_MSIL2A_20240210T042929_R133_T46QCM_20240210T081234,0.0,no_water_crossing,0.0,S2A_MSIL2A_20241022T042831_R133_T46QCM_20241022T081405,4.0
1013,41019462,41019462,out_of_BD,19.4,0.476,1,4,36,Khulna,88.73212940960534,24.181250123923828,confirmed,380.0,S2A_MSIL2A_20240309T043701_R033_T45QXG_20240309T091652,0.0,confirmed,1000.0,S2B_MSIL2A_20241020T043729_R033_T45QXG_20241020T070252,12.2
1014,41019704,41014080,into_BD,34.5,1.686,2,4,0,Sylhet,91.64366666932636,24.148000001254378,no_water_crossing,0.0,S2B_MSIL2A_20240210T042929_R133_T46QCM_20240210T081234,0.0,no_water_crossing,0.0,S2A_MSIL2A_20241022T042831_R133_T46QCM_20241022T081405,4.0
1015,41019911,40996539,out_of_BD,10.4,0.509,1,3,0,Sylhet,91.73760025176972,24.143750029095635,no_water_crossing,0.0,S2B_MSIL2A_20240210T042929_R133_T46QCM_20240210T081234,0.0,no_water_crossing,0.0,S2A_MSIL2A_20241022T042831_R133_T46QCM_20241022T081405,4.0
1016,41019911,40996539,into_BD,10.4,0.509,1,3,0,Sylhet,91.7343936199068,24.144773083672217,no_water_crossing,0.0,S2B_MSIL2A_20240210T042929_R133_T46QCM_20240210T081234,0.0,no_water_crossing,0.0,S2A_MSIL2A_20241022T042831_R133_T46QCM_20241022T081405,4.0
1017,41019911,40996539,out_of_BD,10.4,0.509,1,3,0,Sylhet,91.72113656805888,24.15208339587975,no_water_crossing,0.0,S2B_MSIL2A_20240210T042929_R133_T46QCM_20240210T081234,0.0,no_water_crossing,0.0,S2A_MSIL2A_20241022T042831_R133_T46QCM_20241022T081405,4.0
1018,41019911,40996539,into_BD,10.4,0.509,1,3,0,Sylhet,91.72015071262196,24.1520834215817,no_water_crossing,0.0,S2B_MSIL2A_20240210T042929_R133_T46QCM_20240210T081234,0.0,no_water_crossing,0.0,S2A_MSIL2A_20241022T042831_R133_T46QCM_20241022T081405,4.0
1019,41019911,40996539,out_of_BD,10.4,0.509,1,3,0,Sylhet,91.71965778502236,24.152083432043455,no_water_crossing,0.0,S2B_MSIL2A_20240210T042929_R133_T46QCM_20240210T081234,0.0,no_water_crossing,0.0,S2A_MSIL2A_20241022T042831_R133_T46QCM_20241022T081405,4.0
1020,41019911,40996539,into_BD,10.4,0.509,1,3,0,Sylhet,91.719164857502,24.15208344091238,no_water_crossing,0.0,S2B_MSIL2A_20240210T042929_R133_T46QCM_20240210T081234,0.0,no_water_crossing,0.0,S2A_MSIL2A_20241022T042831_R133_T46QCM_20241022T081405,4.0
1021,41019911,40996539,out_of_BD,10.4,0.509,1,3,0,Sylhet,91.71891839377156,24.15208344474954,no_water_crossing,0.0,S2B_MSIL2A_20240210T042929_R133_T46QCM_20240210T081234,0.0,no_water_crossing,0.0,S2A_MSIL2A_20241022T042831_R133_T46QCM_20241022T081405,4.0
1022,41019911,40996539,into_BD,10.4,0.509,1,3,0,Sylhet,91.70833294152212,24.154167108341877,no_water_crossing,0.0,S2B_MSIL2A_20240210T042929_R133_T46QCM_20240210T081234,0.0,no_water_crossing,0.0,S2A_MSIL2A_20241022T042831_R133_T46QCM_20241022T081405,4.0
1023,41019911,40996539,out_of_BD,10.4,0.509,1,3,0,Sylhet,91.70633331896283,24.156166684945035,no_water_crossing,0.0,S2B_MSIL2A_20240210T042929_R133_T46QCM_20240210T081234,0.0,no_water_crossing,0.0,S2A_MSIL2A_20241022T042831_R133_T46QCM_20241022T081405,4.0
1024,41020127,41020127,into_BD,3.7,0.183,1,6,0,Sylhet,91.63958333467954,24.14242229121724,no_water_crossing,0.0,S2B_MSIL2A_20240210T042929_R133_T46QCM_20240210T081234,0.0,no_water_crossing,0.0,S2A_MSIL2A_20241022T042831_R133_T46QCM_20241022T081405,4.0
1025,41020127,41020127,out_of_BD,3.7,0.183,1,6,0,Sylhet,91.64332827263664,24.147494956275303,no_water_crossing,0.0,S2B_MSIL2A_20240210T042929_R133_T46QCM_20240210T081234,0.0,no_water_crossing,0.0,S2A_MSIL2A_20241022T042831_R133_T46QCM_20241022T081405,4.0
1026,41020350,41020350,out_of_BD,5.3,0.256,1,6,0,Sylhet,91.88421389469804,24.14078614605954,no_water_crossing,0.0,S2B_MSIL2A_20240210T042929_R133_T46QCM_20240210T081234,0.0,no_water_crossing,0.0,S2A_MSIL2A_20241022T042831_R133_T46QCM_20241022T081405,4.0
1027,41021659,41021659,out_of_BD,19.4,0.471,1,4,8,Khulna,88.70711611817305,24.118750009400415,no_water_crossing,0.0,S2A_MSIL2A_20240309T043701_R033_T45QXG_20240309T091652,0.0,no_water_crossing,0.0,S2B_MSIL2A_20241020T043729_R033_T45QXG_20241020T070252,12.2
1028,41022321,41022552,out_of_BD,19.2,0.943,1,5,0,Sylhet,91.45303921452204,24.097916827618334,no_water_crossing,0.0,S2B_MSIL2A_20240210T042929_R133_T46QCM_20240210T081234,0.0,no_water_crossing,0.0,S2A_MSIL2A_20241022T042831_R133_T46QCM_20241022T081405,4.0
1029,41022321,41022552,into_BD,19.2,0.943,1,5,0,Sylhet,91.44860693751215,24.097916821276627,no_water_crossing,0.0,S2B_MSIL2A_20240210T042929_R133_T46QCM_20240210T081234,0.0,no_water_crossing,0.0,S2A_MSIL2A_20241022T042831_R133_T46QCM_20241022T081405,4.0
1030,41022321,41022552,out_of_BD,19.2,0.943,1,5,0,Sylhet,91.44836070012848,24.097916817153926,no_water_crossing,0.0,S2B_MSIL2A_20240210T042929_R133_T46QCM_20240210T081234,0.0,no_water_crossing,0.0,S2A_MSIL2A_20241022T042831_R133_T46QCM_20241022T081405,4.0
1031,41022321,41022552,into_BD,19.2,0.943,1,5,0,Sylhet,91.44786822543324,24.097916807717866,no_water_crossing,0.0,S2B_MSIL2A_20240210T042929_R133_T46QCM_20240210T081234,0.0,no_water_crossing,0.0,S2A_MSIL2A_20241022T042831_R133_T46QCM_20241022T081405,4.0
1032,41022321,41022552,out_of_BD,19.2,0.943,1,5,0,Sylhet,91.4422055123059,24.09946120109371,no_water_crossing,0.0,S2B_MSIL2A_20240210T042929_R133_T46QCM_20240210T081234,0.0,no_water_crossing,0.0,S2A_MSIL2A_20241022T042831_R133_T46QCM_20241022T081405,4.0
1033,41022321,41022552,into_BD,19.2,0.943,1,5,0,Sylhet,91.44087336247016,24.100793347018417,no_water_crossing,0.0,S2B_MSIL2A_20240210T042929_R133_T46QCM_20240210T081234,0.0,no_water_crossing,0.0,S2A_MSIL2A_20241022T042831_R133_T46QCM_20241022T081405,4.0
1034,41022321,41022552,out_of_BD,19.2,0.943,1,5,0,Sylhet,91.42944983703688,24.106250013946028,no_water_crossing,0.0,S2B_MSIL2A_20240210T042929_R133_T46QCM_20240210T081234,0.0,no_water_crossing,0.0,S2A_MSIL2A_20241022T042831_R133_T46QCM_20241022T081405,4.0
1035,41022321,41022552,into_BD,19.2,0.943,1,5,0,Sylhet,91.42551978235072,24.107813673230627,no_water_crossing,0.0,S2B_MSIL2A_20240210T042929_R133_T46QCM_20240210T081234,0.0,no_water_crossing,0.0,S2A_MSIL2A_20241022T042831_R133_T46QCM_20241022T081405,4.0
1036,41022321,41022552,out_of_BD,19.2,0.943,1,5,0,Sylhet,91.40198859649574,24.110322493418415,no_water_crossing,0.0,S2B_MSIL2A_20240210T042929_R133_T46QCM_20240210T081234,0.0,no_water_crossing,0.0,S2A_MSIL2A_20241022T042831_R133_T46QCM_20241022T081405,4.0
1037,41022552,41022552,into_BD,35.3,1.727,2,5,0,Sylhet,91.37549722695952,24.096330718406904,no_water_crossing,0.0,S2B_MSIL2A_20240210T042929_R133_T46QCM_20240210T081234,0.0,no_water_crossing,0.0,S2A_MSIL2A_20241022T042831_R133_T46QCM_20241022T081405,4.0
1038,41022553,41021678,into_BD,20.0,0.974,1,5,0,Sylhet,91.48994761757028,24.09411433146751,no_water_crossing,0.0,S2B_MSIL2A_20240210T042929_R133_T46QCM_20240210T081234,0.0,no_water_crossing,0.0,S2A_MSIL2A_20241022T042831_R133_T46QCM_20241022T081405,4.0
1039,41022555,41022755,into_BD,40.2,1.941,2,4,0,Sylhet,91.63830837036652,24.104975076575418,no_water_crossing,0.0,S2B_MSIL2A_20240210T042929_R133_T46QCM_20240210T081234,0.0,no_water_crossing,0.0,S2A_MSIL2A_20241022T042831_R133_T46QCM_20241022T081405,4.0
1040,41022555,41022755,out_of_BD,40.2,1.941,2,4,0,Sylhet,91.62708333366372,24.09749129257268,no_water_crossing,0.0,S2B_MSIL2A_20240210T042929_R133_T46QCM_20240210T081234,0.0,no_water_crossing,0.0,S2A_MSIL2A_20241022T042831_R133_T46QCM_20241022T081405,4.0
1041,41022555,41022755,into_BD,40.2,1.941,2,4,0,Sylhet,91.62708333393368,24.09703780265851,no_water_crossing,0.0,S2B_MSIL2A_20240210T042929_R133_T46QCM_20240210T081234,0.0,no_water_crossing,0.0,S2A_MSIL2A_20241022T042831_R133_T46QCM_20241022T081405,4.0
1042,41022555,41022755,out_of_BD,40.2,1.941,2,4,0,Sylhet,91.6270833341782,24.09635756773827,no_water_crossing,0.0,S2B_MSIL2A_20240210T042929_R133_T46QCM_20240210T081234,0.0,no_water_crossing,0.0,S2A_MSIL2A_20241022T042831_R133_T46QCM_20241022T081405,4.0
1043,41022754,41009710,into_BD,1230.7,52.858,4,3,0,Sylhet,91.60005980342775,24.095773676658236,no_water_crossing,0.0,S2B_MSIL2A_20240210T042929_R133_T46QCM_20240210T081234,0.0,no_water_crossing,0.0,S2A_MSIL2A_20241022T042831_R133_T46QCM_20241022T081405,4.0
1044,41022756,41022755,into_BD,54.5,2.629,2,4,25,Sylhet,91.618250266503,24.093750105980263,no_water_crossing,0.0,S2B_MSIL2A_20240210T042929_R133_T46QCM_20240210T081234,0.0,no_water_crossing,0.0,S2A_MSIL2A_20241022T042831_R133_T46QCM_20241022T081405,4.0
1045,41022756,41022755,out_of_BD,54.5,2.629,2,4,15,Sylhet,91.61725499308936,24.093750085915502,no_water_crossing,0.0,S2B_MSIL2A_20240210T042929_R133_T46QCM_20240210T081234,0.0,no_water_crossing,0.0,S2A_MSIL2A_20241022T042831_R133_T46QCM_20241022T081405,4.0
1046,41022756,41022755,into_BD,54.5,2.629,2,4,11,Sylhet,91.61675735651374,24.09375007345227,no_water_crossing,0.0,S2B_MSIL2A_20240210T042929_R133_T46QCM_20240210T081234,0.0,no_water_crossing,0.0,S2A_MSIL2A_20241022T042831_R133_T46QCM_20241022T081405,4.0
1047,41022756,41022755,out_of_BD,54.5,2.629,2,4,0,Sylhet,91.61218341100142,24.091350123089267,no_water_crossing,0.0,S2B_MSIL2A_20240210T042929_R133_T46QCM_20240210T081234,0.0,no_water_crossing,0.0,S2A_MSIL2A_20241022T042831_R133_T46QCM_20241022T081405,4.0
1048,41023815,41022554,into_BD,4.5,0.217,1,6,0,Sylhet,91.51945010505987,24.081950670833248,no_water_crossing,0.0,S2B_MSIL2A_20240210T042929_R133_T46QCM_20240210T081234,0.0,no_water_crossing,0.0,S2A_MSIL2A_20241022T042831_R133_T46QCM_20241022T081405,4.0
1049,41024005,41017956,into_BD,135.1,3.249,3,3,64,Khulna,88.73083391879098,24.064999433753947,confirmed,80.0,S2A_MSIL2A_20240309T043701_R033_T45QXG_20240309T091652,0.0,confirmed,550.0,S2B_MSIL2A_20241020T043729_R033_T45QXG_20241020T070252,12.2
1050,41024005,41017956,out_of_BD,135.1,3.249,3,3,37,Khulna,88.7235235204094,24.06875005579252,confirmed,30.0,S2A_MSIL2A_20240309T043701_R033_T45QXG_20240309T091652,0.0,confirmed,230.0,S2B_MSIL2A_20241020T043729_R033_T45QXG_20241020T070252,12.2
1051,41024005,41017956,into_BD,135.1,3.249,3,3,21,Khulna,88.70208342180366,24.094334134302713,no_water_crossing,0.0,S2A_MSIL2A_20240309T043701_R033_T45QXG_20240309T091652,0.0,no_water_crossing,0.0,S2B_MSIL2A_20241020T043729_R033_T45QXG_20241020T070252,12.2
1052,41024005,41017956,out_of_BD,135.1,3.249,3,3,28,Khulna,88.70208337695396,24.120770155037444,no_water_crossing,0.0,S2A_MSIL2A_20240309T043701_R033_T45QXG_20240309T091652,0.0,confirmed,30.0,S2B_MSIL2A_20241020T043729_R033_T45QXG_20241020T070252,12.2
1053,41024025,41024024,into_BD,18.4,0.892,1,4,0,Sylhet,91.37599715094127,24.090669702670493,no_water_crossing,0.0,S2B_MSIL2A_20240210T042929_R133_T46QCM_20240210T081234,0.0,no_water_crossing,0.0,S2A_MSIL2A_20241022T042831_R133_T46QCM_20241022T081405,4.0
1054,41024028,41024028,into_BD,33.9,1.619,3,5,0,Sylhet,91.54891334315997,24.073913376926097,no_water_crossing,0.0,S2B_MSIL2A_20240210T042929_R133_T46QCM_20240210T081234,0.0,no_water_crossing,0.0,S2A_MSIL2A_20241022T042831_R133_T46QCM_20241022T081405,4.0
1055,41024206,41009710,into_BD,1163.8,49.659,4,3,0,Sylhet,91.59454078285052,24.08045924781168,confirmed,80.0,S2B_MSIL2A_20240210T042929_R133_T46QCM_20240210T081234,0.0,confirmed,120.0,S2A_MSIL2A_20241022T042831_R133_T46QCM_20241022T081405,4.0
1056,41024206,41009710,out_of_BD,1163.8,49.659,4,3,51,Sylhet,91.59814894893329,24.08564913421539,confirmed,70.0,S2B_MSIL2A_20240210T042929_R133_T46QCM_20240210T081234,0.0,confirmed,70.0,S2A_MSIL2A_20241022T042831_R133_T46QCM_20241022T081405,4.0
1057,41024373,41017956,out_of_BD,101.2,2.435,3,3,5,Khulna,88.73503615434808,24.06079719671652,no_water_crossing,0.0,S2A_MSIL2A_20240309T043701_R033_T45QXG_20240309T091652,0.0,confirmed,120.0,S2B_MSIL2A_20241020T043729_R033_T45QXG_20241020T070252,12.2
1058,41024610,41024205,into_BD,35.3,1.694,2,4,0,Sylhet,91.39221261803232,24.056250589502948,no_water_crossing,0.0,S2B_MSIL2A_20240210T042929_R133_T46QCM_20240210T081234,0.0,no_water_crossing,0.0,S2A_MSIL2A_20241022T042831_R133_T46QCM_20241022T081405,4.0
1059,41024833,41024833,out_of_BD,8.0,0.192,1,4,1,Khulna,88.72708334569174,24.048204883388195,no_water_crossing,0.0,S2A_MSIL2A_20240309T043701_R033_T45QXG_20240309T091652,0.0,no_water_crossing,0.0,S2B_MSIL2A_20241020T043729_R033_T45QXG_20241020T070252,12.2
1060,41024833,41024833,into_BD,8.0,0.192,1,4,0,Khulna,88.72708334907563,24.05272212012688,no_water_crossing,0.0,S2A_MSIL2A_20240309T043701_R033_T45QXG_20240309T091652,0.0,no_water_crossing,0.0,S2B_MSIL2A_20241020T043729_R033_T45QXG_20241020T070252,12.2
1061,41024833,41024833,out_of_BD,8.0,0.192,1,4,0,Khulna,88.72708333841646,24.05543246124973,no_water_crossing,0.0,S2A_MSIL2A_20240309T043701_R033_T45QXG_20240309T091652,0.0,no_water_crossing,0.0,S2B_MSIL2A_20241020T043729_R033_T45QXG_20241020T070252,12.2
1062,41024833,41024833,into_BD,8.0,0.192,1,4,0,Khulna,88.72742284943396,24.05625000890703,no_water_crossing,0.0,S2A_MSIL2A_20240309T043701_R033_T45QXG_20240309T091652,0.0,no_water_crossing,0.0,S2B_MSIL2A_20241020T043729_R033_T45QXG_20241020T070252,12.2
1063,41024853,41021039,into_BD,29.6,1.407,2,4,0,Sylhet,91.57369921489656,24.0763009775685,no_water_crossing,0.0,S2B_MSIL2A_20240210T042929_R133_T46QCM_20240210T081234,0.0,no_water_crossing,0.0,S2A_MSIL2A_20241022T042831_R133_T46QCM_20241022T081405,4.0
1064,41025711,41025711,into_BD,27.1,1.291,2,5,0,Sylhet,91.39264324195663,24.03125001106084,no_water_crossing,0.0,S2B_MSIL2A_20240210T042929_R133_T46QCM_20240210T081234,0.0,no_water_crossing,0.0,S2A_MSIL2A_20241022T042831_R133_T46QCM_20241022T081405,4.0
1065,41026820,41026820,into_BD,7.8,0.371,1,4,0,Sylhet,91.37943078580176,24.010416744458144,no_water_crossing,0.0,S2B_MSIL2A_20240210T042929_R133_T46QCM_20240210T081234,0.0,no_water_crossing,0.0,S2A_MSIL2A_20241022T042831_R133_T46QCM_20241022T081405,4.0
1066,41027484,41027484,into_BD,10.4,0.247,1,4,0,Khulna,88.7283952642919,23.99791667893573,no_water_crossing,0.0,S2A_MSIL2A_20240309T043701_R033_T45QXG_20240309T091652,0.0,no_water_crossing,0.0,S2B_MSIL2A_20241020T043729_R033_T45QXG_20241020T070252,12.2
1067,41027485,41017956,out_of_BD,70.2,1.687,2,3,1,Khulna,88.73125000308967,24.010022222566334,no_water_crossing,0.0,S2A_MSIL2A_20240309T043701_R033_T45QXG_20240309T091652,0.0,no_water_crossing,0.0,S2B_MSIL2A_20241020T043729_R033_T45QXG_20241020T070252,12.2
1068,41027485,41017956,into_BD,70.2,1.687,2,3,1,Khulna,88.73131304996566,24.01045220348819,no_water_crossing,0.0,S2A_MSIL2A_20240309T043701_R033_T45QXG_20240309T091652,0.0,no_water_crossing,0.0,S2B_MSIL2A_20241020T043729_R033_T45QXG_20241020T070252,12.2
1069,41027699,41027699,out_of_BD,31.2,1.46,2,5,2,Sylhet,91.30831382354336,23.993750014158937,no_water_crossing,0.0,S2B_MSIL2A_20240210T042929_R133_T46QCM_20240210T081234,0.0,no_water_crossing,0.0,S2A_MSIL2A_20241022T042831_R133_T46QCM_20241022T081405,4.0
1070,41027699,41027699,into_BD,31.2,1.46,2,5,5,Sylhet,91.30396407838796,23.99603597118279,no_water_crossing,0.0,S2B_MSIL2A_20240210T042929_R133_T46QCM_20240210T081234,0.0,no_water_crossing,0.0,S2A_MSIL2A_20241022T042831_R133_T46QCM_20241022T081405,4.0
1071,41027700,41034516,into_BD,160.6,7.483,3,3,3,Sylhet,91.37364047541044,24.00135958798879,no_water_crossing,0.0,S2B_MSIL2A_20240210T042929_R133_T46QCM_20240210T081234,0.0,no_water_crossing,0.0,S2A_MSIL2A_20241022T042831_R133_T46QCM_20241022T081405,4.0
1072,41027700,41034516,out_of_BD,160.6,7.483,3,3,3,Sylhet,91.37313871689068,24.001861303840943,no_water_crossing,0.0,S2B_MSIL2A_20240210T042929_R133_T46QCM_20240210T081234,0.0,no_water_crossing,0.0,S2A_MSIL2A_20241022T042831_R133_T46QCM_20241022T081405,4.0
1073,41027700,41034516,into_BD,160.6,7.483,3,3,0,Sylhet,91.37298587844664,24.002033701932724,no_water_crossing,0.0,S2B_MSIL2A_20240210T042929_R133_T46QCM_20240210T081234,0.0,no_water_crossing,0.0,S2A_MSIL2A_20241022T042831_R133_T46QCM_20241022T081405,4.0
1074,41027900,41027699,into_BD,21.0,0.982,2,5,0,Sylhet,91.32933639782078,23.991496985185005,no_water_crossing,0.0,S2B_MSIL2A_20240210T042929_R133_T46QCM_20240210T081234,0.0,no_water_crossing,0.0,S2A_MSIL2A_20241022T042831_R133_T46QCM_20241022T081405,4.0
1075,41027900,41027699,out_of_BD,21.0,0.982,2,5,21,Sylhet,91.3242645332489,23.993750050713913,no_water_crossing,0.0,S2B_MSIL2A_20240210T042929_R133_T46QCM_20240210T081234,0.0,no_water_crossing,0.0,S2A_MSIL2A_20241022T042831_R133_T46QCM_20241022T081405,4.0
1076,41027900,41027699,into_BD,21.0,0.982,2,5,14,Sylhet,91.3235266539593,23.993750055427203,no_water_crossing,0.0,S2B_MSIL2A_20240210T042929_R133_T46QCM_20240210T081234,0.0,no_water_crossing,0.0,S2A_MSIL2A_20241022T042831_R133_T46QCM_20241022T081405,4.0
1077,41027900,41027699,out_of_BD,21.0,0.982,2,5,0,Sylhet,91.31515910627344,23.990159128156726,no_water_crossing,0.0,S2B_MSIL2A_20240210T042929_R133_T46QCM_20240210T081234,0.0,no_water_crossing,0.0,S2A_MSIL2A_20241022T042831_R133_T46QCM_20241022T081405,4.0
1078,41027900,41027699,into_BD,21.0,0.982,2,5,0,Sylhet,91.31382792587004,23.99033877049648,no_water_crossing,0.0,S2B_MSIL2A_20240210T042929_R133_T46QCM_20240210T081234,0.0,no_water_crossing,0.0,S2A_MSIL2A_20241022T042831_R133_T46QCM_20241022T081405,4.0
1079,41028118,41017956,into_BD,47.5,1.144,2,3,0,Khulna,88.73399263167123,23.99517408294609,no_water_crossing,0.0,S2A_MSIL2A_20240309T043701_R033_T45QXG_20240309T091652,0.0,no_water_crossing,0.0,S2B_MSIL2A_20241020T043729_R033_T45QXG_20241020T070252,12.2
1080,41028119,41028119,out_of_BD,16.1,0.392,1,4,1,Khulna,88.76790345533698,23.985416675869622,no_water_crossing,0.0,S2A_MSIL2A_20240309T043701_R033_T45QXG_20240309T091652,0.0,no_water_crossing,0.0,S2B_MSIL2A_20241020T043729_R033_T45QXG_20241020T070252,12.2
1081,41028137,41028137,into_BD,2.7,0.128,1,6,1,Sylhet,91.31041666759612,23.992507180743264,no_water_crossing,0.0,S2B_MSIL2A_20240210T042929_R133_T46QCM_20240210T081234,0.0,no_water_crossing,0.0,S2A_MSIL2A_20241022T042831_R133_T46QCM_20241022T081405,4.0
1082,41028138,41028138,out_of_BD,6.5,0.303,1,6,0,Sylhet,91.33433279791016,23.989583344232752,no_water_crossing,0.0,S2B_MSIL2A_20240210T042929_R133_T46QCM_20240210T081234,0.0,no_water_crossing,0.0,S2A_MSIL2A_20241022T042831_R133_T46QCM_20241022T081405,4.0
1083,41029259,41029259,into_BD,8.6,0.402,1,5,0,Chattogram,91.29601263903128,23.97065407726866,no_water_crossing,0.0,S2B_MSIL2A_20240210T042929_R133_T46QCM_20240210T081234,0.0,no_water_crossing,0.0,S2A_MSIL2A_20241022T042831_R133_T46QCM_20241022T081405,4.0
1084,41029682,41017956,out_of_BD,20.6,0.49,1,3,2,Khulna,88.76167479164155,23.982508161179386,no_water_crossing,0.0,S2A_MSIL2A_20240309T043701_R033_T45QXG_20240309T091652,0.0,no_water_crossing,0.0,S2B_MSIL2A_20241020T043729_R033_T45QXG_20241020T070252,12.2
1085,41029909,41033049,into_BD,105.4,4.835,2,4,0,Chattogram,91.2895833377704,23.968266536029265,no_water_crossing,0.0,S2B_MSIL2A_20240210T042929_R133_T46QCM_20240210T081234,0.0,no_water_crossing,0.0,S2A_MSIL2A_20241022T042831_R133_T46QCM_20241022T081405,4.0
1086,41031351,41029492,into_BD,35.1,1.611,2,5,0,Chattogram,91.27424006286957,23.929927192692944,no_water_crossing,0.0,S2B_MSIL2A_20240210T042929_R133_T46QCM_20240210T081234,0.0,no_water_crossing,0.0,S2A_MSIL2A_20241022T042831_R133_T46QCM_20241022T081405,4.0
1087,41032199,41032199,into_BD,11.4,0.267,1,3,0,Khulna,88.70625000169223,23.915347641746287,no_water_crossing,0.0,S2A_MSIL2A_20240309T043701_R033_T45QXG_20240309T091652,0.0,no_water_crossing,0.0,S2B_MSIL2A_20241020T043729_R033_T45QXG_20241020T070252,12.2
1088,41032199,41032199,out_of_BD,11.4,0.267,1,3,0,Khulna,88.70465093755813,23.912984376892133,no_water_crossing,0.0,S2A_MSIL2A_20240309T043701_R033_T45QXG_20240309T091652,0.0,no_water_crossing,0.0,S2B_MSIL2A_20241020T043729_R033_T45QXG_20241020T070252,12.2
1089,41032199,41032199,into_BD,11.4,0.267,1,3,0,Khulna,88.70415207894146,23.91248554104143,no_water_crossing,0.0,S2A_MSIL2A_20240309T043701_R033_T45QXG_20240309T091652,0.0,no_water_crossing,0.0,S2B_MSIL2A_20241020T043729_R033_T45QXG_20241020T070252,12.2
1090,41032199,41032199,out_of_BD,11.4,0.267,1,3,0,Khulna,88.69966252229521,23.90799596882808,no_water_crossing,0.0,S2A_MSIL2A_20240309T043701_R033_T45QXG_20240309T091652,0.0,no_water_crossing,0.0,S2B_MSIL2A_20241020T043729_R033_T45QXG_20241020T070252,12.2
1091,41032826,41031545,out_of_BD,44.4,1.04,2,2,0,Khulna,88.70041539721545,23.899584653810884,no_water_crossing,0.0,S2A_MSIL2A_20240309T043701_R033_T45QXG_20240309T091652,0.0,no_water_crossing,0.0,S2B_MSIL2A_20241020T043729_R033_T45QXG_20241020T070252,12.2
1092,41033678,41033678,into_BD,13.0,0.589,1,5,0,Chattogram,91.23663809926552,23.90208340686165,no_water_crossing,0.0,S2B_MSIL2A_20240210T042929_R133_T46QCM_20240210T081234,0.0,no_water_crossing,0.0,S2A_MSIL2A_20241022T042831_R133_T46QCM_20241022T081405,4.0
1093,41034100,41100788,into_BD,234.3,5.502,3,1,8,Khulna,88.64375000092913,23.868863636427974,no_water_crossing,0.0,S2A_MSIL2A_20240309T043701_R033_T45QXG_20240309T091652,0.0,no_water_crossing,0.0,S2B_MSIL2A_20241020T043729_R033_T45QXG_20241020T070252,12.2
1094,41034101,41034101,into_BD,7.3,0.168,1,2,0,Khulna,88.64803567546215,23.868869015953976,no_water_crossing,0.0,S2A_MSIL2A_20240309T043701_R033_T45QXG_20240309T091652,0.0,no_water_crossing,0.0,S2B_MSIL2A_20241020T043729_R033_T45QXG_20241020T070252,12.2
1095,41035588,41036807,into_BD,40.1,0.909,2,2,0,Khulna,88.58726978279562,23.843750171172484,no_water_crossing,0.0,S2A_MSIL2A_20240309T043701_R033_T45QXG_20240309T091652,0.0,no_water_crossing,0.0,S2B_MSIL2A_20241020T043729_R033_T45QXG_20241020T070252,12.2
1096,41035607,41035607,into_BD,28.7,1.295,2,5,1,Chattogram,91.25208333406448,23.842922437296703,no_water_crossing,0.0,S2B_MSIL2A_20240210T042929_R133_T46QCM_20240210T081234,0.0,no_water_crossing,0.0,S2A_MSIL2A_20241022T042831_R133_T46QCM_20241022T081405,4.0
1097,41036021,41036021,into_BD,9.6,0.217,1,3,0,Khulna,88.58664645528759,23.831250031719648,no_water_crossing,0.0,S2A_MSIL2A_20240309T043701_R033_T45QXG_20240309T091652,0.0,no_water_crossing,0.0,S2B_MSIL2A_20241020T043729_R033_T45QXG_20241020T070252,12.2
1098,41036200,41034122,into_BD,443.6,19.899,4,4,4,Chattogram,91.25200274647396,23.83549745259477,no_water_crossing,0.0,S2B_MSIL2A_20240210T042929_R133_T46QCM_20240210T081234,0.0,no_water_crossing,0.0,S2A_MSIL2A_20241022T042831_R133_T46QCM_20241022T081405,4.0
1099,41038734,41038734,out_of_BD,31.4,0.706,1,2,0,Khulna,88.5645728052978,23.785406223032247,no_water_crossing,0.0,S2A_MSIL2A_20240309T043701_R033_T45QXG_20240309T091652,0.0,no_water_crossing,0.0,S2B_MSIL2A_20241020T043729_R033_T45QXG_20241020T070252,12.2
1100,41038734,41038734,into_BD,31.4,0.706,1,2,0,Khulna,88.58165616870356,23.793750004972978,no_water_crossing,0.0,S2A_MSIL2A_20240309T043701_R033_T45QXG_20240309T091652,0.0,no_water_crossing,0.0,S2B_MSIL2A_20241020T043729_R033_T45QXG_20241020T070252,12.2
1101,41038746,41038746,into_BD,30.2,1.35,1,5,26,Chattogram,91.23541667051452,23.81213822949958,no_water_crossing,0.0,S2B_MSIL2A_20240210T042929_R133_T46QCM_20240210T081234,0.0,no_water_crossing,0.0,S2A_MSIL2A_20241022T042831_R133_T46QCM_20241022T081405,4.0
1102,41038972,41035809,into_BD,114.9,5.122,3,4,5,Chattogram,91.23073314406524,23.777600210868485,no_water_crossing,0.0,S2B_MSIL2A_20240210T042929_R133_T46QCM_20240210T081234,0.0,no_water_crossing,0.0,S2A_MSIL2A_20241022T042831_R133_T46QCM_20241022T081405,4.0
1103,41040659,41040659,into_BD,15.3,0.682,1,5,9,Chattogram,91.18958333747544,23.75096118536047,no_water_crossing,0.0,S2B_MSIL2A_20240210T042929_R133_T46QCM_20240210T081234,0.0,no_water_crossing,0.0,S2A_MSIL2A_20241022T042831_R133_T46QCM_20241022T081405,4.0
1104,41040660,41040660,into_BD,41.9,1.868,2,5,5,Chattogram,91.22109688888962,23.743750013824908,no_water_crossing,0.0,S2B_MSIL2A_20240210T042929_R133_T46QCM_20240210T081234,0.0,no_water_crossing,0.0,S2A_MSIL2A_20241022T042831_R133_T46QCM_20241022T081405,4.0
1105,41042828,41042828,into_BD,7.1,0.342,1,3,0,Chattogram,92.28541666720037,23.707177517707436,no_water_crossing,0.0,S2A_MSIL2A_20240303T041701_R090_T46QDM_20240303T080637,0.0,no_water_crossing,0.0,S2A_MSIL2A_20241029T041911_R090_T46QDM_20241029T065346,13.2
1106,41042828,41042828,out_of_BD,7.1,0.342,1,3,0,Chattogram,92.28573403988464,23.705932640360427,no_water_crossing,0.0,S2A_MSIL2A_20240303T041701_R090_T46QDM_20240303T080637,0.0,no_water_crossing,0.0,S2A_MSIL2A_20241029T041911_R090_T46QDM_20241029T065346,13.2
1107,41043428,41043428,out_of_BD,4.3,0.211,1,4,0,Chattogram,92.23422396888108,23.68660962465845,no_water_crossing,0.0,S2B_MSIL2A_20240311T042659_R133_T46QDM_20240311T081918,0.0,no_water_crossing,0.0,S2B_MSIL2A_20241027T042809_R133_T46QDM_20241027T064846,5.0
1108,41043623,41044687,into_BD,8.5,0.378,1,5,0,Chattogram,91.19587762063708,23.69162242890594,no_water_crossing,0.0,S2B_MSIL2A_20240210T042929_R133_T46QCM_20240210T081234,0.0,no_water_crossing,0.0,S2A_MSIL2A_20241022T042831_R133_T46QCM_20241022T081405,4.0
1109,41043624,41043624,into_BD,6.3,0.282,1,6,13,Chattogram,91.20643116583533,23.685597843949548,no_water_crossing,0.0,S2B_MSIL2A_20240210T042929_R133_T46QCM_20240210T081234,0.0,no_water_crossing,0.0,S2A_MSIL2A_20241022T042831_R133_T46QCM_20241022T081405,4.0
1110,41043634,41081566,into_BD,151.9,7.249,3,2,0,Chattogram,92.28958333469711,23.69711758072054,no_water_crossing,0.0,S2A_MSIL2A_20240303T041701_R090_T46QDM_20240303T080637,0.0,no_water_crossing,0.0,S2A_MSIL2A_20241029T041911_R090_T46QDM_20241029T065346,13.2
1111,41043842,41043842,into_BD,12.8,0.63,2,3,0,Chattogram,92.29019745721736,23.681250007043182,no_water_crossing,0.0,S2A_MSIL2A_20240303T041701_R090_T46QDM_20240303T080637,0.0,no_water_crossing,0.0,S2A_MSIL2A_20241029T041911_R090_T46QDM_20241029T065346,13.2
1112,41044894,41035404,into_BD,433.3,19.65,4,4,0,Chattogram,91.20116216828808,23.657171199136084,no_water_crossing,0.0,S2B_MSIL2A_20240210T042929_R133_T46QCM_20240210T081234,0.0,no_water_crossing,0.0,S2A_MSIL2A_20241022T042831_R133_T46QCM_20241022T081405,4.0
1113,41045120,41045120,out_of_BD,13.0,0.632,1,3,0,Chattogram,92.27708333380748,23.654233476511052,no_water_crossing,0.0,S2A_MSIL2A_20240303T041701_R090_T46QDM_20240303T080637,0.0,no_water_crossing,0.0,S2A_MSIL2A_20241029T041911_R090_T46QDM_20241029T065346,13.2
1114,41045121,41081566,out_of_BD,170.2,8.151,3,2,0,Chattogram,92.28958333372373,23.680007472941156,no_water_crossing,0.0,S2A_MSIL2A_20240303T041701_R090_T46QDM_20240303T080637,0.0,no_water_crossing,0.0,S2A_MSIL2A_20241029T041911_R090_T46QDM_20241029T065346,13.2
1115,41045121,41081566,into_BD,170.2,8.151,3,2,0,Chattogram,92.28958333379936,23.679103816774433,no_water_crossing,0.0,S2A_MSIL2A_20240303T041701_R090_T46QDM_20240303T080637,0.0,no_water_crossing,0.0,S2A_MSIL2A_20241029T041911_R090_T46QDM_20241029T065346,13.2
1116,41045121,41081566,out_of_BD,170.2,8.151,3,2,0,Chattogram,92.28541666830888,23.667272844274617,no_water_crossing,0.0,S2A_MSIL2A_20240303T041701_R090_T46QDM_20240303T080637,0.0,no_water_crossing,0.0,S2A_MSIL2A_20241029T041911_R090_T46QDM_20241029T065346,13.2
1117,41045538,41044481,into_BD,7.7,0.348,1,5,0,Chattogram,91.16054321540835,23.651956799447053,no_water_crossing,0.0,S2B_MSIL2A_20240210T042929_R133_T46QCM_20240210T081234,0.0,no_water_crossing,0.0,S2A_MSIL2A_20241022T042831_R133_T46QCM_20241022T081405,4.0
1118,41045553,41045553,out_of_BD,16.1,0.798,2,3,0,Chattogram,92.27400002544108,23.646833344941356,no_water_crossing,0.0,S2A_MSIL2A_20240303T041701_R090_T46QDM_20240303T080637,0.0,no_water_crossing,0.0,S2A_MSIL2A_20241029T041911_R090_T46QDM_20241029T065346,13.2
1119,41045974,41081566,into_BD,202.4,9.738,3,2,0,Chattogram,92.27968993444976,23.64114344397329,no_water_crossing,0.0,S2A_MSIL2A_20240303T041701_R090_T46QDM_20240303T080637,0.0,no_water_crossing,0.0,S2A_MSIL2A_20241029T041911_R090_T46QDM_20241029T065346,13.2
1120,41045974,41081566,out_of_BD,202.4,9.738,3,2,0,Chattogram,92.28125000036232,23.638503447771217,no_water_crossing,0.0,S2A_MSIL2A_20240303T041701_R090_T46QDM_20240303T080637,0.0,no_water_crossing,0.0,S2A_MSIL2A_20241029T041911_R090_T46QDM_20241029T065346,13.2
1121,41046628,41081566,into_BD,219.3,10.59,3,2,0,Chattogram,92.29375000007592,23.6269040672896,no_water_crossing,0.0,S2A_MSIL2A_20240303T041701_R090_T46QDM_20240303T080637,0.0,no_water_crossing,0.0,S2A_MSIL2A_20241029T041911_R090_T46QDM_20241029T065346,13.2
1122,41046629,41046629,into_BD,3.0,0.15,1,3,0,Chattogram,92.29662499912206,23.62291669793375,no_water_crossing,0.0,S2A_MSIL2A_20240303T041701_R090_T46QDM_20240303T080637,0.0,no_water_crossing,0.0,S2A_MSIL2A_20241029T041911_R090_T46QDM_20241029T065346,13.2
1123,41046819,41046819,out_of_BD,6.7,0.339,1,3,0,Chattogram,92.27816298207176,23.62816301766333,no_water_crossing,0.0,S2A_MSIL2A_20240303T041701_R090_T46QDM_20240303T080637,0.0,no_water_crossing,0.0,S2A_MSIL2A_20241029T041911_R090_T46QDM_20241029T065346,13.2
1124,41046819,41046819,into_BD,6.7,0.339,1,3,0,Chattogram,92.2803272979028,23.63032732986786,no_water_crossing,0.0,S2A_MSIL2A_20240303T041701_R090_T46QDM_20240303T080637,0.0,no_water_crossing,0.0,S2A_MSIL2A_20241029T041911_R090_T46QDM_20241029T065346,13.2
1125,41046819,41046819,out_of_BD,6.7,0.339,1,3,0,Chattogram,92.28406528073072,23.63125001226272,no_water_crossing,0.0,S2A_MSIL2A_20240303T041701_R090_T46QDM_20240303T080637,0.0,no_water_crossing,0.0,S2A_MSIL2A_20241029T041911_R090_T46QDM_20241029T065346,13.2
1126,41048047,41048047,out_of_BD,17.1,0.373,1,4,13,Khulna,88.58824307807699,23.6034236684834,no_water_crossing,0.0,S2A_MSIL2A_20240309T043701_R033_T45QXG_20240309T091652,0.0,confirmed,70.0,S2B_MSIL2A_20241020T043729_R033_T45QXG_20241020T070252,12.2
1127,41048070,41048070,into_BD,14.9,0.686,1,6,0,Chattogram,91.16035975283673,23.614526599399777,no_water_crossing,0.0,S2B_MSIL2A_20240210T042929_R133_T46QCM_20240210T081234,0.0,no_water_crossing,0.0,S2A_MSIL2A_20241022T042831_R133_T46QCM_20241022T081405,4.0
1128,41048269,41048269,into_BD,3.1,0.145,1,7,7,Chattogram,91.16875000264906,23.593171296878968,no_water_crossing,0.0,S2B_MSIL2A_20240210T042929_R133_T46QCM_20240210T081234,0.0,no_water_crossing,0.0,S2A_MSIL2A_20241022T042831_R133_T46QCM_20241022T081405,4.0
1129,41048270,41048270,into_BD,2.6,0.118,1,6,0,Chattogram,91.17322629144996,23.59405970701424,no_water_crossing,0.0,S2B_MSIL2A_20240210T042929_R133_T46QCM_20240210T081234,0.0,no_water_crossing,0.0,S2A_MSIL2A_20241022T042831_R133_T46QCM_20241022T081405,4.0
1130,41049143,41049948,into_BD,18.5,0.858,2,5,0,Chattogram,91.1868327370559,23.57566756787647,no_water_crossing,0.0,S2B_MSIL2A_20240210T042929_R133_T46QCM_20240210T081234,0.0,no_water_crossing,0.0,S2A_MSIL2A_20241022T042831_R133_T46QCM_20241022T081405,4.0
1131,41049143,41049948,out_of_BD,18.5,0.858,2,5,0,Chattogram,91.17917082298072,23.583329424200336,no_water_crossing,0.0,S2B_MSIL2A_20240210T042929_R133_T46QCM_20240210T081234,0.0,no_water_crossing,0.0,S2A_MSIL2A_20241022T042831_R133_T46QCM_20241022T081405,4.0
1132,41049143,41049948,into_BD,18.5,0.858,2,5,1,Chattogram,91.17573937807568,23.58541667888506,no_water_crossing,0.0,S2B_MSIL2A_20240210T042929_R133_T46QCM_20240210T081234,0.0,no_water_crossing,0.0,S2A_MSIL2A_20241022T042831_R133_T46QCM_20241022T081405,4.0
1133,41049332,41081566,out_of_BD,239.4,11.625,3,2,0,Chattogram,92.292670231755,23.62183693401528,no_water_crossing,0.0,S2A_MSIL2A_20240303T041701_R090_T46QDM_20240303T080637,0.0,no_water_crossing,0.0,S2A_MSIL2A_20241029T041911_R090_T46QDM_20241029T065346,13.2
1134,41049332,41081566,into_BD,239.4,11.625,3,2,0,Chattogram,92.291939407245,23.595560748542617,no_water_crossing,0.0,S2A_MSIL2A_20240303T041701_R090_T46QDM_20240303T080637,0.0,no_water_crossing,0.0,S2A_MSIL2A_20241029T041911_R090_T46QDM_20241029T065346,13.2
1135,41049332,41081566,out_of_BD,239.4,11.625,3,2,0,Chattogram,92.2932682224635,23.594231967018292,no_water_crossing,0.0,S2A_MSIL2A_20240303T041701_R090_T46QDM_20240303T080637,0.0,no_water_crossing,0.0,S2A_MSIL2A_20241029T041911_R090_T46QDM_20241029T065346,13.2
1136,41049332,41081566,into_BD,239.4,11.625,3,2,0,Chattogram,92.2972545071537,23.590245549033067,no_water_crossing,0.0,S2A_MSIL2A_20240303T041701_R090_T46QDM_20240303T080637,0.0,no_water_crossing,0.0,S2A_MSIL2A_20241029T041911_R090_T46QDM_20241029T065346,13.2
1137,41049332,41081566,out_of_BD,239.4,11.625,3,2,0,Chattogram,92.3015962314794,23.589583339102383,no_water_crossing,0.0,S2A_MSIL2A_20240303T041701_R090_T46QDM_20240303T080637,0.0,no_water_crossing,0.0,S2A_MSIL2A_20241029T041911_R090_T46QDM_20241029T065346,13.2
1138,41049332,41081566,into_BD,239.4,11.625,3,2,0,Chattogram,92.30625000323332,23.582045054340085,no_water_crossing,0.0,S2A_MSIL2A_20240303T041701_R090_T46QDM_20240303T080637,0.0,no_water_crossing,0.0,S2A_MSIL2A_20241029T041911_R090_T46QDM_20241029T065346,13.2
1139,41049332,41081566,out_of_BD,239.4,11.625,3,2,0,Chattogram,92.30625000329836,23.57639807115446,no_water_crossing,0.0,S2A_MSIL2A_20240303T041701_R090_T46QDM_20240303T080637,0.0,no_water_crossing,0.0,S2A_MSIL2A_20241029T041911_R090_T46QDM_20241029T065346,13.2
1140,41049332,41081566,into_BD,239.4,11.625,3,2,0,Chattogram,92.30751018137794,23.571656525750868,no_water_crossing,0.0,S2A_MSIL2A_20240303T041701_R090_T46QDM_20240303T080637,0.0,no_water_crossing,0.0,S2A_MSIL2A_20241029T041911_R090_T46QDM_20241029T065346,13.2
1141,41049332,41081566,out_of_BD,239.4,11.625,3,2,0,Chattogram,92.3090049612531,23.570161748377103,no_water_crossing,0.0,S2A_MSIL2A_20240303T041701_R090_T46QDM_20240303T080637,0.0,no_water_crossing,0.0,S2A_MSIL2A_20241029T041911_R090_T46QDM_20241029T065346,13.2
1142,41050779,41050348,into_BD,25.6,1.2,2,4,0,Chattogram,91.2125068942894,23.5500070293395,no_water_crossing,0.0,S2B_MSIL2A_20240210T042929_R133_T46QCM_20240210T081234,0.0,no_water_crossing,0.0,S2A_MSIL2A_20241022T042831_R133_T46QCM_20241022T081405,4.0
1143,41050779,41050348,out_of_BD,25.6,1.2,2,4,0,Chattogram,91.2093251891672,23.54791669209369,no_water_crossing,0.0,S2B_MSIL2A_20240210T042929_R133_T46QCM_20240210T081234,0.0,no_water_crossing,0.0,S2A_MSIL2A_20241022T042831_R133_T46QCM_20241022T081405,4.0
1144,41050779,41050348,into_BD,25.6,1.2,2,4,0,Chattogram,91.20343062655672,23.547916696944547,no_water_crossing,0.0,S2B_MSIL2A_20240210T042929_R133_T46QCM_20240210T081234,0.0,no_water_crossing,0.0,S2A_MSIL2A_20241022T042831_R133_T46QCM_20241022T081405,4.0
1145,41051012,41081566,into_BD,362.1,17.899,4,2,0,Chattogram,92.31041668165764,23.55981532611684,no_water_crossing,0.0,S2A_MSIL2A_20240303T041701_R090_T46QDM_20240303T080637,0.0,no_water_crossing,0.0,S2A_MSIL2A_20241029T041911_R090_T46QDM_20241029T065346,13.2
1146,41051012,41081566,out_of_BD,362.1,17.899,4,2,0,Chattogram,92.31041668277692,23.554839047637913,no_water_crossing,0.0,S2A_MSIL2A_20240303T041701_R090_T46QDM_20240303T080637,0.0,no_water_crossing,0.0,S2A_MSIL2A_20241029T041911_R090_T46QDM_20241029T065346,13.2
1147,41051012,41081566,into_BD,362.1,17.899,4,2,0,Chattogram,92.31041667743108,23.5489579871798,no_water_crossing,0.0,S2A_MSIL2A_20240303T041701_R090_T46QDM_20240303T080637,0.0,no_water_crossing,0.0,S2A_MSIL2A_20241029T041911_R090_T46QDM_20241029T065346,13.2
1148,41051012,41081566,out_of_BD,362.1,17.899,4,2,0,Chattogram,92.31041667389754,23.546922234454637,no_water_crossing,0.0,S2A_MSIL2A_20240303T041701_R090_T46QDM_20240303T080637,0.0,no_water_crossing,0.0,S2A_MSIL2A_20241029T041911_R090_T46QDM_20241029T065346,13.2
1149,41051012,41081566,into_BD,362.1,17.899,4,2,0,Chattogram,92.31025440946048,23.543587749711374,no_water_crossing,0.0,S2A_MSIL2A_20240303T041701_R090_T46QDM_20240303T080637,0.0,no_water_crossing,0.0,S2A_MSIL2A_20241029T041911_R090_T46QDM_20241029T065346,13.2
1150,41052285,41056858,into_BD,8.9,0.42,1,2,0,Chattogram,91.20488399309752,23.53405069931386,no_water_crossing,0.0,S2B_MSIL2A_20240210T042929_R133_T46QCM_20240210T081234,0.0,no_water_crossing,0.0,S2A_MSIL2A_20241022T042831_R133_T46QCM_20241022T081405,4.0
1151,41052285,41056858,out_of_BD,8.9,0.42,1,2,0,Chattogram,91.20208333752636,23.52848447959432,no_water_crossing,0.0,S2B_MSIL2A_20240210T042929_R133_T46QCM_20240210T081234,0.0,no_water_crossing,0.0,S2A_MSIL2A_20241022T042831_R133_T46QCM_20241022T081405,4.0
1152,41052285,41056858,into_BD,8.9,0.42,1,2,0,Chattogram,91.20000753895744,23.52291668061713,no_water_crossing,0.0,S2B_MSIL2A_20240210T042929_R133_T46QCM_20240210T081234,0.0,no_water_crossing,0.0,S2A_MSIL2A_20241022T042831_R133_T46QCM_20241022T081405,4.0
1153,41053127,41053127,into_BD,208.1,4.506,3,2,0,Khulna,88.73080225791767,23.50253109548392,no_water_crossing,0.0,S2A_MSIL2A_20240309T043701_R033_T45QXG_20240309T091652,0.0,no_water_crossing,0.0,S2B_MSIL2A_20241020T043729_R033_T45QXG_20241020T070252,12.2
1154,41053574,41100788,out_of_BD,1892.8,44.971,4,1,21,Khulna,88.78676560464038,23.506250030381544,no_water_crossing,0.0,S2A_MSIL2A_20240309T043701_R033_T45QXG_20240309T091652,0.0,confirmed,460.0,S2B_MSIL2A_20241020T043729_R033_T45QXG_20241020T070252,12.2
1155,41053574,41100788,into_BD,1892.8,44.971,4,1,19,Khulna,88.78750138982342,23.506250042007064,no_water_crossing,0.0,S2A_MSIL2A_20240309T043701_R033_T45QXG_20240309T091652,0.0,confirmed,430.0,S2B_MSIL2A_20241020T043729_R033_T45QXG_20241020T070252,12.2
1156,41053574,41100788,out_of_BD,1892.8,44.971,4,1,3,Khulna,88.79791666942899,23.499942814774005,no_water_crossing,0.0,S2A_MSIL2A_20240309T043701_R033_T45QXG_20240309T091652,0.0,no_water_crossing,0.0,S2B_MSIL2A_20241020T043729_R033_T45QXG_20241020T070252,12.2
1157,41053574,41100788,into_BD,1892.8,44.971,4,1,3,Khulna,88.79666972240527,23.48666365470829,no_water_crossing,0.0,S2B_MSIL2A_20240104T044209_R033_T45QXF_20240104T080918,0.0,no_water_crossing,0.0,S2B_MSIL2A_20241020T043729_R033_T45QXG_20241020T070252,12.2
1158,41053574,41100788,out_of_BD,1892.8,44.971,4,1,3,Khulna,88.7973347623132,23.485998596103936,no_water_crossing,0.0,S2B_MSIL2A_20240104T044209_R033_T45QXF_20240104T080918,0.0,no_water_crossing,0.0,S2B_MSIL2A_20241020T043729_R033_T45QXG_20241020T070252,12.2
1159,41053587,41055522,into_BD,4.9,0.236,1,2,6,Chattogram,91.23659444202988,23.49076117039363,no_water_crossing,0.0,S2B_MSIL2A_20240210T042929_R133_T46QCM_20240210T081234,0.0,no_water_crossing,0.0,S2A_MSIL2A_20241022T042831_R133_T46QCM_20241022T081405,4.0
1160,41053802,41053802,into_BD,20.9,1.0,1,3,0,Chattogram,91.2231047532724,23.514771786536095,no_water_crossing,0.0,S2B_MSIL2A_20240210T042929_R133_T46QCM_20240210T081234,0.0,no_water_crossing,0.0,S2A_MSIL2A_20241022T042831_R133_T46QCM_20241022T081405,4.0
1161,41054222,41054222,into_BD,16.5,0.357,2,2,6,Khulna,88.7898347006019,23.47316805356049,no_water_crossing,0.0,S2B_MSIL2A_20240104T044209_R033_T45QXF_20240104T080918,0.0,no_water_crossing,0.0,S2B_MSIL2A_20241020T043729_R033_T45QXG_20241020T070252,12.2
1162,41054222,41054222,out_of_BD,16.5,0.357,2,2,22,Khulna,88.79754375569503,23.480877117708815,no_water_crossing,0.0,S2B_MSIL2A_20240104T044209_R033_T45QXF_20240104T080918,0.0,no_water_crossing,0.0,S2B_MSIL2A_20241020T043729_R033_T45QXG_20241020T070252,12.2
1163,41054479,41081566,out_of_BD,458.3,23.101,4,2,0,Chattogram,92.3073544757812,23.535416677534077,no_water_crossing,0.0,S2A_MSIL2A_20240303T041701_R090_T46QDM_20240303T080637,0.0,no_water_crossing,0.0,S2A_MSIL2A_20241029T041911_R090_T46QDM_20241029T065346,13.2
1164,41054479,41081566,into_BD,458.3,23.101,4,2,0,Chattogram,92.3111693055624,23.53466409068764,no_water_crossing,0.0,S2A_MSIL2A_20240303T041701_R090_T46QDM_20240303T080637,0.0,no_water_crossing,0.0,S2A_MSIL2A_20241029T041911_R090_T46QDM_20241029T065346,13.2
1165,41054479,41081566,out_of_BD,458.3,23.101,4,2,0,Chattogram,92.31416405317049,23.531669469665893,no_water_crossing,0.0,S2A_MSIL2A_20240303T041701_R090_T46QDM_20240303T080637,0.0,no_water_crossing,0.0,S2A_MSIL2A_20241029T041911_R090_T46QDM_20241029T065346,13.2
1166,41054479,41081566,into_BD,458.3,23.101,4,2,0,Chattogram,92.31665957240295,23.52917390483236,no_water_crossing,0.0,S2A_MSIL2A_20240303T041701_R090_T46QDM_20240303T080637,0.0,no_water_crossing,0.0,S2A_MSIL2A_20241029T041911_R090_T46QDM_20241029T065346,13.2
1167,41054479,41081566,out_of_BD,458.3,23.101,4,2,0,Chattogram,92.31715866492996,23.52867478670534,no_water_crossing,0.0,S2A_MSIL2A_20240303T041701_R090_T46QDM_20240303T080637,0.0,no_water_crossing,0.0,S2A_MSIL2A_20241029T041911_R090_T46QDM_20241029T065346,13.2
1168,41054479,41081566,into_BD,458.3,23.101,4,2,0,Chattogram,92.31458333505093,23.51785001062664,no_water_crossing,0.0,S2A_MSIL2A_20240303T041701_R090_T46QDM_20240303T080637,0.0,no_water_crossing,0.0,S2A_MSIL2A_20241029T041911_R090_T46QDM_20241029T065346,13.2
1169,41054479,41081566,out_of_BD,458.3,23.101,4,2,0,Chattogram,92.31875000408976,23.508715244731356,no_water_crossing,0.0,S2A_MSIL2A_20240303T041701_R090_T46QDM_20240303T080637,0.0,no_water_crossing,0.0,S2A_MSIL2A_20241029T041911_R090_T46QDM_20241029T065346,13.2
1170,41054479,41081566,into_BD,458.3,23.101,4,2,0,Chattogram,92.31875000820035,23.506678564335896,no_water_crossing,0.0,S2A_MSIL2A_20240303T041701_R090_T46QDM_20240303T080637,0.0,no_water_crossing,0.0,S2A_MSIL2A_20241029T041911_R090_T46QDM_20241029T065346,13.2
1171,41054479,41081566,out_of_BD,458.3,23.101,4,2,0,Chattogram,92.31875000975248,23.50577337287935,no_water_crossing,0.0,S2A_MSIL2A_20240303T041701_R090_T46QDM_20240303T080637,0.0,no_water_crossing,0.0,S2A_MSIL2A_20241029T041911_R090_T46QDM_20241029T065346,13.2
1172,41054479,41081566,into_BD,458.3,23.101,4,2,0,Chattogram,92.31875001339428,23.503057797883287,no_water_crossing,0.0,S2A_MSIL2A_20240303T041701_R090_T46QDM_20240303T080637,0.0,no_water_crossing,0.0,S2A_MSIL2A_20241029T041911_R090_T46QDM_20241029T065346,13.2
1173,41054479,41081566,out_of_BD,458.3,23.101,4,2,0,Chattogram,92.31875001488687,23.494458470864153,no_water_crossing,0.0,S2A_MSIL2A_20240303T041701_R090_T46QDM_20240303T080637,0.0,no_water_crossing,0.0,S2A_MSIL2A_20241029T041911_R090_T46QDM_20241029T065346,13.2
1174,41054479,41081566,into_BD,458.3,23.101,4,2,0,Chattogram,92.31875001349744,23.49287438328053,no_water_crossing,0.0,S2A_MSIL2A_20240303T041701_R090_T46QDM_20240303T080637,0.0,no_water_crossing,0.0,S2A_MSIL2A_20241029T041911_R090_T46QDM_20241029T065346,13.2
1175,41054479,41081566,out_of_BD,458.3,23.101,4,2,0,Chattogram,92.3187500075471,23.488801013740787,no_water_crossing,0.0,S2A_MSIL2A_20240303T041701_R090_T46QDM_20240303T080637,0.0,no_water_crossing,0.0,S2A_MSIL2A_20241029T041911_R090_T46QDM_20241029T065346,13.2
1176,41054479,41081566,into_BD,458.3,23.101,4,2,0,Chattogram,92.31875000112052,23.485859134425695,no_water_crossing,0.0,S2A_MSIL2A_20240303T041701_R090_T46QDM_20240303T080637,0.0,no_water_crossing,0.0,S2A_MSIL2A_20241029T041911_R090_T46QDM_20241029T065346,13.2
1177,41054479,41081566,out_of_BD,458.3,23.101,4,2,0,Chattogram,92.32274968522616,23.481416988787988,no_water_crossing,0.0,S2A_MSIL2A_20240303T041701_R090_T46QDM_20240303T080637,0.0,no_water_crossing,0.0,S2A_MSIL2A_20241029T041911_R090_T46QDM_20241029T065346,13.2
1178,41054479,41081566,into_BD,458.3,23.101,4,2,0,Chattogram,92.32291666696868,23.480345680222612,no_water_crossing,0.0,S2A_MSIL2A_20240303T041701_R090_T46QDM_20240303T080637,0.0,no_water_crossing,0.0,S2A_MSIL2A_20241029T041911_R090_T46QDM_20241029T065346,13.2
1179,41054479,41081566,out_of_BD,458.3,23.101,4,2,0,Chattogram,92.32016963458857,23.471497074963956,no_water_crossing,0.0,S2A_MSIL2A_20240303T041701_R090_T46QDM_20240303T080637,0.0,no_water_crossing,0.0,S2A_MSIL2A_20241029T041911_R090_T46QDM_20241029T065346,13.2
1180,41054479,41081566,into_BD,458.3,23.101,4,2,0,Chattogram,92.32283098452864,23.46883568598237,no_water_crossing,0.0,S2A_MSIL2A_20240303T041701_R090_T46QDM_20240303T080637,0.0,no_water_crossing,0.0,S2A_MSIL2A_20241029T041911_R090_T46QDM_20241029T065346,13.2
1181,41054479,41081566,out_of_BD,458.3,23.101,4,2,0,Chattogram,92.32303621059128,23.46875125996312,no_water_crossing,0.0,S2A_MSIL2A_20240303T041701_R090_T46QDM_20240303T080637,0.0,no_water_crossing,0.0,S2A_MSIL2A_20241029T041911_R090_T46QDM_20241029T065346,13.2
1182,41054853,41100788,into_BD,1920.7,45.578,4,1,15,Khulna,88.7996669786246,23.48366684367249,no_water_crossing,0.0,S2B_MSIL2A_20240104T044209_R033_T45QXF_20240104T080918,0.0,no_water_crossing,0.0,S2B_MSIL2A_20241020T043729_R033_T45QXG_20241020T070252,12.2
1183,41054886,41081566,into_BD,591.2,30.336,4,2,0,Chattogram,92.32883337764216,23.46700000218127,no_water_crossing,0.0,S2A_MSIL2A_20240303T041701_R090_T46QDM_20240303T080637,0.0,no_water_crossing,0.0,S2A_MSIL2A_20241029T041911_R090_T46QDM_20241029T065346,13.2
1184,41054886,41081566,out_of_BD,591.2,30.336,4,2,0,Chattogram,92.32950004902382,23.46633333079856,no_water_crossing,0.0,S2A_MSIL2A_20240303T041701_R090_T46QDM_20240303T080637,0.0,no_water_crossing,0.0,S2A_MSIL2A_20241029T041911_R090_T46QDM_20241029T065346,13.2
1185,41054886,41081566,into_BD,591.2,30.336,4,2,0,Chattogram,92.32966661764104,23.462999994392625,no_water_crossing,0.0,S2A_MSIL2A_20240303T041701_R090_T46QDM_20240303T080637,0.0,no_water_crossing,0.0,S2A_MSIL2A_20241029T041911_R090_T46QDM_20241029T065346,13.2
1186,41055303,41090466,into_BD,2245.6,100.193,4,1,41,Chattogram,91.25146914192275,23.464583340332695,confirmed,140.0,S2B_MSIL2A_20240210T042929_R133_T46QCM_20240210T081234,0.0,confirmed,140.0,S2A_MSIL2A_20241022T042831_R133_T46QCM_20241022T081405,4.0
1187,41055310,41081566,out_of_BD,602.4,30.978,4,2,0,Chattogram,92.32708333338005,23.460302297931765,no_water_crossing,0.0,S2A_MSIL2A_20240303T041701_R090_T46QDM_20240303T080637,0.0,no_water_crossing,0.0,S2A_MSIL2A_20241029T041911_R090_T46QDM_20241029T065346,13.2
1188,41055310,41081566,into_BD,602.4,30.978,4,2,0,Chattogram,92.32708333348378,23.456642497546987,no_water_crossing,0.0,S2A_MSIL2A_20240303T041701_R090_T46QDM_20240303T080637,0.0,no_water_crossing,0.0,S2A_MSIL2A_20241029T041911_R090_T46QDM_20241029T065346,13.2
1189,41055310,41081566,out_of_BD,602.4,30.978,4,2,0,Chattogram,92.33116594321991,23.452167393882824,no_water_crossing,0.0,S2A_MSIL2A_20240303T041701_R090_T46QDM_20240303T080637,0.0,no_water_crossing,0.0,S2A_MSIL2A_20241029T041911_R090_T46QDM_20241029T065346,13.2
1190,41055721,41055721,into_BD,8.7,0.426,1,2,0,Chattogram,91.25342290770396,23.459077135071283,confirmed,130.0,S2B_MSIL2A_20240210T042929_R133_T46QCM_20240210T081234,0.0,confirmed,150.0,S2A_MSIL2A_20241022T042831_R133_T46QCM_20241022T081405,4.0
1191,41055721,41055721,out_of_BD,8.7,0.426,1,2,69,Chattogram,91.252083334234,23.461532238631353,confirmed,140.0,S2B_MSIL2A_20240210T042929_R133_T46QCM_20240210T081234,0.0,confirmed,150.0,S2A_MSIL2A_20241022T042831_R133_T46QCM_20241022T081405,4.0
1192,41055724,41054884,out_of_BD,8.7,0.447,1,2,0,Chattogram,91.91540273925688,23.447097310134033,no_water_crossing,0.0,S2A_MSIL2A_20240303T041701_R090_T46QCM_20240303T080615,0.0,no_water_crossing,0.0,S2A_MSIL2A_20241029T041911_R090_T46QCM_20241029T065346,0.8
1193,41055725,41055725,into_BD,3.0,0.153,1,4,0,Chattogram,91.94375000011198,23.454052058907905,no_water_crossing,0.0,S2A_MSIL2A_20240303T041701_R090_T46QCM_20240303T080615,0.0,no_water_crossing,0.0,S2A_MSIL2A_20241029T041911_R090_T46QCM_20241029T065346,0.8
1194,41056412,41056412,into_BD,12.6,0.623,1,2,0,Chattogram,91.26851285738576,23.43125027640891,no_water_crossing,0.0,S2B_MSIL2A_20240210T042929_R133_T46QCM_20240210T081234,0.0,no_water_crossing,0.0,S2A_MSIL2A_20241022T042831_R133_T46QCM_20241022T081405,4.0
1195,41056655,41056655,out_of_BD,7.7,0.453,2,3,0,Chattogram,92.34166656891026,23.43333337364532,no_water_crossing,0.0,S2A_MSIL2A_20240303T041701_R090_T46QDM_20240303T080637,0.0,no_water_crossing,0.0,S2A_MSIL2A_20241029T041911_R090_T46QDM_20241029T065346,13.2
1196,41056869,41056869,out_of_BD,31.7,1.823,2,3,0,Chattogram,92.33087414757082,23.43541672181902,no_water_crossing,0.0,S2A_MSIL2A_20240303T041701_R090_T46QDM_20240303T080637,0.0,no_water_crossing,0.0,S2A_MSIL2A_20241029T041911_R090_T46QDM_20241029T065346,13.2
1197,41057321,41057321,out_of_BD,11.4,0.245,1,2,0,Khulna,88.75571501918706,23.41821511068611,no_water_crossing,0.0,S2B_MSIL2A_20240104T044209_R033_T45QXF_20240104T080918,0.0,no_water_crossing,0.0,S2B_MSIL2A_20241020T043729_R033_T45QXG_20241020T070252,12.2
1198,41058197,41058197,out_of_BD,14.4,0.307,1,2,49,Khulna,88.75968976470467,23.406250031072705,no_water_crossing,0.0,S2B_MSIL2A_20240104T044209_R033_T45QXF_20240104T080918,0.0,no_water_crossing,0.0,S2A_MSIL2A_20241015T043741_R033_T45QXF_20241015T083051,17.6
1199,41058197,41058197,into_BD,14.4,0.307,1,2,13,Khulna,88.75311361893249,23.403113775641614,no_water_crossing,0.0,S2B_MSIL2A_20240104T044209_R033_T45QXF_20240104T080918,0.0,no_water_crossing,0.0,S2A_MSIL2A_20241015T043741_R033_T45QXF_20241015T083051,17.6
1200,41058197,41058197,out_of_BD,14.4,0.307,1,2,10,Khulna,88.75046193541445,23.400462077047266,no_water_crossing,0.0,S2B_MSIL2A_20240104T044209_R033_T45QXF_20240104T080918,0.0,no_water_crossing,0.0,S2A_MSIL2A_20241015T043741_R033_T45QXF_20241015T083051,17.6
1201,41058218,41061835,into_BD,21.3,1.058,2,3,0,Chattogram,91.27617003745034,23.41367006805591,nodata,,,,nodata,,,
1202,41058661,41081566,into_BD,719.2,37.834,4,2,0,Chattogram,92.35294503578724,23.398778399286353,no_water_crossing,0.0,S2A_MSIL2A_20240303T041701_R090_T46QDL_20240303T080633,0.0,no_water_crossing,0.0,S2A_MSIL2A_20241029T041911_R090_T46QDL_20241029T065346,15.7
1203,41058661,41081566,out_of_BD,719.2,37.834,4,2,0,Chattogram,92.3543317536861,23.391501626877435,no_water_crossing,0.0,S2A_MSIL2A_20240303T041701_R090_T46QDL_20240303T080633,0.0,no_water_crossing,0.0,S2A_MSIL2A_20241029T041911_R090_T46QDL_20241029T065346,15.7
1204,41058661,41081566,into_BD,719.2,37.834,4,2,0,Chattogram,92.35616659913696,23.38966673792468,no_water_crossing,0.0,S2A_MSIL2A_20240303T041701_R090_T46QDL_20240303T080633,0.0,no_water_crossing,0.0,S2A_MSIL2A_20241029T041911_R090_T46QDL_20241029T065346,15.7
1205,41058854,41058854,into_BD,7.5,0.376,1,5,0,Chattogram,91.27898589381203,23.38731927146884,no_water_crossing,0.0,S2B_MSIL2A_20240210T042929_R133_T46QCL_20240210T081237,0.0,no_water_crossing,0.0,S2A_MSIL2A_20241022T042831_R133_T46QCL_20241022T081405,8.0
1206,41058867,41058867,into_BD,7.5,0.452,1,3,0,Chattogram,92.3573289212649,23.390662289876712,no_water_crossing,0.0,S2A_MSIL2A_20240303T041701_R090_T46QDL_20240303T080633,0.0,no_water_crossing,0.0,S2A_MSIL2A_20241029T041911_R090_T46QDL_20241029T065346,15.7
1207,41059104,41056641,out_of_BD,20.7,1.063,2,2,0,Chattogram,91.78967142647332,23.397828577518492,no_water_crossing,0.0,S2A_MSIL2A_20240303T041701_R090_T46QCL_20240303T080625,0.0,no_water_crossing,0.0,S2A_MSIL2A_20241029T041911_R090_T46QCL_20241029T065346,2.8
1208,41059306,41058853,into_BD,18.7,0.944,2,4,0,Chattogram,91.29314371438744,23.37708336448056,no_water_crossing,0.0,S2B_MSIL2A_20240210T042929_R133_T46QCL_20240210T081237,0.0,no_water_crossing,0.0,S2A_MSIL2A_20241022T042831_R133_T46QCL_20241022T081405,8.0
1209,41059306,41058853,out_of_BD,18.7,0.944,2,4,0,Chattogram,91.29118035590672,23.377083449208587,no_water_crossing,0.0,S2B_MSIL2A_20240210T042929_R133_T46QCL_20240210T081237,0.0,no_water_crossing,0.0,S2A_MSIL2A_20241022T042831_R133_T46QCL_20241022T081405,8.0
1210,41059306,41058853,into_BD,18.7,0.944,2,4,0,Chattogram,91.27989107768396,23.3770834578072,no_water_crossing,0.0,S2B_MSIL2A_20240210T042929_R133_T46QCL_20240210T081237,0.0,no_water_crossing,0.0,S2A_MSIL2A_20241022T042831_R133_T46QCL_20241022T081405,8.0
1211,41059749,41081566,out_of_BD,731.6,38.599,4,2,2,Chattogram,92.35625000150712,23.384039072873055,no_water_crossing,0.0,S2A_MSIL2A_20240303T041701_R090_T46QDL_20240303T080633,0.0,no_water_crossing,0.0,S2A_MSIL2A_20241029T041911_R090_T46QDL_20241029T065346,15.7
1212,41059749,41081566,into_BD,731.6,38.599,4,2,0,Chattogram,92.35769253763932,23.37980750536565,no_water_crossing,0.0,S2A_MSIL2A_20240303T041701_R090_T46QDL_20240303T080633,0.0,no_water_crossing,0.0,S2A_MSIL2A_20241029T041911_R090_T46QDL_20241029T065346,15.7
1213,41059749,41081566,out_of_BD,731.6,38.599,4,2,0,Chattogram,92.3583186813343,23.374985393927133,no_water_crossing,0.0,S2A_MSIL2A_20240303T041701_R090_T46QDL_20240303T080633,0.0,no_water_crossing,0.0,S2A_MSIL2A_20241029T041911_R090_T46QDL_20241029T065346,15.7
1214,41059749,41081566,into_BD,731.6,38.599,4,2,0,Chattogram,92.35682219301648,23.373488881446953,no_water_crossing,0.0,S2A_MSIL2A_20240303T041701_R090_T46QDL_20240303T080633,0.0,no_water_crossing,0.0,S2A_MSIL2A_20241029T041911_R090_T46QDL_20241029T065346,15.7
1215,41059749,41081566,out_of_BD,731.6,38.599,4,2,0,Chattogram,92.3571743064908,23.371992392961783,no_water_crossing,0.0,S2A_MSIL2A_20240303T041701_R090_T46QDL_20240303T080633,0.0,no_water_crossing,0.0,S2A_MSIL2A_20241029T041911_R090_T46QDL_20241029T065346,15.7
1216,41059934,41059934,out_of_BD,7.3,0.156,1,2,0,Khulna,88.76342417604756,23.371757603025245,no_water_crossing,0.0,S2B_MSIL2A_20240104T044209_R033_T45QXF_20240104T080918,0.0,no_water_crossing,0.0,S2A_MSIL2A_20241015T043741_R033_T45QXF_20241015T083051,17.6
1217,41060188,41060188,out_of_BD,35.5,2.135,3,3,0,Chattogram,92.360416666926,23.367954166116665,no_water_crossing,0.0,S2A_MSIL2A_20240303T041701_R090_T46QDL_20240303T080633,0.0,no_water_crossing,0.0,S2A_MSIL2A_20241029T041911_R090_T46QDL_20241029T065346,15.7
1218,41060361,41060361,into_BD,3.4,0.17,1,3,0,Chattogram,91.3185221966004,23.360189294678214,no_water_crossing,0.0,S2B_MSIL2A_20240210T042929_R133_T46QCL_20240210T081237,0.0,no_water_crossing,0.0,S2A_MSIL2A_20241022T042831_R133_T46QCL_20241022T081405,8.0
1219,41060584,41062075,into_BD,55.2,2.811,3,2,0,Chattogram,91.31766413110464,23.353169239791896,no_water_crossing,0.0,S2B_MSIL2A_20240210T042929_R133_T46QCL_20240210T081237,0.0,no_water_crossing,0.0,S2A_MSIL2A_20241022T042831_R133_T46QCL_20241022T081405,8.0
1220,41060780,41060780,out_of_BD,7.7,0.162,1,2,0,Khulna,88.73614788617589,23.352083401993628,no_water_crossing,0.0,S2B_MSIL2A_20240104T044209_R033_T45QXF_20240104T080918,0.0,no_water_crossing,0.0,S2A_MSIL2A_20241015T043741_R033_T45QXF_20241015T083051,17.6
1221,41060780,41060780,into_BD,7.7,0.162,1,2,0,Khulna,88.7437500020662,23.348933552468996,no_water_crossing,0.0,S2B_MSIL2A_20240104T044209_R033_T45QXF_20240104T080918,0.0,no_water_crossing,0.0,S2A_MSIL2A_20241015T043741_R033_T45QXF_20241015T083051,17.6
1222,41060781,41110806,into_BD,95.2,2.022,2,1,0,Khulna,88.76041666910847,23.3617649708164,no_water_crossing,0.0,S2B_MSIL2A_20240104T044209_R033_T45QXF_20240104T080918,0.0,no_water_crossing,0.0,S2A_MSIL2A_20241015T043741_R033_T45QXF_20241015T083051,17.6
1223,41060781,41110806,out_of_BD,95.2,2.022,2,1,0,Khulna,88.74615193955479,23.350318646861563,no_water_crossing,0.0,S2B_MSIL2A_20240104T044209_R033_T45QXF_20240104T080918,0.0,no_water_crossing,0.0,S2A_MSIL2A_20241015T043741_R033_T45QXF_20241015T083051,17.6
1224,41060781,41110806,into_BD,95.2,2.022,2,1,0,Khulna,88.74482672091929,23.34899341948365,no_water_crossing,0.0,S2B_MSIL2A_20240104T044209_R033_T45QXF_20240104T080918,0.0,no_water_crossing,0.0,S2A_MSIL2A_20241015T043741_R033_T45QXF_20241015T083051,17.6
1225,41060805,41081566,into_BD,777.1,41.374,4,2,0,Chattogram,92.36642223181146,23.368750044676183,no_water_crossing,0.0,S2A_MSIL2A_20240303T041701_R090_T46QDL_20240303T080633,0.0,no_water_crossing,0.0,S2A_MSIL2A_20241029T041911_R090_T46QDL_20241029T065346,15.7
1226,41060805,41081566,out_of_BD,777.1,41.374,4,2,0,Chattogram,92.3699977306578,23.36750236600188,no_water_crossing,0.0,S2A_MSIL2A_20240303T041701_R090_T46QDL_20240303T080633,0.0,no_water_crossing,0.0,S2A_MSIL2A_20241029T041911_R090_T46QDL_20241029T065346,15.7
1227,41060805,41081566,into_BD,777.1,41.374,4,2,0,Chattogram,92.3713279505149,23.366172211700015,no_water_crossing,0.0,S2A_MSIL2A_20240303T041701_R090_T46QDL_20240303T080633,0.0,no_water_crossing,0.0,S2A_MSIL2A_20241029T041911_R090_T46QDL_20241029T065346,15.7
1228,41060805,41081566,out_of_BD,777.1,41.374,4,2,0,Chattogram,92.37708333361265,23.357161383960896,no_water_crossing,0.0,S2A_MSIL2A_20240303T041701_R090_T46QDL_20240303T080633,0.0,no_water_crossing,0.0,S2A_MSIL2A_20241029T041911_R090_T46QDL_20241029T065346,15.7
1229,41060805,41081566,into_BD,777.1,41.374,4,2,0,Chattogram,92.37774386165302,23.355589496984088,no_water_crossing,0.0,S2A_MSIL2A_20240303T041701_R090_T46QDL_20240303T080633,0.0,no_water_crossing,0.0,S2A_MSIL2A_20241029T041911_R090_T46QDL_20241029T065346,15.7
1230,41060805,41081566,out_of_BD,777.1,41.374,4,2,0,Chattogram,92.38106917294525,23.35226416826208,no_water_crossing,0.0,S2A_MSIL2A_20240303T041701_R090_T46QDL_20240303T080633,0.0,no_water_crossing,0.0,S2A_MSIL2A_20241029T041911_R090_T46QDL_20241029T065346,15.7
1231,41060805,41081566,into_BD,777.1,41.374,4,2,0,Chattogram,92.38125000027166,23.35119797151631,no_water_crossing,0.0,S2A_MSIL2A_20240303T041701_R090_T46QDL_20240303T080633,0.0,no_water_crossing,0.0,S2A_MSIL2A_20241029T041911_R090_T46QDL_20241029T065346,15.7
1232,41060805,41081566,out_of_BD,777.1,41.374,4,2,0,Chattogram,92.38125000031768,23.35097167467398,no_water_crossing,0.0,S2A_MSIL2A_20240303T041701_R090_T46QDL_20240303T080633,0.0,no_water_crossing,0.0,S2A_MSIL2A_20241029T041911_R090_T46QDL_20241029T065346,15.7
1233,41061390,41081566,into_BD,816.7,43.826,4,2,0,Chattogram,92.37568145420404,23.338181495168826,no_water_crossing,0.0,S2A_MSIL2A_20240303T041701_R090_T46QDL_20240303T080633,0.0,no_water_crossing,0.0,S2A_MSIL2A_20241029T041911_R090_T46QDL_20241029T065346,15.7
1234,41062080,41081566,out_of_BD,837.6,45.134,4,2,0,Chattogram,92.36875000022228,23.326417886209164,no_water_crossing,0.0,S2A_MSIL2A_20240303T041701_R090_T46QDL_20240303T080633,0.0,no_water_crossing,0.0,S2A_MSIL2A_20241029T041911_R090_T46QDL_20241029T065346,15.7
1235,41062495,41063682,into_BD,4.9,0.255,1,2,0,Chattogram,91.29020624360275,23.31937293292112,no_water_crossing,0.0,S2B_MSIL2A_20240210T042929_R133_T46QCL_20240210T081237,0.0,no_water_crossing,0.0,S2A_MSIL2A_20241022T042831_R133_T46QCL_20241022T081405,8.0
1236,41062507,41062507,out_of_BD,3.0,0.185,1,3,0,Chattogram,92.36565655035317,23.32291667726037,no_water_crossing,0.0,S2A_MSIL2A_20240303T041701_R090_T46QDL_20240303T080633,0.0,no_water_crossing,0.0,S2A_MSIL2A_20241029T041911_R090_T46QDL_20241029T065346,15.7
1237,41062706,41062706,into_BD,4.7,0.245,1,3,0,Chattogram,91.30677897102682,23.315112346738324,no_water_crossing,0.0,S2B_MSIL2A_20240210T042929_R133_T46QCL_20240210T081237,0.0,no_water_crossing,0.0,S2A_MSIL2A_20241022T042831_R133_T46QCL_20241022T081405,8.0
1238,41062712,41062712,out_of_BD,3.2,0.199,1,4,0,Chattogram,92.36875000417804,23.318701174644755,no_water_crossing,0.0,S2A_MSIL2A_20240303T041701_R090_T46QDL_20240303T080633,0.0,no_water_crossing,0.0,S2A_MSIL2A_20241029T041911_R090_T46QDL_20241029T065346,15.7
1239,41062890,41062890,into_BD,9.5,0.491,1,3,0,Chattogram,91.31396678064844,23.30625000698491,no_water_crossing,0.0,S2B_MSIL2A_20240210T042929_R133_T46QCL_20240210T081237,0.0,no_water_crossing,0.0,S2A_MSIL2A_20241022T042831_R133_T46QCL_20241022T081405,8.0
1240,41062892,41081566,into_BD,848.0,45.806,4,2,0,Chattogram,92.36950008947208,23.322166707440577,no_water_crossing,0.0,S2A_MSIL2A_20240303T041701_R090_T46QDL_20240303T080633,0.0,no_water_crossing,0.0,S2A_MSIL2A_20241029T041911_R090_T46QDL_20241029T065346,15.7
1241,41062892,41081566,out_of_BD,848.0,45.806,4,2,0,Chattogram,92.37766718452409,23.31400023594866,no_water_crossing,0.0,S2A_MSIL2A_20240303T041701_R090_T46QDL_20240303T080633,0.0,no_water_crossing,0.0,S2A_MSIL2A_20241029T041911_R090_T46QDL_20241029T065346,15.7
1242,41062892,41081566,into_BD,848.0,45.806,4,2,0,Chattogram,92.3820003392244,23.30966682120887,no_water_crossing,0.0,S2A_MSIL2A_20240303T041701_R090_T46QDL_20240303T080633,0.0,no_water_crossing,0.0,S2A_MSIL2A_20241029T041911_R090_T46QDL_20241029T065346,15.7
1243,41062893,41062893,into_BD,19.3,1.229,2,3,0,Chattogram,92.38652105678716,23.30625001078557,no_water_crossing,0.0,S2A_MSIL2A_20240303T041701_R090_T46QDL_20240303T080633,0.0,no_water_crossing,0.0,S2A_MSIL2A_20241029T041911_R090_T46QDL_20241029T065346,15.7
1244,41063271,41110806,out_of_BD,137.7,2.916,2,1,0,Khulna,88.74375006052608,23.3275147300698,no_water_crossing,0.0,S2B_MSIL2A_20240104T044209_R033_T45QXF_20240104T080918,0.0,no_water_crossing,0.0,S2A_MSIL2A_20241015T043741_R033_T45QXF_20241015T083051,17.6
1245,41063271,41110806,into_BD,137.7,2.916,2,1,0,Khulna,88.74765913046703,23.31900754824296,no_water_crossing,0.0,S2B_MSIL2A_20240104T044209_R033_T45QXF_20240104T080918,0.0,no_water_crossing,0.0,S2A_MSIL2A_20241015T043741_R033_T45QXF_20241015T083051,17.6
1246,41063271,41110806,out_of_BD,137.7,2.916,2,1,1,Khulna,88.7451075047788,23.31177420793902,no_water_crossing,0.0,S2B_MSIL2A_20240104T044209_R033_T45QXF_20240104T080918,0.0,no_water_crossing,0.0,S2A_MSIL2A_20241015T043741_R033_T45QXF_20241015T083051,17.6
1247,41063271,41110806,into_BD,137.7,2.916,2,1,0,Khulna,88.73048969126657,23.30965638270197,no_water_crossing,0.0,S2B_MSIL2A_20240104T044209_R033_T45QXF_20240104T080918,0.0,no_water_crossing,0.0,S2A_MSIL2A_20241015T043741_R033_T45QXF_20241015T083051,17.6
1248,41063271,41110806,out_of_BD,137.7,2.916,2,1,0,Khulna,88.72600191984769,23.30625005400472,no_water_crossing,0.0,S2B_MSIL2A_20240104T044209_R033_T45QXF_20240104T080918,0.0,no_water_crossing,0.0,S2A_MSIL2A_20241015T043741_R033_T45QXF_20241015T083051,17.6
1249,41063271,41110806,into_BD,137.7,2.916,2,1,4,Khulna,88.70774310298134,23.303576474460456,no_water_crossing,0.0,S2B_MSIL2A_20240104T044209_R033_T45QXF_20240104T080918,0.0,no_water_crossing,0.0,S2A_MSIL2A_20241015T043741_R033_T45QXF_20241015T083051,17.6
1250,41063285,41067886,into_BD,9.7,0.505,1,2,0,Chattogram,91.31548246319568,23.301184388946403,no_water_crossing,0.0,S2B_MSIL2A_20240210T042929_R133_T46QCL_20240210T081237,0.0,no_water_crossing,0.0,S2A_MSIL2A_20241022T042831_R133_T46QCL_20241022T081405,8.0
1251,41063289,41063290,out_of_BD,3.5,0.187,1,4,0,Chattogram,91.75146189583636,23.302705069461297,no_water_crossing,0.0,S2A_MSIL2A_20240303T041701_R090_T46QCL_20240303T080625,0.0,no_water_crossing,0.0,S2A_MSIL2A_20241029T041911_R090_T46QCL_20241029T065346,2.8
1252,41063291,41064610,out_of_BD,10.4,0.55,1,3,0,Chattogram,91.7640047326182,23.301504754171532,no_water_crossing,0.0,S2A_MSIL2A_20240303T041701_R090_T46QCL_20240303T080625,0.0,no_water_crossing,0.0,S2A_MSIL2A_20241029T041911_R090_T46QCL_20241029T065346,2.8
1253,41064146,41064146,into_BD,5.1,0.27,1,3,0,Chattogram,91.30273776589478,23.286071169821017,no_water_crossing,0.0,S2B_MSIL2A_20240210T042929_R133_T46QCL_20240210T081237,0.0,no_water_crossing,0.0,S2A_MSIL2A_20241022T042831_R133_T46QCL_20241022T081405,8.0
1254,41064147,41066790,into_BD,49.9,2.579,3,2,0,Chattogram,91.41433334068444,23.281500003583385,no_water_crossing,0.0,S2B_MSIL2A_20240210T042929_R133_T46QCL_20240210T081237,0.0,no_water_crossing,0.0,S2A_MSIL2A_20241022T042831_R133_T46QCL_20241022T081405,8.0
1255,41064148,41064148,into_BD,8.5,0.444,1,3,0,Chattogram,91.41458333420636,23.282495043869012,no_water_crossing,0.0,S2B_MSIL2A_20240210T042929_R133_T46QCL_20240210T081237,0.0,no_water_crossing,0.0,S2A_MSIL2A_20241022T042831_R133_T46QCL_20241022T081405,8.0
1256,41064373,41064373,into_BD,6.7,0.357,1,4,0,Chattogram,91.76001923452992,23.28125001797125,no_water_crossing,0.0,S2A_MSIL2A_20240303T041701_R090_T46QCL_20240303T080625,0.0,no_water_crossing,0.0,S2A_MSIL2A_20241029T041911_R090_T46QCL_20241029T065346,2.8
1257,41064374,41064610,into_BD,24.4,1.287,2,3,0,Chattogram,91.76041667300834,23.289368545080947,no_water_crossing,0.0,S2A_MSIL2A_20240303T041701_R090_T46QCL_20240303T080625,0.0,no_water_crossing,0.0,S2A_MSIL2A_20241029T041911_R090_T46QCL_20241029T065346,2.8
1258,41064621,41081566,out_of_BD,874.6,47.529,4,2,0,Chattogram,92.38541666971548,23.302510293341783,no_water_crossing,0.0,S2A_MSIL2A_20240303T041701_R090_T46QDL_20240303T080633,0.0,no_water_crossing,0.0,S2A_MSIL2A_20241029T041911_R090_T46QDL_20241029T065346,15.7
1259,41064621,41081566,into_BD,874.6,47.529,4,2,0,Chattogram,92.38502563262011,23.293358981529824,no_water_crossing,0.0,S2A_MSIL2A_20240303T041701_R090_T46QDL_20240303T080633,0.0,no_water_crossing,0.0,S2A_MSIL2A_20241029T041911_R090_T46QDL_20241029T065346,15.7
1260,41064621,41081566,out_of_BD,874.6,47.529,4,2,0,Chattogram,92.38280204140652,23.288031406571665,no_water_crossing,0.0,S2A_MSIL2A_20240303T041701_R090_T46QDL_20240303T080633,0.0,no_water_crossing,0.0,S2A_MSIL2A_20241029T041911_R090_T46QDL_20241029T065346,15.7
1261,41064621,41081566,into_BD,874.6,47.529,4,2,0,Chattogram,92.38958333426716,23.274389891147457,no_water_crossing,0.0,S2A_MSIL2A_20240303T041701_R090_T46QDL_20240303T080633,0.0,no_water_crossing,0.0,S2A_MSIL2A_20241029T041911_R090_T46QDL_20241029T065346,15.7
1262,41064813,41081566,out_of_BD,916.3,50.194,4,2,0,Chattogram,92.39050002227766,23.27200001014763,no_water_crossing,0.0,S2A_MSIL2A_20240303T041701_R090_T46QDL_20240303T080633,0.0,no_water_crossing,0.0,S2A_MSIL2A_20241029T041911_R090_T46QDL_20241029T065346,15.7
1263,41065015,41065015,into_BD,10.6,0.563,1,3,0,Chattogram,91.31654372485832,23.28125009192949,no_water_crossing,0.0,S2B_MSIL2A_20240210T042929_R133_T46QCL_20240210T081237,0.0,no_water_crossing,0.0,S2A_MSIL2A_20241022T042831_R133_T46QCL_20241022T081405,8.0
1264,41065015,41065015,out_of_BD,10.6,0.563,1,3,0,Chattogram,91.3104166670922,23.276635639129335,no_water_crossing,0.0,S2B_MSIL2A_20240210T042929_R133_T46QCL_20240210T081237,0.0,no_water_crossing,0.0,S2A_MSIL2A_20241022T042831_R133_T46QCL_20241022T081405,8.0
1265,41065015,41065015,into_BD,10.6,0.563,1,3,0,Chattogram,91.31041666767516,23.274369572948565,no_water_crossing,0.0,S2B_MSIL2A_20240210T042929_R133_T46QCL_20240210T081237,0.0,no_water_crossing,0.0,S2A_MSIL2A_20241022T042831_R133_T46QCL_20241022T081405,8.0
1266,41065020,41081334,out_of_BD,81.4,4.299,3,2,0,Chattogram,91.76875000233528,23.27094907485269,no_water_crossing,0.0,S2A_MSIL2A_20240303T041701_R090_T46QCL_20240303T080625,0.0,no_water_crossing,0.0,S2A_MSIL2A_20241029T041911_R090_T46QCL_20241029T065346,2.8
1267,41065232,41065232,into_BD,5.3,0.282,1,3,2,Chattogram,91.40940219323758,23.269764509128095,no_water_crossing,0.0,S2B_MSIL2A_20240210T042929_R133_T46QCL_20240210T081237,0.0,confirmed,60.0,S2A_MSIL2A_20241022T042831_R133_T46QCL_20241022T081405,8.0
1268,41065232,41065232,out_of_BD,5.3,0.282,1,3,4,Chattogram,91.41666512808249,23.260416680495428,no_water_crossing,0.0,S2B_MSIL2A_20240210T042929_R133_T46QCL_20240210T081237,0.0,no_water_crossing,0.0,S2A_MSIL2A_20241022T042831_R133_T46QCL_20241022T081405,8.0
1269,41065233,41066790,out_of_BD,62.7,3.25,3,2,0,Chattogram,91.41875000272478,23.27192824937736,no_water_crossing,0.0,S2B_MSIL2A_20240210T042929_R133_T46QCL_20240210T081237,0.0,no_water_crossing,0.0,S2A_MSIL2A_20241022T042831_R133_T46QCL_20241022T081405,8.0
1270,41065233,41066790,into_BD,62.7,3.25,3,2,0,Chattogram,91.4187500048238,23.271016441437556,no_water_crossing,0.0,S2B_MSIL2A_20240210T042929_R133_T46QCL_20240210T081237,0.0,no_water_crossing,0.0,S2A_MSIL2A_20241022T042831_R133_T46QCL_20241022T081405,8.0
1271,41065233,41066790,out_of_BD,62.7,3.25,3,2,0,Chattogram,91.41875000613668,23.270332585415876,no_water_crossing,0.0,S2B_MSIL2A_20240210T042929_R133_T46QCL_20240210T081237,0.0,no_water_crossing,0.0,S2A_MSIL2A_20241022T042831_R133_T46QCL_20241022T081405,8.0
1272,41065468,41065705,into_BD,3.7,0.199,1,3,0,Chattogram,91.39699874892696,23.256250095750048,no_water_crossing,0.0,S2B_MSIL2A_20240210T042929_R133_T46QCL_20240210T081237,0.0,no_water_crossing,0.0,S2A_MSIL2A_20241022T042831_R133_T46QCL_20241022T081405,8.0
1273,41065469,41065469,out_of_BD,2.8,0.147,1,4,0,Chattogram,91.40211155202398,23.260388545499698,no_water_crossing,0.0,S2B_MSIL2A_20240210T042929_R133_T46QCL_20240210T081237,0.0,no_water_crossing,0.0,S2A_MSIL2A_20241022T042831_R133_T46QCL_20241022T081405,8.0
1274,41065469,41065469,into_BD,2.8,0.147,1,4,0,Chattogram,91.40616554444529,23.25633446136491,no_water_crossing,0.0,S2B_MSIL2A_20240210T042929_R133_T46QCL_20240210T081237,0.0,no_water_crossing,0.0,S2A_MSIL2A_20241022T042831_R133_T46QCL_20241022T081405,8.0
1275,41065470,41065470,into_BD,6.5,0.344,1,2,0,Chattogram,91.43339710469117,23.26243627700281,no_water_crossing,0.0,S2B_MSIL2A_20240210T042929_R133_T46QCL_20240210T081237,0.0,no_water_crossing,0.0,S2A_MSIL2A_20241022T042831_R133_T46QCL_20241022T081405,8.0
1276,41065471,41087861,into_BD,649.5,33.288,4,1,0,Chattogram,91.4475485708633,23.260416993238255,no_water_crossing,0.0,S2B_MSIL2A_20240210T042929_R133_T46QCL_20240210T081237,0.0,no_water_crossing,0.0,S2A_MSIL2A_20241022T042831_R133_T46QCL_20241022T081405,8.0
1277,41065479,41081334,into_BD,86.4,4.556,3,2,0,Chattogram,91.77516675877848,23.258166710505396,no_water_crossing,0.0,S2A_MSIL2A_20240303T041701_R090_T46QCL_20240303T080625,0.0,no_water_crossing,0.0,S2A_MSIL2A_20241029T041911_R090_T46QCL_20241029T065346,2.8
1278,41065706,41066790,into_BD,69.0,3.584,3,2,6,Chattogram,91.418750000155,23.256412138237614,no_water_crossing,0.0,S2B_MSIL2A_20240210T042929_R133_T46QCL_20240210T081237,0.0,no_water_crossing,0.0,S2A_MSIL2A_20241022T042831_R133_T46QCL_20241022T081405,8.0
1279,41065706,41066790,out_of_BD,69.0,3.584,3,2,6,Chattogram,91.41853294170564,23.25603295050588,no_water_crossing,0.0,S2B_MSIL2A_20240210T042929_R133_T46QCL_20240210T081237,0.0,no_water_crossing,0.0,S2A_MSIL2A_20241022T042831_R133_T46QCL_20241022T081405,8.0
1280,41065706,41066790,into_BD,69.0,3.584,3,2,6,Chattogram,91.41836486854352,23.255864883493413,no_water_crossing,0.0,S2B_MSIL2A_20240210T042929_R133_T46QCL_20240210T081237,0.0,no_water_crossing,0.0,S2A_MSIL2A_20241022T042831_R133_T46QCL_20241022T081405,8.0
1281,41065922,41110806,out_of_BD,178.5,3.773,2,1,39,Khulna,88.70625000859778,23.29171240615132,no_water_crossing,0.0,S2B_MSIL2A_20240104T044209_R033_T45QXF_20240104T080918,0.0,no_water_crossing,0.0,S2A_MSIL2A_20241015T043741_R033_T45QXF_20241015T083051,17.6
1282,41065937,41081334,out_of_BD,96.6,5.102,3,2,0,Chattogram,91.77708333523591,23.254745371008863,no_water_crossing,0.0,S2A_MSIL2A_20240303T041701_R090_T46QCL_20240303T080625,0.0,no_water_crossing,0.0,S2A_MSIL2A_20241029T041911_R090_T46QCL_20241029T065346,2.8
1283,41066169,41066992,into_BD,21.9,1.163,2,3,0,Chattogram,91.32647342461652,23.252083340243505,no_water_crossing,0.0,S2B_MSIL2A_20240210T042929_R133_T46QCL_20240210T081237,0.0,no_water_crossing,0.0,S2A_MSIL2A_20241022T042831_R133_T46QCL_20241022T081405,8.0
1284,41066173,41081334,into_BD,102.9,5.439,3,2,0,Chattogram,91.77733334066168,23.247666670154185,no_water_crossing,0.0,S2A_MSIL2A_20240303T041701_R090_T46QCL_20240303T080625,0.0,no_water_crossing,0.0,S2A_MSIL2A_20241029T041911_R090_T46QCL_20241029T065346,2.8
1285,41066599,41066599,into_BD,4.3,0.234,1,4,0,Chattogram,91.32370543795685,23.235416675149317,no_water_crossing,0.0,S2B_MSIL2A_20240210T042929_R133_T46QCL_20240210T081237,0.0,no_water_crossing,0.0,S2A_MSIL2A_20241022T042831_R133_T46QCL_20241022T081405,8.0
1286,41066600,41066600,into_BD,6.3,0.344,1,3,0,Chattogram,91.78257948848342,23.23541681036002,no_water_crossing,0.0,S2A_MSIL2A_20240303T041701_R090_T46QCL_20240303T080625,0.0,no_water_crossing,0.0,S2A_MSIL2A_20241029T041911_R090_T46QCL_20241029T065346,2.8
1287,41066606,41066606,into_BD,2.0,0.129,1,4,0,Chattogram,92.39444037052314,23.236107138694916,no_water_crossing,0.0,S2A_MSIL2A_20240303T041701_R090_T46QDL_20240303T080633,0.0,no_water_crossing,0.0,S2A_MSIL2A_20241029T041911_R090_T46QDL_20241029T065346,15.7
1288,41066606,41066606,out_of_BD,2.0,0.129,1,4,10,Chattogram,92.40047328394176,23.23958334643201,no_water_crossing,0.0,S2A_MSIL2A_20240303T041701_R090_T46QDL_20240303T080633,0.0,no_water_crossing,0.0,S2A_MSIL2A_20241029T041911_R090_T46QDL_20241029T065346,15.7
1289,41066804,41065944,into_BD,6.5,0.422,1,4,0,Chattogram,92.37291666674672,23.23563117698863,no_water_crossing,0.0,S2A_MSIL2A_20240303T041701_R090_T46QDL_20240303T080633,0.0,no_water_crossing,0.0,S2A_MSIL2A_20241029T041911_R090_T46QDL_20241029T065346,15.7
1290,41067199,41067199,into_BD,7.9,0.176,1,3,3,Khulna,88.91467016569774,23.227068370519493,no_water_crossing,0.0,S2B_MSIL2A_20240104T044209_R033_T45QXF_20240104T080918,0.0,no_water_crossing,0.0,S2A_MSIL2A_20241015T043741_R033_T45QXF_20241015T083051,17.6
1291,41067222,41067222,into_BD,11.2,0.604,1,2,0,Chattogram,91.39224258578774,23.243750118621055,no_water_crossing,0.0,S2B_MSIL2A_20240210T042929_R133_T46QCL_20240210T081237,0.0,no_water_crossing,0.0,S2A_MSIL2A_20241022T042831_R133_T46QCL_20241022T081405,8.0
1292,41067440,41078529,out_of_BD,90.1,1.928,2,2,8,Khulna,88.8312501241971,23.237351341981803,no_water_crossing,0.0,S2B_MSIL2A_20240104T044209_R033_T45QXF_20240104T080918,0.0,confirmed,50.0,S2A_MSIL2A_20241015T043741_R033_T45QXF_20241015T083051,17.6
1293,41067463,41067887,into_BD,8.5,0.459,1,3,0,Chattogram,91.3237686716339,23.22291669825016,no_water_crossing,0.0,S2B_MSIL2A_20240210T042929_R133_T46QCL_20240210T081237,0.0,no_water_crossing,0.0,S2A_MSIL2A_20241022T042831_R133_T46QCL_20241022T081405,8.0
1294,41067664,41067664,into_BD,3.4,0.184,1,3,0,Chattogram,91.78958333348648,23.21853799821189,no_water_crossing,0.0,S2A_MSIL2A_20240303T041701_R090_T46QCL_20240303T080625,0.0,no_water_crossing,0.0,S2A_MSIL2A_20241029T041911_R090_T46QCL_20241029T065346,2.8
1295,41067872,41067872,into_BD,7.9,0.18,1,3,0,Khulna,88.96875001466645,23.220547444790288,no_water_crossing,0.0,S2B_MSIL2A_20240104T044209_R033_T45QXF_20240104T080918,0.0,no_water_crossing,0.0,S2A_MSIL2A_20241015T043741_R033_T45QYF_20241015T083051,1.6
1296,41067889,41067889,into_BD,10.5,0.57,1,2,0,Chattogram,91.38152459318488,23.21041709336391,no_water_crossing,0.0,S2B_MSIL2A_20240210T042929_R133_T46QCL_20240210T081237,0.0,no_water_crossing,0.0,S2A_MSIL2A_20241022T042831_R133_T46QCL_20241022T081405,8.0
1297,41067892,41070167,into_BD,14.8,0.8,1,3,0,Chattogram,91.46531143261429,23.235416679465423,no_water_crossing,0.0,S2B_MSIL2A_20240210T042929_R133_T46QCL_20240210T081237,0.0,confirmed,680.0,S2A_MSIL2A_20241022T042831_R133_T46QCL_20241022T081405,8.0
1298,41067892,41070167,out_of_BD,14.8,0.8,1,3,0,Chattogram,91.45208333590946,23.221274212586568,no_water_crossing,0.0,S2B_MSIL2A_20240210T042929_R133_T46QCL_20240210T081237,0.0,confirmed,40.0,S2A_MSIL2A_20241022T042831_R133_T46QCL_20241022T081405,8.0
1299,41067892,41070167,into_BD,14.8,0.8,1,3,0,Chattogram,91.45208333740312,23.218779471383783,no_water_crossing,0.0,S2B_MSIL2A_20240210T042929_R133_T46QCL_20240210T081237,0.0,no_water_crossing,0.0,S2A_MSIL2A_20241022T042831_R133_T46QCL_20241022T081405,8.0
1300,41067893,41067893,into_BD,5.1,0.279,1,4,0,Chattogram,91.4769452794507,23.218611957728065,no_water_crossing,0.0,S2B_MSIL2A_20240210T042929_R133_T46QCL_20240210T081237,0.0,no_water_crossing,0.0,S2A_MSIL2A_20241022T042831_R133_T46QCL_20241022T081405,8.0
1301,41068119,41068119,into_BD,6.3,0.347,1,3,0,Chattogram,91.7872198487192,23.206250037440363,no_water_crossing,0.0,S2A_MSIL2A_20240303T041701_R090_T46QCL_20240303T080625,0.0,no_water_crossing,0.0,S2A_MSIL2A_20241029T041911_R090_T46QCL_20241029T065346,2.8
1302,41068515,41068515,out_of_BD,28.0,0.647,2,2,0,Khulna,88.98592939006944,23.202596074688493,no_water_crossing,0.0,S2B_MSIL2A_20240104T044209_R033_T45QXF_20240104T080918,0.0,no_water_crossing,0.0,S2A_MSIL2A_20241015T043741_R033_T45QYF_20241015T083051,1.6
1303,41068515,41068515,into_BD,28.0,0.647,2,2,7,Khulna,88.98692635039392,23.203593055498356,no_water_crossing,0.0,S2B_MSIL2A_20240104T044209_R033_T45QXF_20240104T080918,0.0,no_water_crossing,0.0,S2A_MSIL2A_20241015T043741_R033_T45QYF_20241015T083051,1.6
1304,41068537,41068537,into_BD,9.1,0.497,1,4,0,Chattogram,91.32380202927553,23.209531641688617,no_water_crossing,0.0,S2B_MSIL2A_20240210T042929_R133_T46QCL_20240210T081237,0.0,no_water_crossing,0.0,S2A_MSIL2A_20241022T042831_R133_T46QCL_20241022T081405,8.0
1305,41068544,41081334,out_of_BD,166.4,8.85,3,2,0,Chattogram,91.79375000050604,23.198263889060797,no_water_crossing,0.0,S2A_MSIL2A_20240303T041701_R090_T46QCL_20240303T080625,0.0,no_water_crossing,0.0,S2A_MSIL2A_20241029T041911_R090_T46QCL_20241029T065346,2.8
1306,41068919,41068515,out_of_BD,12.0,0.275,1,2,0,Khulna,88.96389010272068,23.19305680625104,no_water_crossing,0.0,S2B_MSIL2A_20240104T044209_R033_T45QXF_20240104T080918,0.0,no_water_crossing,0.0,S2A_MSIL2A_20241015T043741_R033_T45QYF_20241015T083051,1.6
1307,41068919,41068515,into_BD,12.0,0.275,1,2,0,Khulna,88.98285070798273,23.197916713889946,no_water_crossing,0.0,S2B_MSIL2A_20240104T044209_R033_T45QXF_20240104T080918,0.0,no_water_crossing,0.0,S2A_MSIL2A_20241015T043741_R033_T45QYF_20241015T083051,1.6
1308,41068939,41068939,into_BD,2.4,0.13,1,5,0,Chattogram,91.4764999845182,23.193166672614257,no_water_crossing,0.0,S2B_MSIL2A_20240210T042929_R133_T46QCL_20240210T081237,0.0,no_water_crossing,0.0,S2A_MSIL2A_20241022T042831_R133_T46QCL_20241022T081405,8.0
1309,41069111,41069111,into_BD,3.6,0.197,1,3,0,Chattogram,91.3785962250128,23.18541674462643,no_water_crossing,0.0,S2B_MSIL2A_20240210T042929_R133_T46QCL_20240210T081237,0.0,no_water_crossing,0.0,S2A_MSIL2A_20241022T042831_R133_T46QCL_20241022T081405,8.0
1310,41069112,41069113,into_BD,3.4,0.185,1,2,0,Chattogram,91.37936109544091,23.189583347009993,no_water_crossing,0.0,S2B_MSIL2A_20240210T042929_R133_T46QCL_20240210T081237,0.0,no_water_crossing,0.0,S2A_MSIL2A_20241022T042831_R133_T46QCL_20241022T081405,8.0
1311,41069114,41069330,out_of_BD,5.7,0.313,1,4,1,Chattogram,91.48125001171886,23.198366082371628,no_water_crossing,0.0,S2B_MSIL2A_20240210T042929_R133_T46QCL_20240210T081237,0.0,no_water_crossing,0.0,S2A_MSIL2A_20241022T042831_R133_T46QCL_20241022T081405,8.0
1312,41069114,41069330,into_BD,5.7,0.313,1,4,0,Chattogram,91.481250002599,23.190404489371183,no_water_crossing,0.0,S2B_MSIL2A_20240210T042929_R133_T46QCL_20240210T081237,0.0,no_water_crossing,0.0,S2A_MSIL2A_20241022T042831_R133_T46QCL_20241022T081405,8.0
1313,41069115,41072229,into_BD,16.2,0.883,2,2,0,Chattogram,91.50362035514544,23.191120396612035,no_water_crossing,0.0,S2B_MSIL2A_20240210T042929_R133_T46QCL_20240210T081237,0.0,no_water_crossing,0.0,S2A_MSIL2A_20241022T042831_R133_T46QCL_20241022T081405,8.0
1314,41069115,41072229,out_of_BD,16.2,0.883,2,2,0,Chattogram,91.50208333416067,23.18666863892274,no_water_crossing,0.0,S2B_MSIL2A_20240210T042929_R133_T46QCL_20240210T081237,0.0,no_water_crossing,0.0,S2A_MSIL2A_20241022T042831_R133_T46QCL_20241022T081405,8.0
1315,41069117,41069117,into_BD,2.8,0.154,1,3,0,Chattogram,91.79375000069186,23.186758159910237,no_water_crossing,0.0,S2A_MSIL2A_20240303T041701_R090_T46QCL_20240303T080625,0.0,no_water_crossing,0.0,S2A_MSIL2A_20241029T041911_R090_T46QCL_20241029T065346,2.8
1316,41069117,41069117,out_of_BD,2.8,0.154,1,3,0,Chattogram,91.79375000079166,23.187436201622074,no_water_crossing,0.0,S2A_MSIL2A_20240303T041701_R090_T46QCL_20240303T080625,0.0,no_water_crossing,0.0,S2A_MSIL2A_20241029T041911_R090_T46QCL_20241029T065346,2.8
1317,41069331,41069331,into_BD,2.8,0.152,1,3,0,Chattogram,91.48774937500453,23.191417308275295,no_water_crossing,0.0,S2B_MSIL2A_20240210T042929_R133_T46QCL_20240210T081237,0.0,no_water_crossing,0.0,S2A_MSIL2A_20241022T042831_R133_T46QCL_20241022T081405,8.0
1318,41069332,41072229,into_BD,22.7,1.242,2,2,0,Chattogram,91.50183349724936,23.185166840617725,no_water_crossing,0.0,S2B_MSIL2A_20240210T042929_R133_T46QCL_20240210T081237,0.0,no_water_crossing,0.0,S2A_MSIL2A_20241022T042831_R133_T46QCL_20241022T081405,8.0
1319,41069333,41069333,into_BD,4.9,0.272,1,3,0,Chattogram,91.5068885279806,23.18125003674809,no_water_crossing,0.0,S2B_MSIL2A_20240210T042929_R133_T46QCL_20240210T081237,0.0,no_water_crossing,0.0,S2A_MSIL2A_20241022T042831_R133_T46QCL_20241022T081405,8.0
1320,41069333,41069333,out_of_BD,4.9,0.272,1,3,0,Chattogram,91.50250153869224,23.184998478701452,no_water_crossing,0.0,S2B_MSIL2A_20240210T042929_R133_T46QCL_20240210T081237,0.0,no_water_crossing,0.0,S2A_MSIL2A_20241022T042831_R133_T46QCL_20241022T081405,8.0
1321,41069530,41069530,into_BD,3.2,0.175,1,3,4,Chattogram,91.32456298048676,23.177083545394535,no_water_crossing,0.0,S2B_MSIL2A_20240210T042929_R133_T46QCL_20240210T081237,0.0,no_water_crossing,0.0,S2A_MSIL2A_20241022T042831_R133_T46QCL_20241022T081405,8.0
1322,41069950,41070166,into_BD,3.8,0.209,1,2,0,Chattogram,91.32457729705952,23.168750046192287,no_water_crossing,0.0,S2B_MSIL2A_20240210T042929_R133_T46QCL_20240210T081237,0.0,no_water_crossing,0.0,S2A_MSIL2A_20241022T042831_R133_T46QCL_20241022T081405,8.0
1323,41070403,41070403,into_BD,8.9,0.495,1,2,0,Chattogram,91.3831604138056,23.16458345730933,no_water_crossing,0.0,S2B_MSIL2A_20240210T042929_R133_T46QCL_20240210T081237,0.0,no_water_crossing,0.0,S2A_MSIL2A_20241022T042831_R133_T46QCL_20241022T081405,8.0
1324,41070408,41070408,into_BD,2.8,0.153,1,4,0,Chattogram,91.4967582728418,23.16759170609568,no_water_crossing,0.0,S2B_MSIL2A_20240210T042929_R133_T46QCL_20240210T081237,0.0,no_water_crossing,0.0,S2A_MSIL2A_20241022T042831_R133_T46QCL_20241022T081405,8.0
1325,41070408,41070408,out_of_BD,2.8,0.153,1,4,0,Chattogram,91.49375000073113,23.161435496806085,no_water_crossing,0.0,S2B_MSIL2A_20240210T042929_R133_T46QCL_20240210T081237,0.0,no_water_crossing,0.0,S2A_MSIL2A_20241022T042831_R133_T46QCL_20241022T081405,8.0
1326,41070409,41081334,into_BD,187.7,9.963,3,2,0,Chattogram,91.7948292518726,23.188504167683018,no_water_crossing,0.0,S2A_MSIL2A_20240303T041701_R090_T46QCL_20240303T080625,0.0,no_water_crossing,0.0,S2A_MSIL2A_20241029T041911_R090_T46QCL_20241029T065346,2.8
1327,41070409,41081334,out_of_BD,187.7,9.963,3,2,0,Chattogram,91.80163643997948,23.181696932165124,no_water_crossing,0.0,S2A_MSIL2A_20240303T041701_R090_T46QCL_20240303T080625,0.0,no_water_crossing,0.0,S2A_MSIL2A_20241029T041911_R090_T46QCL_20241029T065346,2.8
1328,41070409,41081334,into_BD,187.7,9.963,3,2,0,Chattogram,91.80625000008236,23.16052972143601,no_water_crossing,0.0,S2A_MSIL2A_20240303T041701_R090_T46QCL_20240303T080625,0.0,no_water_crossing,0.0,S2A_MSIL2A_20241029T041911_R090_T46QCL_20241029T065346,2.8
1329,41070644,41070407,into_BD,23.9,1.328,2,3,0,Chattogram,91.49099996895096,23.157666675511607,no_water_crossing,0.0,S2B_MSIL2A_20240210T042929_R133_T46QCL_20240210T081237,0.0,no_water_crossing,0.0,S2A_MSIL2A_20241022T042831_R133_T46QCL_20241022T081405,8.0
1330,41070645,41070645,into_BD,7.5,0.422,1,3,0,Chattogram,91.8061752876287,23.15629420253042,no_water_crossing,0.0,S2A_MSIL2A_20240303T041701_R090_T46QCL_20240303T080625,0.0,no_water_crossing,0.0,S2A_MSIL2A_20241029T041911_R090_T46QCL_20241029T065346,2.8
1331,41070860,41070407,into_BD,18.2,1.009,2,3,0,Chattogram,91.5059924067239,23.15234093776772,no_water_crossing,0.0,S2B_MSIL2A_20240210T042929_R133_T46QCL_20240210T081237,0.0,no_water_crossing,0.0,S2A_MSIL2A_20241022T042831_R133_T46QCL_20241022T081405,8.0
1332,41070860,41070407,out_of_BD,18.2,1.009,2,3,0,Chattogram,91.5043276257512,23.15400575539466,no_water_crossing,0.0,S2B_MSIL2A_20240210T042929_R133_T46QCL_20240210T081237,0.0,no_water_crossing,0.0,S2A_MSIL2A_20241022T042831_R133_T46QCL_20241022T081405,8.0
1333,41071285,41071285,into_BD,2.2,0.123,1,3,0,Chattogram,91.80979166612356,23.143750011154857,no_water_crossing,0.0,S2A_MSIL2A_20240303T041701_R090_T46QCL_20240303T080625,0.0,no_water_crossing,0.0,S2A_MSIL2A_20241029T041911_R090_T46QCL_20241029T065346,2.8
1334,41071286,41081334,out_of_BD,215.0,11.451,3,2,0,Chattogram,91.81251082828716,23.14584420642439,no_water_crossing,0.0,S2A_MSIL2A_20240303T041701_R090_T46QCL_20240303T080625,0.0,no_water_crossing,0.0,S2A_MSIL2A_20241029T041911_R090_T46QCL_20241029T065346,2.8
1335,41071286,41081334,into_BD,215.0,11.451,3,2,0,Chattogram,91.81150562261416,23.1448389905448,no_water_crossing,0.0,S2A_MSIL2A_20240303T041701_R090_T46QCL_20240303T080625,0.0,no_water_crossing,0.0,S2A_MSIL2A_20241029T041911_R090_T46QCL_20241029T065346,2.8
1336,41071294,41071294,out_of_BD,3.9,0.258,1,3,0,Chattogram,92.36029412248578,23.14375000157174,no_water_crossing,0.0,S2A_MSIL2A_20240303T041701_R090_T46QDL_20240303T080633,0.0,no_water_crossing,0.0,S2A_MSIL2A_20241029T041911_R090_T46QDL_20241029T065346,15.7
1337,41071295,41082865,out_of_BD,23.1,1.506,1,2,0,Chattogram,92.353077736135,23.20525563146704,no_water_crossing,0.0,S2A_MSIL2A_20240303T041701_R090_T46QDL_20240303T080633,0.0,no_water_crossing,0.0,S2A_MSIL2A_20241029T041911_R090_T46QDL_20241029T065346,15.7
1338,41071295,41082865,into_BD,23.1,1.506,1,2,0,Chattogram,92.3528536724586,23.194520366588108,no_water_crossing,0.0,S2A_MSIL2A_20240303T041701_R090_T46QDL_20240303T080633,0.0,no_water_crossing,0.0,S2A_MSIL2A_20241029T041911_R090_T46QDL_20241029T065346,15.7
1339,41071295,41082865,out_of_BD,23.1,1.506,1,2,0,Chattogram,92.35273538868942,23.188931302855252,no_water_crossing,0.0,S2A_MSIL2A_20240303T041701_R090_T46QDL_20240303T080633,0.0,no_water_crossing,0.0,S2A_MSIL2A_20241029T041911_R090_T46QDL_20241029T065346,15.7
1340,41071295,41082865,into_BD,23.1,1.506,1,2,0,Chattogram,92.35625000121335,23.18432538151514,no_water_crossing,0.0,S2A_MSIL2A_20240303T041701_R090_T46QDL_20240303T080633,0.0,no_water_crossing,0.0,S2A_MSIL2A_20241029T041911_R090_T46QDL_20241029T065346,15.7
1341,41071295,41082865,out_of_BD,23.1,1.506,1,2,0,Chattogram,92.3562500036922,23.180256228517035,no_water_crossing,0.0,S2A_MSIL2A_20240303T041701_R090_T46QDL_20240303T080633,0.0,no_water_crossing,0.0,S2A_MSIL2A_20241029T041911_R090_T46QDL_20241029T065346,15.7
1342,41071295,41082865,into_BD,23.1,1.506,1,2,0,Chattogram,92.35625000372085,23.17822165123461,no_water_crossing,0.0,S2A_MSIL2A_20240303T041701_R090_T46QDL_20240303T080633,0.0,no_water_crossing,0.0,S2A_MSIL2A_20241029T041911_R090_T46QDL_20241029T065346,15.7
1343,41071295,41082865,out_of_BD,23.1,1.506,1,2,0,Chattogram,92.3578324530382,23.171334257984903,no_water_crossing,0.0,S2A_MSIL2A_20240303T041701_R090_T46QDL_20240303T080633,0.0,no_water_crossing,0.0,S2A_MSIL2A_20241029T041911_R090_T46QDL_20241029T065346,15.7
1344,41071295,41082865,into_BD,23.1,1.506,1,2,0,Chattogram,92.36135235274806,23.1530190510964,no_water_crossing,0.0,S2A_MSIL2A_20240303T041701_R090_T46QDL_20240303T080633,0.0,no_water_crossing,0.0,S2A_MSIL2A_20241029T041911_R090_T46QDL_20241029T065346,15.7
1345,41071295,41082865,out_of_BD,23.1,1.506,1,2,0,Chattogram,92.36042807560187,23.151997249533128,no_water_crossing,0.0,S2A_MSIL2A_20240303T041701_R090_T46QDL_20240303T080633,0.0,no_water_crossing,0.0,S2A_MSIL2A_20241029T041911_R090_T46QDL_20241029T065346,15.7
1346,41071295,41082865,into_BD,23.1,1.506,1,2,0,Chattogram,92.3604166683478,23.14793220714308,no_water_crossing,0.0,S2A_MSIL2A_20240303T041701_R090_T46QDL_20240303T080633,0.0,no_water_crossing,0.0,S2A_MSIL2A_20241029T041911_R090_T46QDL_20241029T065346,15.7
1347,41071295,41082865,out_of_BD,23.1,1.506,1,2,0,Chattogram,92.36041666834352,23.147706141948436,no_water_crossing,0.0,S2A_MSIL2A_20240303T041701_R090_T46QDL_20240303T080633,0.0,no_water_crossing,0.0,S2A_MSIL2A_20241029T041911_R090_T46QDL_20241029T065346,15.7
1348,41071295,41082865,into_BD,23.1,1.506,1,2,0,Chattogram,92.3604166672442,23.14454122854719,no_water_crossing,0.0,S2A_MSIL2A_20240303T041701_R090_T46QDL_20240303T080633,0.0,no_water_crossing,0.0,S2A_MSIL2A_20241029T041911_R090_T46QDL_20241029T065346,15.7
1349,41071295,41082865,out_of_BD,23.1,1.506,1,2,0,Chattogram,92.36041666675617,23.143863032654128,no_water_crossing,0.0,S2A_MSIL2A_20240303T041701_R090_T46QDL_20240303T080633,0.0,no_water_crossing,0.0,S2A_MSIL2A_20241029T041911_R090_T46QDL_20241029T065346,15.7
1350,41071521,41073059,into_BD,8.9,0.498,1,2,0,Chattogram,91.32755783940192,23.156250085119037,no_water_crossing,0.0,S2B_MSIL2A_20240210T042929_R133_T46QCL_20240210T081237,0.0,no_water_crossing,0.0,S2A_MSIL2A_20241022T042831_R133_T46QCL_20241022T081405,8.0
1351,41071783,41071783,into_BD,4.1,0.234,1,3,0,Chattogram,91.33610043771942,23.13541681647254,no_water_crossing,0.0,S2B_MSIL2A_20240210T042929_R133_T46QCL_20240210T081237,0.0,no_water_crossing,0.0,S2A_MSIL2A_20241022T042831_R133_T46QCL_20241022T081405,8.0
1352,41071784,41071071,into_BD,6.9,0.391,1,2,1,Chattogram,91.39124917683372,23.13958336858169,no_water_crossing,0.0,S2B_MSIL2A_20240210T042929_R133_T46QCL_20240210T081237,0.0,no_water_crossing,0.0,S2A_MSIL2A_20241022T042831_R133_T46QCL_20241022T081405,8.0
1353,41072242,41082865,into_BD,33.5,2.193,2,2,0,Chattogram,92.35736911245353,23.136535814830857,no_water_crossing,0.0,S2A_MSIL2A_20240303T041701_R090_T46QDL_20240303T080633,0.0,no_water_crossing,0.0,S2A_MSIL2A_20241029T041911_R090_T46QDL_20241029T065346,15.7
1354,41072242,41082865,out_of_BD,33.5,2.193,2,2,0,Chattogram,92.35680391700171,23.134862796324988,no_water_crossing,0.0,S2A_MSIL2A_20240303T041701_R090_T46QDL_20240303T080633,0.0,no_water_crossing,0.0,S2A_MSIL2A_20241029T041911_R090_T46QDL_20241029T065346,15.7
1355,41072242,41082865,into_BD,33.5,2.193,2,2,0,Chattogram,92.3611538089903,23.130513039773287,no_water_crossing,0.0,S2A_MSIL2A_20240303T041701_R090_T46QDL_20240303T080633,0.0,no_water_crossing,0.0,S2A_MSIL2A_20241029T041911_R090_T46QDL_20241029T065346,15.7
1356,41072243,41072243,into_BD,8.3,0.55,2,3,0,Chattogram,92.36593137223662,23.127083345379383,no_water_crossing,0.0,S2A_MSIL2A_20240303T041701_R090_T46QDL_20240303T080633,0.0,no_water_crossing,0.0,S2A_MSIL2A_20241029T041911_R090_T46QDL_20241029T065346,15.7
1357,41072434,41074026,into_BD,7.1,0.405,1,3,0,Chattogram,91.39643006319976,23.12708387110818,no_water_crossing,0.0,S2B_MSIL2A_20240210T042929_R133_T46QCL_20240210T081237,0.0,no_water_crossing,0.0,S2A_MSIL2A_20241022T042831_R133_T46QCL_20241022T081405,8.0
1358,41072626,41072626,into_BD,3.0,0.17,1,4,0,Chattogram,91.39599015513512,23.1187500264146,no_water_crossing,0.0,S2B_MSIL2A_20240210T042929_R133_T46QCL_20240210T081237,0.0,no_water_crossing,0.0,S2A_MSIL2A_20241022T042831_R133_T46QCL_20241022T081405,8.0
1359,41072824,41072824,into_BD,15.8,0.893,1,2,0,Chattogram,91.51066517527744,23.135416692369535,no_water_crossing,0.0,S2B_MSIL2A_20240210T042929_R133_T46QCL_20240210T081237,0.0,no_water_crossing,0.0,S2A_MSIL2A_20241022T042831_R133_T46QCL_20241022T081405,8.0
1360,41073032,41073032,out_of_BD,15.6,0.356,2,3,30,Khulna,88.89666502975669,23.111668346714065,no_water_crossing,0.0,S2B_MSIL2A_20240104T044209_R033_T45QXF_20240104T080918,0.0,no_water_crossing,0.0,S2A_MSIL2A_20241015T043741_R033_T45QXF_20241015T083051,17.6
1361,41073061,41073061,into_BD,3.2,0.182,1,4,0,Chattogram,91.4007005549972,23.114583455639984,no_water_crossing,0.0,S2B_MSIL2A_20240210T042929_R133_T46QCL_20240210T081237,0.0,no_water_crossing,0.0,S2A_MSIL2A_20241022T042831_R133_T46QCL_20241022T081405,8.0
1362,41073328,41074482,into_BD,4.9,0.282,1,3,0,Chattogram,91.34126990874222,23.12043704086735,no_water_crossing,0.0,S2B_MSIL2A_20240210T042929_R133_T46QCL_20240210T081237,0.0,no_water_crossing,0.0,S2A_MSIL2A_20241022T042831_R133_T46QCL_20241022T081405,8.0
1363,41073558,41073558,into_BD,27.2,1.539,1,2,0,Chattogram,91.51987003287891,23.11570340111593,no_water_crossing,0.0,S2B_MSIL2A_20240210T042929_R133_T46QCL_20240210T081237,0.0,no_water_crossing,0.0,S2A_MSIL2A_20241022T042831_R133_T46QCL_20241022T081405,8.0
1364,41073813,41081334,out_of_BD,243.4,12.954,3,2,0,Chattogram,91.8111917469479,23.119525107386785,no_water_crossing,0.0,S2A_MSIL2A_20240303T041701_R090_T46QCL_20240303T080625,0.0,no_water_crossing,0.0,S2A_MSIL2A_20241029T041911_R090_T46QCL_20241029T065346,2.8
1365,41073813,41081334,into_BD,243.4,12.954,3,2,0,Chattogram,91.81607117046184,23.1089288732674,no_water_crossing,0.0,S2A_MSIL2A_20240303T041701_R090_T46QCL_20240303T080625,0.0,no_water_crossing,0.0,S2A_MSIL2A_20241029T041911_R090_T46QCL_20241029T065346,2.8
1366,41073813,41081334,out_of_BD,243.4,12.954,3,2,0,Chattogram,91.81660154263731,23.10410158731888,no_water_crossing,0.0,S2A_MSIL2A_20240303T041701_R090_T46QCL_20240303T080625,0.0,no_water_crossing,0.0,S2A_MSIL2A_20241029T041911_R090_T46QCL_20241029T065346,2.8
1367,41073813,41081334,into_BD,243.4,12.954,3,2,0,Chattogram,91.81458333385156,23.101204597782463,no_water_crossing,0.0,S2A_MSIL2A_20240303T041701_R090_T46QCL_20240303T080625,0.0,no_water_crossing,0.0,S2A_MSIL2A_20241029T041911_R090_T46QCL_20241029T065346,2.8
1368,41074029,41074029,into_BD,2.0,0.114,1,3,0,Chattogram,91.813823167411,23.097156543724907,no_water_crossing,0.0,S2A_MSIL2A_20240303T041701_R090_T46QCL_20240303T080625,0.0,no_water_crossing,0.0,S2A_MSIL2A_20241029T041911_R090_T46QCL_20241029T065346,2.8
1369,41074261,41076434,into_BD,7.3,0.416,1,2,0,Chattogram,91.52264799095616,23.093481334990255,no_water_crossing,0.0,S2B_MSIL2A_20240210T042929_R133_T46QCL_20240210T081237,0.0,no_water_crossing,0.0,S2A_MSIL2A_20241022T042831_R133_T46QCL_20241022T081405,8.0
1370,41074691,41074691,into_BD,3.6,0.206,1,3,0,Chattogram,91.3597255755602,23.08472567361922,no_water_crossing,0.0,S2B_MSIL2A_20240210T042929_R133_T46QCL_20240210T081237,0.0,no_water_crossing,0.0,S2A_MSIL2A_20241022T042831_R133_T46QCL_20241022T081405,8.0
1371,41074694,41081334,out_of_BD,248.5,13.205,3,2,0,Chattogram,91.81466638584112,23.09783361787726,no_water_crossing,0.0,S2A_MSIL2A_20240303T041701_R090_T46QCL_20240303T080625,0.0,no_water_crossing,0.0,S2A_MSIL2A_20241029T041911_R090_T46QCL_20241029T065346,2.8
1372,41074694,41081334,into_BD,248.5,13.205,3,2,0,Chattogram,91.82167099437356,23.082495712167276,no_water_crossing,0.0,S2A_MSIL2A_20240303T041701_R090_T46QCL_20240303T080625,0.0,no_water_crossing,0.0,S2A_MSIL2A_20241029T041911_R090_T46QCL_20241029T065346,2.8
1373,41074695,41074695,out_of_BD,105.4,5.973,3,3,0,Chattogram,91.83254485259243,23.0950450142057,no_water_crossing,0.0,S2A_MSIL2A_20240303T041701_R090_T46QCL_20240303T080625,0.0,no_water_crossing,0.0,S2A_MSIL2A_20241029T041911_R090_T46QCL_20241029T065346,2.8
1374,41074695,41074695,into_BD,105.4,5.973,3,3,3,Chattogram,91.82955967628284,23.092059825725137,no_water_crossing,0.0,S2A_MSIL2A_20240303T041701_R090_T46QCL_20240303T080625,0.0,no_water_crossing,0.0,S2A_MSIL2A_20241029T041911_R090_T46QCL_20241029T065346,2.8
1375,41074695,41074695,out_of_BD,105.4,5.973,3,3,0,Chattogram,91.82806713742958,23.090567211928025,no_water_crossing,0.0,S2A_MSIL2A_20240303T041701_R090_T46QCL_20240303T080625,0.0,no_water_crossing,0.0,S2A_MSIL2A_20241029T041911_R090_T46QCL_20241029T065346,2.8
1376,41074695,41074695,into_BD,105.4,5.973,3,3,0,Chattogram,91.827119189953,23.08955507964916,no_water_crossing,0.0,S2A_MSIL2A_20240303T041701_R090_T46QCL_20240303T080625,0.0,no_water_crossing,0.0,S2A_MSIL2A_20241029T041911_R090_T46QCL_20241029T065346,2.8
1377,41074911,41082865,out_of_BD,75.6,4.965,3,2,0,Chattogram,92.36132955817727,23.10117047393976,no_water_crossing,0.0,S2A_MSIL2A_20240303T041701_R090_T46QDL_20240303T080633,0.0,no_water_crossing,0.0,S2A_MSIL2A_20241029T041911_R090_T46QDL_20241029T065346,15.7
1378,41074911,41082865,into_BD,75.6,4.965,3,2,0,Chattogram,92.37570777062002,23.08679252206234,no_water_crossing,0.0,S2A_MSIL2A_20240303T041701_R090_T46QDL_20240303T080633,0.0,no_water_crossing,0.0,S2A_MSIL2A_20241029T041911_R090_T46QDL_20241029T065346,15.7
1379,41074911,41082865,out_of_BD,75.6,4.965,3,2,0,Chattogram,92.38135071782902,23.08114965252526,no_water_crossing,0.0,S2A_MSIL2A_20240303T041701_R090_T46QDL_20240303T080633,0.0,no_water_crossing,0.0,S2A_MSIL2A_20241029T041911_R090_T46QDL_20241029T065346,15.7
1380,41075113,41075113,into_BD,11.7,0.669,1,3,0,Chattogram,91.52824565959456,23.07824569526001,no_water_crossing,0.0,S2B_MSIL2A_20240210T042929_R133_T46QCL_20240210T081237,0.0,no_water_crossing,0.0,S2A_MSIL2A_20241022T042831_R133_T46QCL_20241022T081405,8.0
1381,41075321,41076660,into_BD,3.6,0.207,1,2,0,Chattogram,91.36875000229315,23.071180556118463,no_water_crossing,0.0,S2B_MSIL2A_20240210T042929_R133_T46QCL_20240210T081237,0.0,no_water_crossing,0.0,S2A_MSIL2A_20241022T042831_R133_T46QCL_20241022T081405,8.0
1382,41075322,41075322,into_BD,2.6,0.15,1,3,0,Chattogram,91.37185019362649,23.068750071815135,no_water_crossing,0.0,S2B_MSIL2A_20240210T042929_R133_T46QCL_20240210T081237,0.0,no_water_crossing,0.0,S2A_MSIL2A_20241022T042831_R133_T46QCL_20241022T081405,8.0
1383,41075334,41082865,into_BD,95.7,6.309,3,2,0,Chattogram,92.3854166669242,23.069097222396273,no_water_crossing,0.0,S2A_MSIL2A_20240303T041701_R090_T46QDL_20240303T080633,0.0,no_water_crossing,0.0,S2A_MSIL2A_20241029T041911_R090_T46QDL_20241029T065346,15.7
1384,41075335,41075335,into_BD,3.0,0.198,1,3,0,Chattogram,92.38554045537477,23.068750001583258,no_water_crossing,0.0,S2A_MSIL2A_20240303T041701_R090_T46QDL_20240303T080633,0.0,no_water_crossing,0.0,S2A_MSIL2A_20241029T041911_R090_T46QDL_20241029T065346,15.7
1385,41075548,41081334,out_of_BD,474.4,25.963,4,2,0,Chattogram,91.8110275037555,23.068750006874364,no_water_crossing,0.0,S2A_MSIL2A_20240303T041701_R090_T46QCL_20240303T080625,0.0,no_water_crossing,0.0,S2A_MSIL2A_20241029T041911_R090_T46QCL_20241029T065346,2.8
1386,41075548,41081334,into_BD,474.4,25.963,4,2,0,Chattogram,91.80866636925911,23.066999746090964,no_water_crossing,0.0,S2A_MSIL2A_20240303T041701_R090_T46QCL_20240303T080625,0.0,no_water_crossing,0.0,S2A_MSIL2A_20241029T041911_R090_T46QCL_20241029T065346,2.8
1387,41075548,41081334,out_of_BD,474.4,25.963,4,2,0,Chattogram,91.80588432278915,23.06458334737541,no_water_crossing,0.0,S2A_MSIL2A_20240303T041701_R090_T46QCL_20240303T080625,0.0,no_water_crossing,0.0,S2A_MSIL2A_20241029T041911_R090_T46QCL_20241029T065346,2.8
1388,41075548,41081334,into_BD,474.4,25.963,4,2,0,Chattogram,91.80294166555606,23.064583429567953,no_water_crossing,0.0,S2A_MSIL2A_20240303T041701_R090_T46QCL_20240303T080625,0.0,no_water_crossing,0.0,S2A_MSIL2A_20241029T041911_R090_T46QCL_20241029T065346,2.8
1389,41075548,41081334,out_of_BD,474.4,25.963,4,2,2,Chattogram,91.79705635915684,23.064583429531226,no_water_crossing,0.0,S2A_MSIL2A_20240303T041701_R090_T46QCL_20240303T080625,0.0,no_water_crossing,0.0,S2A_MSIL2A_20241029T041911_R090_T46QCL_20241029T065346,2.8
1390,41075548,41081334,into_BD,474.4,25.963,4,2,0,Chattogram,91.79411371000866,23.064583347302147,no_water_crossing,0.0,S2A_MSIL2A_20240303T041701_R090_T46QCL_20240303T080625,0.0,no_water_crossing,0.0,S2A_MSIL2A_20241029T041911_R090_T46QCL_20241029T065346,2.8
1391,41075548,41081334,out_of_BD,474.4,25.963,4,2,0,Chattogram,91.78816797229236,23.07016552938265,no_water_crossing,0.0,S2A_MSIL2A_20240303T041701_R090_T46QCL_20240303T080625,0.0,confirmed,30.0,S2A_MSIL2A_20241029T041911_R090_T46QCL_20241029T065346,2.8
1392,41075551,41082865,out_of_BD,99.7,6.574,3,2,0,Chattogram,92.38733336526424,23.066833347934075,no_water_crossing,0.0,S2A_MSIL2A_20240303T041701_R090_T46QDL_20240303T080633,0.0,no_water_crossing,0.0,S2A_MSIL2A_20241029T041911_R090_T46QDL_20241029T065346,15.7
1393,41075736,41078529,into_BD,239.3,5.245,3,2,2,Khulna,88.8895833801174,23.10829444457515,no_water_crossing,0.0,S2B_MSIL2A_20240104T044209_R033_T45QXF_20240104T080918,0.0,no_water_crossing,0.0,S2A_MSIL2A_20241015T043741_R033_T45QXF_20241015T083051,17.6
1394,41075971,41075971,into_BD,17.0,0.384,1,3,8,Khulna,88.86391201564861,23.077754801235837,no_water_crossing,0.0,S2B_MSIL2A_20240104T044209_R033_T45QXF_20240104T080918,0.0,no_water_crossing,0.0,S2A_MSIL2A_20241015T043741_R033_T45QXF_20241015T083051,17.6
1395,41075981,41075756,out_of_BD,9.9,0.581,1,3,0,Chattogram,91.39423748356744,23.056737501802026,no_water_crossing,0.0,S2B_MSIL2A_20240210T042929_R133_T46QCL_20240210T081237,0.0,no_water_crossing,0.0,S2A_MSIL2A_20241022T042831_R133_T46QCL_20241022T081405,8.0
1396,41075981,41075756,into_BD,9.9,0.581,1,3,8,Chattogram,91.40839146130702,23.060416733810637,no_water_crossing,0.0,S2B_MSIL2A_20240210T042929_R133_T46QCL_20240210T081237,0.0,no_water_crossing,0.0,S2A_MSIL2A_20241022T042831_R133_T46QCL_20241022T081405,8.0
1397,41075981,41075756,out_of_BD,9.9,0.581,1,3,3,Chattogram,91.41302646852652,23.06302650986302,no_water_crossing,0.0,S2B_MSIL2A_20240210T042929_R133_T46QCL_20240210T081237,0.0,no_water_crossing,0.0,S2A_MSIL2A_20241022T042831_R133_T46QCL_20241022T081405,8.0
1398,41075981,41075756,into_BD,9.9,0.581,1,3,1,Chattogram,91.41620304352568,23.06458338911928,no_water_crossing,0.0,S2B_MSIL2A_20240210T042929_R133_T46QCL_20240210T081237,0.0,no_water_crossing,0.0,S2A_MSIL2A_20241022T042831_R133_T46QCL_20241022T081405,8.0
1399,41076227,41082865,into_BD,106.4,7.025,3,2,0,Chattogram,92.39117475425616,23.053674797046575,no_water_crossing,0.0,S2A_MSIL2A_20240303T041701_R090_T46QDL_20240303T080633,0.0,no_water_crossing,0.0,S2A_MSIL2A_20241029T041911_R090_T46QDL_20241029T065346,15.7
1400,41076228,41076228,into_BD,3.0,0.199,1,3,0,Chattogram,92.39220833258312,23.05208336342578,no_water_crossing,0.0,S2A_MSIL2A_20240303T041701_R090_T46QDL_20240303T080633,0.0,no_water_crossing,0.0,S2A_MSIL2A_20241029T041911_R090_T46QDL_20241029T065346,15.7
1401,41076665,41081334,into_BD,513.1,27.987,4,2,0,Chattogram,91.7736683767314,23.067998318080942,no_water_crossing,0.0,S2A_MSIL2A_20240303T041701_R090_T46QCL_20240303T080625,0.0,no_water_crossing,0.0,S2A_MSIL2A_20241029T041911_R090_T46QCL_20241029T065346,2.8
1402,41076665,41081334,out_of_BD,513.1,27.987,4,2,5,Chattogram,91.77708333610308,23.06196731613584,no_water_crossing,0.0,S2A_MSIL2A_20240303T041701_R090_T46QCL_20240303T080625,0.0,no_water_crossing,0.0,S2A_MSIL2A_20241029T041911_R090_T46QCL_20241029T065346,2.8
1403,41076665,41081334,into_BD,513.1,27.987,4,2,0,Chattogram,91.77708333373002,23.05651583385339,no_water_crossing,0.0,S2A_MSIL2A_20240303T041701_R090_T46QCL_20240303T080625,0.0,no_water_crossing,0.0,S2A_MSIL2A_20241029T041911_R090_T46QCL_20241029T065346,2.8
1404,41076665,41081334,out_of_BD,513.1,27.987,4,2,8,Chattogram,91.78125000037753,23.048486036042743,no_water_crossing,0.0,S2A_MSIL2A_20240303T041701_R090_T46QCL_20240303T080625,0.0,no_water_crossing,0.0,S2A_MSIL2A_20241029T041911_R090_T46QCL_20241029T065346,2.8
1405,41076665,41081334,into_BD,513.1,27.987,4,2,8,Chattogram,91.7816656840286,23.04750099971458,no_water_crossing,0.0,S2A_MSIL2A_20240303T041701_R090_T46QCL_20240303T080625,0.0,no_water_crossing,0.0,S2A_MSIL2A_20241029T041911_R090_T46QCL_20241029T065346,2.8
1406,41076898,41082865,out_of_BD,111.1,7.343,3,2,0,Chattogram,92.38958333471057,23.04948460218445,no_water_crossing,0.0,S2A_MSIL2A_20240303T041701_R090_T46QDL_20240303T080633,0.0,no_water_crossing,0.0,S2A_MSIL2A_20241029T041911_R090_T46QDL_20241029T065346,15.7
1407,41076898,41082865,into_BD,111.1,7.343,3,2,0,Chattogram,92.3874897647154,23.041656476667814,no_water_crossing,0.0,S2A_MSIL2A_20240303T041701_R090_T46QDL_20240303T080633,0.0,no_water_crossing,0.0,S2A_MSIL2A_20241029T041911_R090_T46QDL_20241029T065346,15.7
1408,41076899,41076899,into_BD,4.1,0.278,1,4,0,Chattogram,92.38627989275015,23.039583353717273,no_water_crossing,0.0,S2A_MSIL2A_20240303T041701_R090_T46QDL_20240303T080633,0.0,no_water_crossing,0.0,S2A_MSIL2A_20241029T041911_R090_T46QDL_20241029T065346,15.7
1409,41077135,41077135,into_BD,25.3,1.441,1,3,39,Chattogram,91.76875001210854,23.04162645862636,no_water_crossing,0.0,S2A_MSIL2A_20240303T041701_R090_T46QCL_20240303T080625,0.0,no_water_crossing,0.0,S2A_MSIL2A_20241029T041911_R090_T46QCL_20241029T065346,2.8
1410,41077135,41077135,out_of_BD,25.3,1.441,1,3,28,Chattogram,91.76875000472816,23.037110246763785,no_water_crossing,0.0,S2A_MSIL2A_20240303T041701_R090_T46QCL_20240303T080625,0.0,no_water_crossing,0.0,S2A_MSIL2A_20241029T041911_R090_T46QCL_20241029T065346,2.8
1411,41077136,41081334,into_BD,774.6,43.629,4,2,26,Chattogram,91.77377450715758,23.0354167192293,no_water_crossing,0.0,S2A_MSIL2A_20240303T041701_R090_T46QCL_20240303T080625,0.0,confirmed,150.0,S2A_MSIL2A_20241029T041911_R090_T46QCL_20241029T065346,2.8
1412,41077136,41081334,out_of_BD,774.6,43.629,4,2,32,Chattogram,91.77009803771456,23.035416696437736,no_water_crossing,0.0,S2A_MSIL2A_20240303T041701_R090_T46QCL_20240303T080625,0.0,confirmed,160.0,S2A_MSIL2A_20241029T041911_R090_T46QCL_20241029T065346,2.8
1413,41077137,41081334,into_BD,527.7,28.776,4,2,5,Chattogram,91.78088235271956,23.03541667108215,no_water_crossing,0.0,S2A_MSIL2A_20240303T041701_R090_T46QCL_20240303T080625,0.0,no_water_crossing,0.0,S2A_MSIL2A_20241029T041911_R090_T46QCL_20241029T065346,2.8
1414,41077137,41081334,out_of_BD,527.7,28.776,4,2,0,Chattogram,91.77843137194652,23.035416678679297,no_water_crossing,0.0,S2A_MSIL2A_20240303T041701_R090_T46QCL_20240303T080625,0.0,no_water_crossing,0.0,S2A_MSIL2A_20241029T041911_R090_T46QCL_20241029T065346,2.8
1415,41077138,41081334,out_of_BD,518.6,28.263,4,2,0,Chattogram,91.78200604903866,23.03617274217217,no_water_crossing,0.0,S2A_MSIL2A_20240303T041701_R090_T46QCL_20240303T080625,0.0,no_water_crossing,0.0,S2A_MSIL2A_20241029T041911_R090_T46QCL_20241029T065346,2.8
1416,41077141,41077141,out_of_BD,3.0,0.196,1,3,0,Chattogram,92.38281734095798,23.03541667954313,no_water_crossing,0.0,S2A_MSIL2A_20240303T041701_R090_T46QDL_20240303T080633,0.0,no_water_crossing,0.0,S2A_MSIL2A_20241029T041911_R090_T46QDL_20241029T065346,15.7
1417,41077142,41082865,out_of_BD,134.5,8.883,3,2,0,Chattogram,92.38541666670972,23.039467592621687,no_water_crossing,0.0,S2A_MSIL2A_20240303T041701_R090_T46QDL_20240303T080633,0.0,no_water_crossing,0.0,S2A_MSIL2A_20241029T041911_R090_T46QDL_20241029T065346,15.7
1418,41077626,41079028,into_BD,6.3,0.37,1,2,0,Chattogram,91.54902036017614,23.03652039465668,no_water_crossing,0.0,S2B_MSIL2A_20240210T042929_R133_T46QCL_20240210T081237,0.0,no_water_crossing,0.0,S2A_MSIL2A_20241022T042831_R133_T46QCL_20241022T081405,8.0
1419,41077626,41079028,out_of_BD,6.3,0.37,1,2,0,Chattogram,91.54791666825628,23.034432972504604,no_water_crossing,0.0,S2B_MSIL2A_20240210T042929_R133_T46QCL_20240210T081237,0.0,no_water_crossing,0.0,S2A_MSIL2A_20241022T042831_R133_T46QCL_20241022T081405,8.0
1420,41077869,41078133,into_BD,30.2,1.756,1,2,0,Chattogram,91.52545954061176,23.0562500130658,no_water_crossing,0.0,S2B_MSIL2A_20240210T042929_R133_T46QCL_20240210T081237,0.0,no_water_crossing,0.0,S2A_MSIL2A_20241022T042831_R133_T46QCL_20241022T081405,8.0
1421,41077873,41077873,out_of_BD,8.3,0.492,1,3,5,Chattogram,91.78149920618328,23.03516748253335,no_water_crossing,0.0,S2A_MSIL2A_20240303T041701_R090_T46QCL_20240303T080625,0.0,no_water_crossing,0.0,S2A_MSIL2A_20241029T041911_R090_T46QCL_20241029T065346,2.8
1422,41077882,41082865,into_BD,139.2,9.2,3,2,0,Chattogram,92.38299133835514,23.02465804905027,no_water_crossing,0.0,S2A_MSIL2A_20240303T041701_R090_T46QDL_20240303T080633,0.0,no_water_crossing,0.0,S2A_MSIL2A_20241029T041911_R090_T46QDL_20241029T065346,15.7
1423,41078134,41078134,into_BD,18.2,1.065,1,3,0,Chattogram,91.54278929064964,23.038622927906207,no_water_crossing,0.0,S2B_MSIL2A_20240210T042929_R133_T46QCL_20240210T081237,0.0,no_water_crossing,0.0,S2A_MSIL2A_20241022T042831_R133_T46QCL_20241022T081405,8.0
1424,41078134,41078134,out_of_BD,18.2,1.065,1,3,23,Chattogram,91.536486506101,23.03851353040489,no_water_crossing,0.0,S2B_MSIL2A_20240210T042929_R133_T46QCL_20240210T081237,0.0,no_water_crossing,0.0,S2A_MSIL2A_20241022T042831_R133_T46QCL_20241022T081405,8.0
1425,41078134,41078134,into_BD,18.2,1.065,1,3,7,Chattogram,91.53449604833772,23.03866274547175,no_water_crossing,0.0,S2B_MSIL2A_20240210T042929_R133_T46QCL_20240210T081237,0.0,no_water_crossing,0.0,S2A_MSIL2A_20241022T042831_R133_T46QCL_20241022T081405,8.0
1426,41078135,41078135,into_BD,19.8,1.15,2,3,46,Chattogram,91.7520833368085,23.020453294509743,no_water_crossing,0.0,S2A_MSIL2A_20240303T041701_R090_T46QCL_20240303T080625,0.0,no_water_crossing,0.0,S2A_MSIL2A_20241029T041911_R090_T46QCL_20241029T065346,2.8
1427,41078136,41081334,into_BD,804.0,45.155,4,2,36,Chattogram,91.76783322716972,23.03450004189612,no_water_crossing,0.0,S2A_MSIL2A_20240303T041701_R090_T46QCL_20240303T080625,0.0,no_water_crossing,0.0,S2A_MSIL2A_20241029T041911_R090_T46QCL_20241029T065346,2.8
1428,41078136,41081334,out_of_BD,804.0,45.155,4,2,7,Chattogram,91.7609994919268,23.027666867128385,no_water_crossing,0.0,S2A_MSIL2A_20240303T041701_R090_T46QCL_20240303T080625,0.0,no_water_crossing,0.0,S2A_MSIL2A_20241029T041911_R090_T46QCL_20241029T065346,2.8
1429,41078136,41081334,into_BD,804.0,45.155,4,2,32,Chattogram,91.7588328412116,23.025500194154155,no_water_crossing,0.0,S2A_MSIL2A_20240303T041701_R090_T46QCL_20240303T080625,0.0,no_water_crossing,0.0,S2A_MSIL2A_20241029T041911_R090_T46QCL_20241029T065346,2.8
1430,41078528,41110806,into_BD,626.1,13.445,3,1,1,Khulna,88.87402268730042,23.01347735258863,no_water_crossing,0.0,S2B_MSIL2A_20240104T044209_R033_T45QXF_20240104T080918,0.0,no_water_crossing,0.0,S2A_MSIL2A_20241015T043741_R033_T45QXF_20241015T083051,17.6
1431,41078528,41110806,out_of_BD,626.1,13.445,3,1,12,Khulna,88.87666974072131,23.01083027756875,no_water_crossing,0.0,S2B_MSIL2A_20240104T044209_R033_T45QXF_20240104T080918,0.0,no_water_crossing,0.0,S2A_MSIL2A_20241015T043741_R033_T45QXF_20241015T083051,17.6
1432,41078529,41078529,out_of_BD,458.1,10.342,4,2,0,Khulna,88.87710881994485,23.04369736533549,no_water_crossing,0.0,S2B_MSIL2A_20240104T044209_R033_T45QXF_20240104T080918,0.0,no_water_crossing,0.0,S2A_MSIL2A_20241015T043741_R033_T45QXF_20241015T083051,17.6
1433,41078529,41078529,into_BD,458.1,10.342,4,2,13,Khulna,88.87708349621983,23.022942722916156,no_water_crossing,0.0,S2B_MSIL2A_20240104T044209_R033_T45QXF_20240104T080918,0.0,confirmed,320.0,S2A_MSIL2A_20241015T043741_R033_T45QXF_20241015T083051,17.6
1434,41078529,41078529,out_of_BD,458.1,10.342,4,2,12,Khulna,88.8770833403134,23.01075520891945,no_water_crossing,0.0,S2B_MSIL2A_20240104T044209_R033_T45QXF_20240104T080918,0.0,no_water_crossing,0.0,S2A_MSIL2A_20241015T043741_R033_T45QXF_20241015T083051,17.6
1435,41078559,41082865,out_of_BD,149.3,9.869,3,2,0,Chattogram,92.3812500001922,23.018177647810713,no_water_crossing,0.0,S2A_MSIL2A_20240303T041701_R090_T46QDL_20240303T080633,0.0,no_water_crossing,0.0,S2A_MSIL2A_20241029T041911_R090_T46QDL_20241029T065346,15.7
1436,41078801,41081334,out_of_BD,829.5,46.521,4,2,28,Chattogram,91.74349975302763,23.010166763989908,no_water_crossing,0.0,S2A_MSIL2A_20240303T041701_R090_T46QCL_20240303T080625,0.0,no_water_crossing,0.0,S2A_MSIL2A_20241029T041911_R090_T46QCL_20241029T065346,2.8
1437,41079028,41079028,into_BD,23.5,1.388,2,2,0,Chattogram,91.54097855134196,23.02291667888852,no_water_crossing,0.0,S2B_MSIL2A_20240210T042929_R133_T46QCL_20240210T081237,0.0,no_water_crossing,0.0,S2A_MSIL2A_20241022T042831_R133_T46QCL_20241022T081405,8.0
1438,41079031,41079031,out_of_BD,2.4,0.142,1,3,50,Chattogram,91.74143986647285,23.006250013546417,no_water_crossing,0.0,S2A_MSIL2A_20240303T041701_R090_T46QCL_20240303T080625,0.0,no_water_crossing,0.0,S2A_MSIL2A_20241029T041911_R090_T46QCL_20241029T065346,2.8
1439,41079238,41079238,out_of_BD,245.9,14.873,3,3,0,Chattogram,91.7789142679632,23.02941911217961,no_water_crossing,0.0,S2A_MSIL2A_20240303T041701_R090_T46QCL_20240303T080625,0.0,no_water_crossing,0.0,S2A_MSIL2A_20241029T041911_R090_T46QCL_20241029T065346,2.8
1440,41079438,41082865,into_BD,162.3,10.742,3,2,0,Chattogram,92.38324285874948,23.004076237203208,no_water_crossing,0.0,S2A_MSIL2A_20240303T041701_R090_T46QDL_20240303T080633,0.0,no_water_crossing,0.0,S2A_MSIL2A_20241029T041911_R090_T46QDL_20241029T065346,15.7
1441,41079438,41082865,out_of_BD,162.3,10.742,3,2,0,Chattogram,92.38224649458265,23.001086872742565,no_water_crossing,0.0,S2A_MSIL2A_20240303T041701_R090_T46QDL_20240303T080633,0.0,no_water_crossing,0.0,S2A_MSIL2A_20241029T041911_R090_T46QDL_20241029T065346,15.7
1442,41079630,41079630,into_BD,10.5,0.621,1,3,4,Chattogram,91.71433392414345,22.989832753217655,no_water_crossing,0.0,S2A_MSIL2A_20240303T041701_R090_T46QCL_20240303T080625,0.0,no_water_crossing,0.0,S2A_MSIL2A_20241029T041911_R090_T46QCL_20241029T065346,2.8
1443,41079631,41081334,out_of_BD,863.7,48.507,4,2,0,Chattogram,91.71985293484632,22.989583453614536,no_water_crossing,0.0,S2A_MSIL2A_20240303T041701_R090_T46QCL_20240303T080625,0.0,confirmed,0.0,S2A_MSIL2A_20241029T041911_R090_T46QCL_20241029T065346,2.8
1444,41079631,41081334,into_BD,863.7,48.507,4,2,0,Chattogram,91.71666666305688,22.98958340184175,no_water_crossing,0.0,S2A_MSIL2A_20240303T041701_R090_T46QCL_20240303T080625,0.0,no_water_crossing,0.0,S2A_MSIL2A_20241029T041911_R090_T46QCL_20241029T065346,2.8
1445,41079632,41081334,into_BD,837.6,46.922,4,2,53,Chattogram,91.738495925981,23.005162626922257,no_water_crossing,0.0,S2A_MSIL2A_20240303T041701_R090_T46QCL_20240303T080625,0.0,no_water_crossing,0.0,S2A_MSIL2A_20241029T041911_R090_T46QCL_20241029T065346,2.8
1446,41079645,41082865,into_BD,166.1,10.993,3,2,0,Chattogram,92.38533333083132,22.993666667707213,no_water_crossing,0.0,S2A_MSIL2A_20240303T041701_R090_T46QDL_20240303T080633,0.0,no_water_crossing,0.0,S2A_MSIL2A_20241029T041911_R090_T46QDL_20241029T065346,15.7
1447,41079836,41079836,into_BD,5.3,0.357,1,3,0,Chattogram,92.38235982782794,22.989583344039403,no_water_crossing,0.0,S2A_MSIL2A_20240303T041701_R090_T46QDL_20240303T080633,0.0,no_water_crossing,0.0,S2A_MSIL2A_20241029T041911_R090_T46QDL_20241029T065346,15.7
1448,41080061,41080061,into_BD,3.4,0.201,1,3,50,Chattogram,91.65016228229469,22.9834956596387,no_water_crossing,0.0,S2B_MSIL2A_20240210T042929_R133_T46QCL_20240210T081237,0.0,confirmed,120.0,S2A_MSIL2A_20241022T042831_R133_T46QCL_20241022T081405,8.0
1449,41080063,41081334,out_of_BD,876.1,49.247,4,2,24,Chattogram,91.7118339149179,22.986833954745453,no_water_crossing,0.0,S2A_MSIL2A_20240303T041701_R090_T46QCL_20240303T080625,0.0,confirmed,50.0,S2A_MSIL2A_20241029T041911_R090_T46QCL_20241029T065346,2.8
1450,41080063,41081334,into_BD,876.1,49.247,4,2,50,Chattogram,91.70616569001926,22.98533236020271,no_water_crossing,0.0,S2A_MSIL2A_20240303T041701_R090_T46QCL_20240303T080625,0.0,confirmed,20.0,S2A_MSIL2A_20241029T041911_R090_T46QCL_20241029T065346,2.8
1451,41080271,41080706,into_BD,14.0,0.84,2,3,0,Chattogram,91.55625000533448,22.996671197141552,no_water_crossing,0.0,S2B_MSIL2A_20240210T042929_R133_T46QCL_20240210T081237,0.0,no_water_crossing,0.0,S2A_MSIL2A_20241022T042831_R133_T46QCL_20241022T081405,8.0
1452,41080271,41080706,out_of_BD,14.0,0.84,2,3,0,Chattogram,91.55625002029248,22.98353714334686,no_water_crossing,0.0,S2B_MSIL2A_20240210T042929_R133_T46QCL_20240210T081237,0.0,no_water_crossing,0.0,S2A_MSIL2A_20241022T042831_R133_T46QCL_20241022T081405,8.0
1453,41080271,41080706,into_BD,14.0,0.84,2,3,0,Chattogram,91.5562500158519,22.981499098628685,no_water_crossing,0.0,S2B_MSIL2A_20240210T042929_R133_T46QCL_20240210T081237,0.0,no_water_crossing,0.0,S2A_MSIL2A_20241022T042831_R133_T46QCL_20241022T081405,8.0
1454,41080272,41080272,into_BD,3.2,0.192,1,4,0,Chattogram,91.55751189973029,22.97834527035861,no_water_crossing,0.0,S2B_MSIL2A_20240210T042929_R133_T46QCL_20240210T081237,0.0,no_water_crossing,0.0,S2A_MSIL2A_20241022T042831_R133_T46QCL_20241022T081405,8.0
1455,41080274,41081334,into_BD,1204.5,67.938,5,2,37,Chattogram,91.66004877230294,22.981250004410477,no_water_crossing,0.0,S2A_MSIL2A_20240303T041701_R090_T46QCL_20240303T080625,0.0,confirmed,70.0,S2A_MSIL2A_20241029T041911_R090_T46QCL_20241029T065346,2.8
1456,41080274,41081334,out_of_BD,1204.5,67.938,5,2,35,Chattogram,91.6585771953212,22.98125001351044,no_water_crossing,0.0,S2A_MSIL2A_20240303T041701_R090_T46QCL_20240303T080625,0.0,confirmed,70.0,S2A_MSIL2A_20241029T041911_R090_T46QCL_20241029T065346,2.8
1457,41080274,41081334,into_BD,1204.5,67.938,5,2,40,Chattogram,91.65166581946552,22.977500864355022,no_water_crossing,0.0,S2B_MSIL2A_20240210T042929_R133_T46QCL_20240210T081237,0.0,confirmed,90.0,S2A_MSIL2A_20241022T042831_R133_T46QCL_20241022T081405,8.0
1458,41080275,41081334,out_of_BD,941.2,53.217,4,2,37,Chattogram,91.66049995387708,22.981166716514792,no_water_crossing,0.0,S2A_MSIL2A_20240303T041701_R090_T46QCL_20240303T080625,0.0,confirmed,60.0,S2A_MSIL2A_20241029T041911_R090_T46QCL_20241029T065346,2.8
1459,41080276,41080276,into_BD,5.5,0.331,1,3,0,Chattogram,91.6770833409979,22.984231962939177,no_water_crossing,0.0,S2A_MSIL2A_20240303T041701_R090_T46QCL_20240303T080625,0.0,no_water_crossing,0.0,S2A_MSIL2A_20241029T041911_R090_T46QCL_20241029T065346,2.8
1460,41080288,41080288,into_BD,10.9,0.727,2,4,1,Chattogram,92.38137412264778,22.97708338805039,no_water_crossing,0.0,S2A_MSIL2A_20240303T041701_R090_T46QDL_20240303T080633,0.0,no_water_crossing,0.0,S2A_MSIL2A_20241029T041911_R090_T46QDL_20241029T065346,15.7
1461,41080493,41080493,into_BD,11.9,0.708,1,3,70,Chattogram,91.59375000197534,22.973709063730492,confirmed,300.0,S2B_MSIL2A_20240210T042929_R133_T46QCL_20240210T081237,0.0,confirmed,340.0,S2A_MSIL2A_20241022T042831_R133_T46QCL_20241022T081405,8.0
1462,41080494,41081334,into_BD,1334.0,75.875,5,2,72,Chattogram,91.59649997143896,22.97566667777795,confirmed,450.0,S2B_MSIL2A_20240210T042929_R133_T46QCL_20240210T081237,0.0,confirmed,340.0,S2A_MSIL2A_20241022T042831_R133_T46QCL_20241022T081405,8.0
1463,41080707,41080707,into_BD,31.2,1.845,2,3,48,Chattogram,91.63958333388332,22.969541649505437,confirmed,60.0,S2B_MSIL2A_20240210T042929_R133_T46QCL_20240210T081237,0.0,confirmed,450.0,S2A_MSIL2A_20241022T042831_R133_T46QCL_20241022T081405,8.0
1464,41080708,41081334,out_of_BD,1209.9,68.259,5,2,48,Chattogram,91.64548771033402,22.978821086714632,confirmed,90.0,S2B_MSIL2A_20240210T042929_R133_T46QCL_20240210T081237,0.0,confirmed,280.0,S2A_MSIL2A_20241022T042831_R133_T46QCL_20241022T081405,8.0
1465,41080708,41081334,into_BD,1209.9,68.259,5,2,39,Chattogram,91.6437500002889,22.9767120937414,confirmed,100.0,S2B_MSIL2A_20240210T042929_R133_T46QCL_20240210T081237,0.0,confirmed,350.0,S2A_MSIL2A_20241022T042831_R133_T46QCL_20241022T081405,8.0
1466,41080897,41110806,into_BD,1113.9,24.456,4,1,23,Khulna,88.87038123930533,23.00625004662096,no_water_crossing,0.0,S2B_MSIL2A_20240104T044209_R033_T45QXF_20240104T080918,0.0,no_water_crossing,0.0,S2A_MSIL2A_20241015T043741_R033_T45QXF_20241015T083051,17.6
1467,41080897,41110806,out_of_BD,1113.9,24.456,4,1,17,Khulna,88.86055948532297,23.00222615742274,no_water_crossing,0.0,S2B_MSIL2A_20240104T044209_R033_T45QXF_20240104T080918,0.0,no_water_crossing,0.0,S2A_MSIL2A_20241015T043741_R033_T45QXF_20241015T083051,17.6
1468,41080897,41110806,into_BD,1113.9,24.456,4,1,27,Khulna,88.8645833518716,22.994747212926637,no_water_crossing,0.0,S2B_MSIL2A_20240104T044209_R033_T45QXF_20240104T080918,0.0,no_water_crossing,0.0,S2A_MSIL2A_20241015T043741_R033_T45QXF_20241015T083051,17.6
1469,41080897,41110806,out_of_BD,1113.9,24.456,4,1,22,Khulna,88.86458334923306,22.987965605706812,no_water_crossing,0.0,S2B_MSIL2A_20240104T044209_R033_T45QXF_20240104T080918,0.0,confirmed,30.0,S2A_MSIL2A_20241015T043741_R033_T45QXF_20241015T083051,17.6
1470,41080897,41110806,into_BD,1113.9,24.456,4,1,22,Khulna,88.86569872491056,22.984301315156127,no_water_crossing,0.0,S2B_MSIL2A_20240104T044209_R033_T45QXF_20240104T080918,0.0,confirmed,80.0,S2A_MSIL2A_20241015T043741_R033_T45QXF_20241015T083051,17.6
1471,41080897,41110806,out_of_BD,1113.9,24.456,4,1,24,Khulna,88.86815205793953,22.98065210161434,no_water_crossing,0.0,S2B_MSIL2A_20240104T044209_R033_T45QXF_20240104T080918,0.0,confirmed,70.0,S2A_MSIL2A_20241015T043741_R033_T45QXF_20241015T083051,17.6
1472,41080897,41110806,into_BD,1113.9,24.456,4,1,27,Khulna,88.86041667208478,22.971704004369144,no_water_crossing,0.0,S2B_MSIL2A_20240104T044209_R033_T45QXF_20240104T080918,0.0,confirmed,60.0,S2A_MSIL2A_20241015T043741_R033_T45QXF_20241015T083051,17.6
1473,41081128,41081128,out_of_BD,3.0,0.195,1,3,27,Chattogram,92.37470833258492,22.960416695681506,no_water_crossing,0.0,S2A_MSIL2A_20240303T041701_R090_T46QDL_20240303T080633,0.0,no_water_crossing,0.0,S2A_MSIL2A_20241029T041911_R090_T46QDL_20241029T065346,15.7
1474,41081129,41082865,out_of_BD,226.9,15.009,4,2,3,Chattogram,92.37708333629932,22.974914385531736,no_water_crossing,0.0,S2A_MSIL2A_20240303T041701_R090_T46QDL_20240303T080633,0.0,no_water_crossing,0.0,S2A_MSIL2A_20241029T041911_R090_T46QDL_20241029T065346,15.7
1475,41081316,41081316,into_BD,77.1,1.779,2,2,20,Khulna,88.85615092341642,22.964583388286893,no_water_crossing,0.0,S2B_MSIL2A_20240104T044209_R033_T45QXF_20240104T080918,0.0,no_water_crossing,0.0,S2A_MSIL2A_20241015T043741_R033_T45QXF_20241015T083051,17.6
1476,41081753,41110806,out_of_BD,1215.1,26.772,4,1,25,Khulna,88.86494836972298,22.947916680687506,no_water_crossing,0.0,S2B_MSIL2A_20240104T044209_R033_T45QXF_20240104T080918,0.0,no_water_crossing,0.0,S2A_MSIL2A_20241015T043741_R033_T45QXF_20241015T083051,17.6
1477,41081753,41110806,into_BD,1215.1,26.772,4,1,17,Khulna,88.87395264601642,22.947916759510793,no_water_crossing,0.0,S2B_MSIL2A_20240104T044209_R033_T45QXF_20240104T080918,0.0,no_water_crossing,0.0,S2A_MSIL2A_20241015T043741_R033_T45QXF_20241015T083051,17.6
1478,41081753,41110806,out_of_BD,1215.1,26.772,4,1,17,Khulna,88.87468272628756,22.947916743406857,no_water_crossing,0.0,S2B_MSIL2A_20240104T044209_R033_T45QXF_20240104T080918,0.0,no_water_crossing,0.0,S2A_MSIL2A_20241015T043741_R033_T45QXF_20241015T083051,17.6
1479,41081753,41110806,into_BD,1215.1,26.772,4,1,25,Khulna,88.89350196139577,22.94816471669061,no_water_crossing,0.0,S2B_MSIL2A_20240104T044209_R033_T45QXF_20240104T080918,0.0,no_water_crossing,0.0,S2A_MSIL2A_20241015T043741_R033_T45QXF_20241015T083051,17.6
1480,41081939,41081939,into_BD,6.5,0.155,1,2,25,Khulna,88.85960017920071,22.942933572035894,no_water_crossing,0.0,S2B_MSIL2A_20240104T044209_R033_T45QXF_20240104T080918,0.0,confirmed,80.0,S2A_MSIL2A_20241015T043741_R033_T45QXF_20241015T083051,17.6
1481,41081964,41081334,into_BD,1328.5,75.541,5,2,42,Chattogram,91.61352471152364,22.9489754663936,confirmed,90.0,S2B_MSIL2A_20240210T042929_R133_T46QCL_20240210T081237,0.0,confirmed,100.0,S2A_MSIL2A_20241022T042831_R133_T46QCL_20241022T081405,8.0
1482,41081964,41081334,out_of_BD,1328.5,75.541,5,2,63,Chattogram,91.6096196192356,22.95208334180154,confirmed,300.0,S2B_MSIL2A_20240210T042929_R133_T46QCL_20240210T081237,0.0,confirmed,350.0,S2A_MSIL2A_20241022T042831_R133_T46QCL_20241022T081405,8.0
1483,41081964,41081334,into_BD,1328.5,75.541,5,2,60,Chattogram,91.6074223449356,22.95208334440173,no_water_crossing,0.0,S2B_MSIL2A_20240210T042929_R133_T46QCL_20240210T081237,0.0,confirmed,250.0,S2A_MSIL2A_20241022T042831_R133_T46QCL_20241022T081405,8.0
1484,41081964,41081334,out_of_BD,1328.5,75.541,5,2,63,Chattogram,91.60306527465974,22.95526809295055,no_water_crossing,0.0,S2B_MSIL2A_20240210T042929_R133_T46QCL_20240210T081237,0.0,confirmed,90.0,S2A_MSIL2A_20241022T042831_R133_T46QCL_20241022T081405,8.0
1485,41081964,41081334,into_BD,1328.5,75.541,5,2,61,Chattogram,91.60740518709954,22.961572016905503,no_water_crossing,0.0,S2B_MSIL2A_20240210T042929_R133_T46QCL_20240210T081237,0.0,confirmed,60.0,S2A_MSIL2A_20241022T042831_R133_T46QCL_20241022T081405,8.0
1486,41081964,41081334,out_of_BD,1328.5,75.541,5,2,62,Chattogram,91.61022546363183,22.96439214614643,confirmed,180.0,S2B_MSIL2A_20240210T042929_R133_T46QCL_20240210T081237,0.0,confirmed,150.0,S2A_MSIL2A_20241022T042831_R133_T46QCL_20241022T081405,8.0
1487,41081964,41081334,into_BD,1328.5,75.541,5,2,56,Chattogram,91.6059629851949,22.96903740786797,confirmed,590.0,S2B_MSIL2A_20240210T042929_R133_T46QCL_20240210T081237,0.0,no_water_crossing,0.0,S2A_MSIL2A_20241022T042831_R133_T46QCL_20241022T081405,8.0
1488,41081964,41081334,out_of_BD,1328.5,75.541,5,2,73,Chattogram,91.602479129693,22.972521267543794,confirmed,420.0,S2B_MSIL2A_20240210T042929_R133_T46QCL_20240210T081237,0.0,confirmed,50.0,S2A_MSIL2A_20241022T042831_R133_T46QCL_20241022T081405,8.0
1489,41081964,41081334,into_BD,1328.5,75.541,5,2,72,Chattogram,91.60065418140503,22.974346111745483,no_water_crossing,0.0,S2B_MSIL2A_20240210T042929_R133_T46QCL_20240210T081237,0.0,confirmed,50.0,S2A_MSIL2A_20241022T042831_R133_T46QCL_20241022T081405,8.0
1490,41081964,41081334,out_of_BD,1328.5,75.541,5,2,72,Chattogram,91.59833144874725,22.97666860623916,confirmed,290.0,S2B_MSIL2A_20240210T042929_R133_T46QCL_20240210T081237,0.0,confirmed,190.0,S2A_MSIL2A_20241022T042831_R133_T46QCL_20241022T081405,8.0
1491,41081965,41081334,out_of_BD,1267.0,71.693,5,2,40,Chattogram,91.6241590513548,22.944992421663187,no_water_crossing,0.0,S2B_MSIL2A_20240210T042929_R133_T46QCL_20240210T081237,0.0,no_water_crossing,0.0,S2A_MSIL2A_20241022T042831_R133_T46QCL_20241022T081405,8.0
1492,41082185,41082185,out_of_BD,51.6,3.242,3,3,0,Chattogram,91.61875000027688,22.94340277785851,no_water_crossing,0.0,S2B_MSIL2A_20240210T042929_R133_T46QCL_20240210T081237,0.0,no_water_crossing,0.0,S2A_MSIL2A_20241022T042831_R133_T46QCL_20241022T081405,8.0
1493,41082865,41082865,into_BD,245.3,16.222,4,2,43,Chattogram,92.37703655909468,22.947919148190024,no_water_crossing,0.0,S2A_MSIL2A_20240303T041701_R090_T46QDL_20240303T080633,0.0,confirmed,70.0,S2A_MSIL2A_20241029T041911_R090_T46QDL_20241029T065346,15.7
1494,41082865,41082865,out_of_BD,245.3,16.222,4,2,42,Chattogram,92.37624358168308,22.947076944032656,no_water_crossing,0.0,S2A_MSIL2A_20240303T041701_R090_T46QDL_20240303T080633,0.0,confirmed,70.0,S2A_MSIL2A_20241029T041911_R090_T46QDL_20241029T065346,15.7
1495,41082865,41082865,into_BD,245.3,16.222,4,2,37,Chattogram,92.37342466552558,22.94425801816155,no_water_crossing,0.0,S2A_MSIL2A_20240303T041701_R090_T46QDL_20240303T080633,0.0,no_water_crossing,0.0,S2A_MSIL2A_20241029T041911_R090_T46QDL_20241029T065346,15.7
1496,41082865,41082865,out_of_BD,245.3,16.222,4,2,34,Chattogram,92.3729166674308,22.93653209998489,no_water_crossing,0.0,S2A_MSIL2A_20240303T041701_R090_T46QDL_20240303T080633,0.0,no_water_crossing,0.0,S2A_MSIL2A_20241029T041911_R090_T46QDL_20241029T065346,15.7
1497,41082865,41082865,into_BD,245.3,16.222,4,2,81,Chattogram,92.3770833337343,22.929456432635597,confirmed,370.0,S2A_MSIL2A_20240303T041701_R090_T46QDL_20240303T080633,0.0,confirmed,450.0,S2A_MSIL2A_20241029T041911_R090_T46QDL_20241029T065346,15.7
1498,41083245,41110806,out_of_BD,1318.8,29.215,4,1,20,Khulna,88.90172274771217,22.92327728602998,no_water_crossing,0.0,S2B_MSIL2A_20240104T044209_R033_T45QXF_20240104T080918,0.0,no_water_crossing,0.0,S2A_MSIL2A_20241015T043741_R033_T45QXF_20241015T083051,17.6
1499,41083246,41083246,out_of_BD,8.5,0.204,1,2,20,Khulna,88.90765015253045,22.920150189045604,no_water_crossing,0.0,S2B_MSIL2A_20240104T044209_R033_T45QXF_20240104T080918,0.0,no_water_crossing,0.0,S2A_MSIL2A_20241015T043741_R033_T45QXF_20241015T083051,17.6
1500,41083267,41115117,into_BD,4667.0,317.313,6,1,81,Chattogram,92.3794942680912,22.929494312025984,confirmed,420.0,S2A_MSIL2A_20240303T041701_R090_T46QDL_20240303T080633,0.0,confirmed,570.0,S2A_MSIL2A_20241029T041911_R090_T46QDL_20241029T065346,15.7
1501,41083693,41115117,out_of_BD,4651.0,316.244,6,1,82,Chattogram,92.40366645655962,22.917166920600593,confirmed,860.0,S2A_MSIL2A_20240303T041701_R090_T46QDL_20240303T080633,0.0,confirmed,170.0,S2A_MSIL2A_20241029T041911_R090_T46QDL_20241029T065346,15.7
1502,41083694,41083694,into_BD,8.9,0.598,2,2,80,Chattogram,92.4205005542603,22.9121672648421,confirmed,650.0,S2A_MSIL2A_20240303T041701_R090_T46QDL_20240303T080633,0.0,confirmed,380.0,S2A_MSIL2A_20241029T041911_R090_T46QDL_20241029T065346,15.7
1503,41084344,41115117,into_BD,4638.5,315.408,6,1,82,Chattogram,92.426000090836,22.89900004154473,confirmed,440.0,S2A_MSIL2A_20240303T041701_R090_T46QDL_20240303T080633,0.0,confirmed,590.0,S2A_MSIL2A_20241029T041911_R090_T46QDL_20241029T065346,15.7
1504,41084561,41084561,out_of_BD,3.2,0.211,1,2,82,Chattogram,92.4266626013682,22.897495951055586,confirmed,380.0,S2A_MSIL2A_20240303T041701_R090_T46QDL_20240303T080633,0.0,confirmed,540.0,S2A_MSIL2A_20241029T041911_R090_T46QDL_20241029T065346,15.7
1505,41084751,41084751,out_of_BD,62.9,1.52,2,2,18,Khulna,88.90585671972379,22.9145833877305,no_water_crossing,0.0,S2B_MSIL2A_20240104T044209_R033_T45QXF_20240104T080918,0.0,confirmed,290.0,S2A_MSIL2A_20241015T043741_R033_T45QXF_20241015T083051,17.6
1506,41084776,41084776,into_BD,4.0,0.267,1,2,81,Chattogram,92.4437500003428,22.896347360377767,confirmed,120.0,S2A_MSIL2A_20240303T041701_R090_T46QDL_20240303T080633,0.0,no_water_crossing,0.0,S2A_MSIL2A_20241029T041911_R090_T46QDL_20241029T065346,15.7
1507,41084776,41084776,out_of_BD,4.0,0.267,1,2,81,Chattogram,92.43823268459823,22.889583345295417,no_water_crossing,0.0,S2A_MSIL2A_20240303T041701_R090_T46QDL_20240303T080633,0.0,no_water_crossing,0.0,S2A_MSIL2A_20241029T041911_R090_T46QDL_20241029T065346,15.7
1508,41084973,41110806,into_BD,1402.2,31.193,4,1,24,Khulna,88.90117282123202,22.91367284916295,no_water_crossing,0.0,S2B_MSIL2A_20240104T044209_R033_T45QXF_20240104T080918,0.0,no_water_crossing,0.0,S2A_MSIL2A_20241015T043741_R033_T45QXF_20241015T083051,17.6
1509,41084973,41110806,out_of_BD,1402.2,31.193,4,1,21,Khulna,88.89791667279962,22.908988149911163,no_water_crossing,0.0,S2B_MSIL2A_20240104T044209_R033_T45QXF_20240104T080918,0.0,no_water_crossing,0.0,S2A_MSIL2A_20241015T043741_R033_T45QXF_20241015T083051,17.6
1510,41084995,41115117,out_of_BD,4623.3,314.386,6,1,80,Chattogram,92.4370000300176,22.88800001371773,confirmed,390.0,S2A_MSIL2A_20240303T041701_R090_T46QDL_20240303T080633,0.0,confirmed,430.0,S2A_MSIL2A_20241029T041911_R090_T46QDL_20241029T065346,15.7
1511,41084996,41115117,into_BD,3859.4,260.994,6,1,74,Chattogram,92.44877539841652,22.88541712361463,confirmed,480.0,S2A_MSIL2A_20240303T041701_R090_T46QDL_20240303T080633,0.0,confirmed,420.0,S2A_MSIL2A_20241029T041911_R090_T46QDL_20241029T065346,15.7
1512,41085615,41085615,into_BD,27.3,0.666,1,2,0,Khulna,88.93127948460548,22.87291683088873,no_water_crossing,0.0,S2B_MSIL2A_20240104T044209_R033_T45QXF_20240104T080918,0.0,no_water_crossing,0.0,S2A_MSIL2A_20241015T043741_R033_T45QXF_20241015T083051,17.6
1513,41085615,41085615,out_of_BD,27.3,0.666,1,2,0,Khulna,88.92713249710405,22.87291680464481,no_water_crossing,0.0,S2B_MSIL2A_20240104T044209_R033_T45QXF_20240104T080918,0.0,no_water_crossing,0.0,S2A_MSIL2A_20241015T043741_R033_T45QXF_20241015T083051,17.6
1514,41085615,41085615,into_BD,27.3,0.666,1,2,0,Khulna,88.91881496105589,22.877007693734548,no_water_crossing,0.0,S2B_MSIL2A_20240104T044209_R033_T45QXF_20240104T080918,0.0,no_water_crossing,0.0,S2A_MSIL2A_20241015T043741_R033_T45QXF_20241015T083051,17.6
1515,41085615,41085615,out_of_BD,27.3,0.666,1,2,0,Khulna,88.91714299259762,22.87708336746205,no_water_crossing,0.0,S2B_MSIL2A_20240104T044209_R033_T45QXF_20240104T080918,0.0,no_water_crossing,0.0,S2A_MSIL2A_20241015T043741_R033_T45QXF_20241015T083051,17.6
1516,41086273,41086273,into_BD,8.9,0.609,2,3,0,Chattogram,92.45566611736544,22.863999627204976,no_water_crossing,0.0,S2A_MSIL2A_20240303T041701_R090_T46QDL_20240303T080633,0.0,no_water_crossing,0.0,S2A_MSIL2A_20241029T041911_R090_T46QDL_20241029T065346,15.7
1517,41086895,41085429,out_of_BD,743.3,51.998,3,2,0,Chattogram,92.4604166668976,22.85122786960451,no_water_crossing,0.0,S2A_MSIL2A_20240303T041701_R090_T46QDL_20240303T080633,0.0,no_water_crossing,0.0,S2A_MSIL2A_20241029T041911_R090_T46QDL_20241029T065346,15.7
1518,41086895,41085429,into_BD,743.3,51.998,3,2,0,Chattogram,92.45920177226434,22.853298320030586,no_water_crossing,0.0,S2A_MSIL2A_20240303T041701_R090_T46QDL_20240303T080633,0.0,no_water_crossing,0.0,S2A_MSIL2A_20241029T041911_R090_T46QDL_20241029T065346,15.7
1519,41086896,41086896,into_BD,24.7,1.696,2,3,0,Chattogram,92.46127450935548,22.84791668680689,no_water_crossing,0.0,S2A_MSIL2A_20240303T041701_R090_T46QDL_20240303T080633,0.0,no_water_crossing,0.0,S2A_MSIL2A_20241029T041911_R090_T46QDL_20241029T065346,15.7
1520,41087354,41087354,out_of_BD,3.6,0.24,1,3,0,Chattogram,92.45732697488268,22.839583444833178,no_water_crossing,0.0,S2A_MSIL2A_20240303T041701_R090_T46QDL_20240303T080633,0.0,no_water_crossing,0.0,S2A_MSIL2A_20241029T041911_R090_T46QDL_20241029T065346,15.7
1521,41087355,41085429,into_BD,715.0,50.061,3,2,1,Chattogram,92.46041666776846,22.841782408249955,no_water_crossing,0.0,S2A_MSIL2A_20240303T041701_R090_T46QDL_20240303T080633,0.0,no_water_crossing,0.0,S2A_MSIL2A_20241029T041911_R090_T46QDL_20241029T065346,15.7
1522,41088088,41085429,into_BD,710.5,49.754,3,2,0,Chattogram,92.4564986600963,22.827332003517434,no_water_crossing,0.0,S2A_MSIL2A_20240303T041701_R090_T46QDL_20240303T080633,0.0,no_water_crossing,0.0,S2A_MSIL2A_20241029T041911_R090_T46QDL_20241029T065346,15.7
1523,41088088,41085429,out_of_BD,710.5,49.754,3,2,0,Chattogram,92.46041666804555,22.8347233919582,no_water_crossing,0.0,S2A_MSIL2A_20240303T041701_R090_T46QDL_20240303T080633,0.0,no_water_crossing,0.0,S2A_MSIL2A_20241029T041911_R090_T46QDL_20241029T065346,15.7
1524,41088724,41088724,out_of_BD,4.6,0.306,1,3,5,Chattogram,92.4562500002994,22.825835456575497,no_water_crossing,0.0,S2A_MSIL2A_20240303T041701_R090_T46QDL_20240303T080633,0.0,no_water_crossing,0.0,S2A_MSIL2A_20241029T041911_R090_T46QDL_20241029T065346,15.7
1525,41089383,41089383,out_of_BD,3.2,0.214,1,3,0,Chattogram,92.4604166670089,22.812881743842333,no_water_crossing,0.0,S2A_MSIL2A_20240303T041701_R090_T46QDL_20240303T080633,0.0,no_water_crossing,0.0,S2A_MSIL2A_20241029T041911_R090_T46QDL_20241029T065346,15.7
1526,41090235,41090234,out_of_BD,104.3,2.575,3,2,0,Khulna,88.95862019980659,22.79791700805535,no_water_crossing,0.0,S2B_MSIL2A_20240104T044209_R033_T45QXF_20240104T080918,0.0,no_water_crossing,0.0,S2A_MSIL2A_20241015T043741_R033_T45QYF_20241015T083051,1.6
1527,41090235,41090234,into_BD,104.3,2.575,3,2,0,Khulna,88.94092179320452,22.790922154189353,no_water_crossing,0.0,S2B_MSIL2A_20240104T044209_R033_T45QXF_20240104T080918,0.0,no_water_crossing,0.0,S2A_MSIL2A_20241015T043741_R033_T45QXF_20241015T083051,17.6
1528,41090235,41090234,out_of_BD,104.3,2.575,3,2,0,Khulna,88.93521537994005,22.785416669178527,no_water_crossing,0.0,S2B_MSIL2A_20240104T044209_R033_T45QXF_20240104T080918,0.0,no_water_crossing,0.0,S2A_MSIL2A_20241015T043741_R033_T45QXF_20241015T083051,17.6
1529,41090481,41085429,out_of_BD,695.5,48.738,3,2,0,Chattogram,92.47291666739488,22.781817050559415,no_water_crossing,0.0,S2A_MSIL2A_20240303T041701_R090_T46QDL_20240303T080633,0.0,no_water_crossing,0.0,S2A_MSIL2A_20241029T041911_R090_T46QDL_20241029T065346,15.7
1530,41090481,41085429,into_BD,695.5,48.738,3,2,0,Chattogram,92.46542842141528,22.805404979277807,no_water_crossing,0.0,S2A_MSIL2A_20240303T041701_R090_T46QDL_20240303T080633,0.0,no_water_crossing,0.0,S2A_MSIL2A_20241029T041911_R090_T46QDL_20241029T065346,15.7
1531,41090481,41085429,out_of_BD,695.5,48.738,3,2,0,Chattogram,92.46449192712252,22.810508076843885,no_water_crossing,0.0,S2A_MSIL2A_20240303T041701_R090_T46QDL_20240303T080633,0.0,no_water_crossing,0.0,S2A_MSIL2A_20241029T041911_R090_T46QDL_20241029T065346,15.7
1532,41090692,41090692,into_BD,21.6,1.487,2,4,0,Chattogram,92.47303922322222,22.7812500031529,no_water_crossing,0.0,S2A_MSIL2A_20240303T041701_R090_T46QDL_20240303T080633,0.0,no_water_crossing,0.0,S2A_MSIL2A_20241029T041911_R090_T46QDL_20241029T065346,15.7
1533,41091286,41091286,out_of_BD,13.5,0.339,1,3,17,Khulna,88.92127535146552,22.770391547507575,confirmed,50.0,S2B_MSIL2A_20240104T044209_R033_T45QXF_20240104T080918,0.0,confirmed,170.0,S2A_MSIL2A_20241015T043741_R033_T45QXF_20241015T083051,17.6
1534,41092148,41085429,into_BD,641.8,45.077,3,2,0,Chattogram,92.47785504540512,22.75131164907649,no_water_crossing,0.0,S2A_MSIL2A_20240303T041701_R090_T46QDL_20240303T080633,0.0,no_water_crossing,0.0,S2A_MSIL2A_20241029T041911_R090_T46QDL_20241029T065346,15.7
1535,41092148,41085429,out_of_BD,641.8,45.077,3,2,0,Chattogram,92.47708333455702,22.75487067327419,no_water_crossing,0.0,S2A_MSIL2A_20240303T041701_R090_T46QDL_20240303T080633,0.0,no_water_crossing,0.0,S2A_MSIL2A_20241029T041911_R090_T46QDL_20241029T065346,15.7
1536,41092148,41085429,into_BD,641.8,45.077,3,2,0,Chattogram,92.47452519195792,22.762974851756756,no_water_crossing,0.0,S2A_MSIL2A_20240303T041701_R090_T46QDL_20240303T080633,0.0,no_water_crossing,0.0,S2A_MSIL2A_20241029T041911_R090_T46QDL_20241029T065346,15.7
1537,41092148,41085429,out_of_BD,641.8,45.077,3,2,0,Chattogram,92.47291667034558,22.777748970363582,no_water_crossing,0.0,S2A_MSIL2A_20240303T041701_R090_T46QDL_20240303T080633,0.0,no_water_crossing,0.0,S2A_MSIL2A_20241029T041911_R090_T46QDL_20241029T065346,15.7
1538,41092148,41085429,into_BD,641.8,45.077,3,2,0,Chattogram,92.47291666766807,22.780459445054166,no_water_crossing,0.0,S2A_MSIL2A_20240303T041701_R090_T46QDL_20240303T080633,0.0,no_water_crossing,0.0,S2A_MSIL2A_20241029T041911_R090_T46QDL_20241029T065346,15.7
1539,41093688,41093688,out_of_BD,4.6,0.313,1,3,6,Chattogram,92.5104166669809,22.733026366992977,no_water_crossing,0.0,S2A_MSIL2A_20240303T041701_R090_T46QDL_20240303T080633,0.0,no_water_crossing,0.0,S2A_MSIL2A_20241029T041911_R090_T46QDL_20241029T065346,15.7
1540,41094068,41096367,out_of_BD,23.6,0.599,2,2,22,Khulna,88.93125000751023,22.716473368390695,confirmed,290.0,S2B_MSIL2A_20240104T044209_R033_T45QXF_20240104T080918,0.0,confirmed,360.0,S2A_MSIL2A_20241015T043741_R033_T45QXF_20241015T083051,17.6
1541,41094311,41094311,out_of_BD,21.8,1.484,2,3,0,Chattogram,92.48125000385562,22.745768802194785,no_water_crossing,0.0,S2A_MSIL2A_20240303T041701_R090_T46QDL_20240303T080633,0.0,no_water_crossing,0.0,S2A_MSIL2A_20241029T041911_R090_T46QDL_20241029T065346,15.7
1542,41095124,41095124,out_of_BD,4.8,0.327,1,3,0,Chattogram,92.51862599198232,22.68958333732,no_water_crossing,0.0,S2A_MSIL2A_20240303T041701_R090_T46QDL_20240303T080633,0.0,no_water_crossing,0.0,S2A_MSIL2A_20241029T041911_R090_T46QDL_20241029T065346,15.7
1543,41096587,41096587,out_of_BD,36.1,2.467,2,3,0,Chattogram,92.52550151186638,22.668750012762526,no_water_crossing,0.0,S2A_MSIL2A_20240303T041701_R090_T46QDL_20240303T080633,0.0,confirmed,60.0,S2A_MSIL2A_20241029T041911_R090_T46QDL_20241029T065346,15.7
1544,41096981,41085429,into_BD,498.2,34.967,3,2,2,Chattogram,92.5265023806774,22.652664307984193,no_water_crossing,0.0,S2A_MSIL2A_20240303T041701_R090_T46QDL_20240303T080633,0.0,no_water_crossing,0.0,S2A_MSIL2A_20241029T041911_R090_T46QDL_20241029T065346,15.7
1545,41096981,41085429,out_of_BD,498.2,34.967,3,2,8,Chattogram,92.52534046067892,22.65382625059279,no_water_crossing,0.0,S2A_MSIL2A_20240303T041701_R090_T46QDL_20240303T080633,0.0,no_water_crossing,0.0,S2A_MSIL2A_20241029T041911_R090_T46QDL_20241029T065346,15.7
1546,41096981,41085429,into_BD,498.2,34.967,3,2,0,Chattogram,92.52334855225884,22.655818131439425,no_water_crossing,0.0,S2A_MSIL2A_20240303T041701_R090_T46QDL_20240303T080633,0.0,no_water_crossing,0.0,S2A_MSIL2A_20241029T041911_R090_T46QDL_20241029T065346,15.7
1547,41096981,41085429,out_of_BD,498.2,34.967,3,2,0,Chattogram,92.52348073053324,22.65681408478343,no_water_crossing,0.0,S2A_MSIL2A_20240303T041701_R090_T46QDL_20240303T080633,0.0,no_water_crossing,0.0,S2A_MSIL2A_20241029T041911_R090_T46QDL_20241029T065346,15.7
1548,41096981,41085429,into_BD,498.2,34.967,3,2,0,Chattogram,92.52580462139086,22.659137992736937,no_water_crossing,0.0,S2A_MSIL2A_20240303T041701_R090_T46QDL_20240303T080633,0.0,no_water_crossing,0.0,S2A_MSIL2A_20241029T041911_R090_T46QDL_20241029T065346,15.7
1549,41096981,41085429,out_of_BD,498.2,34.967,3,2,0,Chattogram,92.52680059853768,22.66013394317494,no_water_crossing,0.0,S2A_MSIL2A_20240303T041701_R090_T46QDL_20240303T080633,0.0,no_water_crossing,0.0,S2A_MSIL2A_20241029T041911_R090_T46QDL_20241029T065346,15.7
1550,41096981,41085429,into_BD,498.2,34.967,3,2,3,Chattogram,92.52708333403818,22.661842688634863,no_water_crossing,0.0,S2A_MSIL2A_20240303T041701_R090_T46QDL_20240303T080633,0.0,confirmed,70.0,S2A_MSIL2A_20241029T041911_R090_T46QDL_20241029T065346,15.7
1551,41096981,41085429,out_of_BD,498.2,34.967,3,2,0,Chattogram,92.52708333454528,22.66523972775231,no_water_crossing,0.0,S2A_MSIL2A_20240303T041701_R090_T46QDL_20240303T080633,0.0,confirmed,70.0,S2A_MSIL2A_20241029T041911_R090_T46QDL_20241029T065346,15.7
1552,41097170,41097170,out_of_BD,28.1,0.728,2,2,0,Khulna,88.94033329412389,22.659666735602887,no_water_crossing,0.0,S2B_MSIL2A_20240104T044209_R033_T45QXF_20240104T080918,0.0,no_water_crossing,0.0,S2A_MSIL2A_20241015T043741_R033_T45QXF_20241015T083051,17.6
1553,41097170,41097170,into_BD,28.1,0.728,2,2,0,Khulna,88.93866652469355,22.65949995687302,no_water_crossing,0.0,S2B_MSIL2A_20240104T044209_R033_T45QXF_20240104T080918,0.0,no_water_crossing,0.0,S2A_MSIL2A_20241015T043741_R033_T45QXF_20241015T083051,17.6
1554,41097170,41097170,out_of_BD,28.1,0.728,2,2,23,Khulna,88.934833024765,22.655666700730325,no_water_crossing,0.0,S2B_MSIL2A_20240104T044209_R033_T45QXF_20240104T080918,0.0,no_water_crossing,0.0,S2A_MSIL2A_20241015T043741_R033_T45QXF_20241015T083051,17.6
1555,41097170,41097170,into_BD,28.1,0.728,2,2,23,Khulna,88.9316663798519,22.652500050867808,confirmed,170.0,S2B_MSIL2A_20240104T044209_R033_T45QXF_20240104T080918,0.0,confirmed,190.0,S2A_MSIL2A_20241015T043741_R033_T45QXF_20241015T083051,17.6
1556,41097170,41097170,out_of_BD,28.1,0.728,2,2,64,Khulna,88.92983312500785,22.650666707855414,confirmed,530.0,S2B_MSIL2A_20240104T044209_R033_T45QXF_20240104T080918,0.0,confirmed,550.0,S2A_MSIL2A_20241015T043741_R033_T45QXF_20241015T083051,17.6
1557,41097170,41097170,into_BD,28.1,0.728,2,2,65,Khulna,88.92949981113647,22.65033337123375,confirmed,580.0,S2B_MSIL2A_20240104T044209_R033_T45QXF_20240104T080918,0.0,confirmed,600.0,S2A_MSIL2A_20241015T043741_R033_T45QXF_20241015T083051,17.6
1558,41097170,41097170,out_of_BD,28.1,0.728,2,2,67,Khulna,88.92749996144806,22.648333341630323,confirmed,670.0,S2B_MSIL2A_20240104T044209_R033_T45QXF_20240104T080918,0.0,confirmed,850.0,S2A_MSIL2A_20241015T043741_R033_T45QXF_20241015T083051,17.6
1559,41097198,41097198,out_of_BD,2.2,0.15,1,3,0,Chattogram,92.52420833273024,22.647916696932395,no_water_crossing,0.0,S2A_MSIL2A_20240303T041701_R090_T46QDL_20240303T080633,0.0,no_water_crossing,0.0,S2A_MSIL2A_20241029T041911_R090_T46QDL_20241029T065346,15.7
1560,41097834,41110806,into_BD,3008.4,69.305,5,1,67,Khulna,88.92766335464815,22.647336669481888,confirmed,660.0,S2B_MSIL2A_20240104T044209_R033_T45QXF_20240104T080918,0.0,confirmed,840.0,S2A_MSIL2A_20241015T043741_R033_T45QXF_20241015T083051,17.6
1561,41097834,41110806,out_of_BD,3008.4,69.305,5,1,59,Khulna,88.93125000167163,22.635755819236593,confirmed,150.0,S2B_MSIL2A_20240104T044209_R033_T45QXF_20240104T080918,0.0,confirmed,940.0,S2A_MSIL2A_20241015T043741_R033_T45QXF_20241015T083051,17.6
1562,41098076,41085429,out_of_BD,484.4,33.953,3,2,0,Chattogram,92.52916754673775,22.63333249904427,no_water_crossing,0.0,S2A_MSIL2A_20240303T041701_R090_T46QDL_20240303T080633,0.0,no_water_crossing,0.0,S2A_MSIL2A_20241029T041911_R090_T46QDL_20241029T065346,15.7
1563,41098076,41085429,into_BD,484.4,33.953,3,2,0,Chattogram,92.52733493588148,22.635165074508425,no_water_crossing,0.0,S2A_MSIL2A_20240303T041701_R090_T46QDL_20240303T080633,0.0,no_water_crossing,0.0,S2A_MSIL2A_20241029T041911_R090_T46QDL_20241029T065346,15.7
1564,41098076,41085429,out_of_BD,484.4,33.953,3,2,0,Chattogram,92.52708333433836,22.636664583319796,no_water_crossing,0.0,S2A_MSIL2A_20240303T041701_R090_T46QDL_20240303T080633,0.0,no_water_crossing,0.0,S2A_MSIL2A_20241029T041911_R090_T46QDL_20241029T065346,15.7
1565,41098077,41098077,into_BD,8.7,0.61,1,3,0,Chattogram,92.53210297631432,22.63125000881101,no_water_crossing,0.0,S2A_MSIL2A_20240303T041701_R090_T46QDL_20240303T080633,0.0,no_water_crossing,0.0,S2A_MSIL2A_20241029T041911_R090_T46QDL_20241029T065346,15.7
1566,41098489,41085429,out_of_BD,471.3,33.003,3,2,0,Chattogram,92.52935014750618,22.625183525107538,no_water_crossing,0.0,S2A_MSIL2A_20240303T041701_R090_T46QDL_20240303T080633,0.0,no_water_crossing,0.0,S2A_MSIL2A_20241029T041911_R090_T46QDL_20241029T065346,15.7
1567,41098489,41085429,into_BD,471.3,33.003,3,2,0,Chattogram,92.53125000004418,22.6272404568079,no_water_crossing,0.0,S2A_MSIL2A_20240303T041701_R090_T46QDL_20240303T080633,0.0,no_water_crossing,0.0,S2A_MSIL2A_20241029T041911_R090_T46QDL_20241029T065346,15.7
1568,41098848,41098848,out_of_BD,2.8,0.191,1,3,2,Chattogram,92.5296249995372,22.61458335674884,no_water_crossing,0.0,S2A_MSIL2A_20240303T041701_R090_T46QDL_20240303T080633,0.0,no_water_crossing,0.0,S2A_MSIL2A_20241029T041911_R090_T46QDL_20241029T065346,15.7
1569,41098849,41085429,into_BD,466.0,32.615,3,2,4,Chattogram,92.52985393218006,22.620146108596735,no_water_crossing,0.0,S2A_MSIL2A_20240303T041701_R090_T46QDL_20240303T080633,0.0,no_water_crossing,0.0,S2A_MSIL2A_20241029T041911_R090_T46QDL_20241029T065346,15.7
1570,41098849,41085429,out_of_BD,466.0,32.615,3,2,4,Chattogram,92.52918228206212,22.620817763692095,no_water_crossing,0.0,S2A_MSIL2A_20240303T041701_R090_T46QDL_20240303T080633,0.0,no_water_crossing,0.0,S2A_MSIL2A_20241029T041911_R090_T46QDL_20241029T065346,15.7
1571,41098849,41085429,into_BD,466.0,32.615,3,2,0,Chattogram,92.52783896222584,22.62216106494697,no_water_crossing,0.0,S2A_MSIL2A_20240303T041701_R090_T46QDL_20240303T080633,0.0,no_water_crossing,0.0,S2A_MSIL2A_20241029T041911_R090_T46QDL_20241029T065346,15.7
1572,41099014,41110806,into_BD,3029.2,69.768,5,1,75,Khulna,88.94870379910306,22.618750215382452,confirmed,650.0,S2B_MSIL2A_20240104T044209_R033_T45QXF_20240104T080918,0.0,confirmed,500.0,S2A_MSIL2A_20241015T043741_R033_T45QYF_20241015T083051,1.6
1573,41099040,41085429,into_BD,462.4,32.35,3,2,2,Chattogram,92.53516667375324,22.61066666989664,no_water_crossing,0.0,S2A_MSIL2A_20240303T041701_R090_T46QDL_20240303T080633,0.0,no_water_crossing,0.0,S2A_MSIL2A_20241029T041911_R090_T46QDL_20241029T065346,15.7
1574,41099040,41085429,out_of_BD,462.4,32.35,3,2,0,Chattogram,92.53383336293884,22.61200001349438,no_water_crossing,0.0,S2A_MSIL2A_20240303T041701_R090_T46QDL_20240303T080633,0.0,no_water_crossing,0.0,S2A_MSIL2A_20241029T041911_R090_T46QDL_20241029T065346,15.7
1575,41099828,41099828,into_BD,6.7,0.179,1,2,70,Khulna,88.94375001040036,22.597249627890022,confirmed,1000.0,S2B_MSIL2A_20240104T044209_R033_T45QXF_20240104T080918,0.0,confirmed,1000.0,S2A_MSIL2A_20241015T043741_R033_T45QXF_20241015T083051,17.6
1576,41100060,41085429,out_of_BD,452.3,31.635,3,2,0,Chattogram,92.5354166669578,22.589924354362225,no_water_crossing,0.0,S2A_MSIL2A_20240303T041701_R090_T46QDK_20240303T080631,0.0,no_water_crossing,0.0,S2A_MSIL2A_20241019T041801_R090_T46QDK_20241019T070901,13.2
1577,41100060,41085429,into_BD,452.3,31.635,3,2,0,Chattogram,92.5354166683645,22.591970480234817,no_water_crossing,0.0,S2A_MSIL2A_20240303T041701_R090_T46QDK_20240303T080631,0.0,no_water_crossing,0.0,S2A_MSIL2A_20241019T041801_R090_T46QDK_20241019T070901,13.2
1578,41100060,41085429,out_of_BD,452.3,31.635,3,2,0,Chattogram,92.535416668799,22.59879089605951,no_water_crossing,0.0,S2A_MSIL2A_20240303T041701_R090_T46QDK_20240303T080631,0.0,no_water_crossing,0.0,S2A_MSIL2A_20241019T041801_R090_T46QDK_20241019T070901,13.2
1579,41100060,41085429,into_BD,452.3,31.635,3,2,0,Chattogram,92.53350064599988,22.608500690297735,no_water_crossing,0.0,S2A_MSIL2A_20240303T041701_R090_T46QDL_20240303T080633,0.0,no_water_crossing,0.0,S2A_MSIL2A_20241029T041911_R090_T46QDL_20241029T065346,15.7
1580,41100060,41085429,out_of_BD,452.3,31.635,3,2,2,Chattogram,92.53466691313778,22.609666939454836,no_water_crossing,0.0,S2A_MSIL2A_20240303T041701_R090_T46QDL_20240303T080633,0.0,no_water_crossing,0.0,S2A_MSIL2A_20241029T041911_R090_T46QDL_20241029T065346,15.7
1581,41100253,41085429,into_BD,439.6,30.717,3,2,0,Chattogram,92.53716669723984,22.587833347270426,no_water_crossing,0.0,S2A_MSIL2A_20240303T041701_R090_T46QDK_20240303T080631,0.0,no_water_crossing,0.0,S2A_MSIL2A_20241019T041801_R090_T46QDK_20241019T070901,13.2
1582,41101494,41101494,out_of_BD,9.1,0.624,2,3,0,Chattogram,92.5229166668136,22.560983313479912,no_water_crossing,0.0,S2A_MSIL2A_20240303T041701_R090_T46QDK_20240303T080631,0.0,no_water_crossing,0.0,S2A_MSIL2A_20241019T041801_R090_T46QDK_20241019T070901,13.2
1583,41101495,41085429,into_BD,415.6,29.013,3,2,0,Chattogram,92.52415907526134,22.56165911249571,no_water_crossing,0.0,S2A_MSIL2A_20240303T041701_R090_T46QDK_20240303T080631,0.0,no_water_crossing,0.0,S2A_MSIL2A_20241019T041801_R090_T46QDK_20241019T070901,13.2
1584,41101495,41085429,out_of_BD,415.6,29.013,3,2,0,Chattogram,92.52498736000793,22.56248740448853,no_water_crossing,0.0,S2A_MSIL2A_20240303T041701_R090_T46QDK_20240303T080631,0.0,no_water_crossing,0.0,S2A_MSIL2A_20241019T041801_R090_T46QDK_20241019T070901,13.2
1585,41101495,41085429,into_BD,415.6,29.013,3,2,0,Chattogram,92.52708333341702,22.56488804600321,no_water_crossing,0.0,S2A_MSIL2A_20240303T041701_R090_T46QDK_20240303T080631,0.0,no_water_crossing,0.0,S2A_MSIL2A_20241019T041801_R090_T46QDK_20241019T070901,13.2
1586,41101495,41085429,out_of_BD,415.6,29.013,3,2,0,Chattogram,92.52789807479128,22.56956476946009,no_water_crossing,0.0,S2A_MSIL2A_20240303T041701_R090_T46QDK_20240303T080631,0.0,no_water_crossing,0.0,S2A_MSIL2A_20241019T041801_R090_T46QDK_20241019T070901,13.2
1587,41101495,41085429,into_BD,415.6,29.013,3,2,0,Chattogram,92.5310456774971,22.572712352465555,no_water_crossing,0.0,S2A_MSIL2A_20240303T041701_R090_T46QDK_20240303T080631,0.0,no_water_crossing,0.0,S2A_MSIL2A_20241019T041801_R090_T46QDK_20241019T070901,13.2
1588,41101495,41085429,out_of_BD,415.6,29.013,3,2,0,Chattogram,92.53460141147455,22.572916675166713,no_water_crossing,0.0,S2A_MSIL2A_20240303T041701_R090_T46QDK_20240303T080631,0.0,no_water_crossing,0.0,S2A_MSIL2A_20241019T041801_R090_T46QDK_20241019T070901,13.2
1589,41101495,41085429,into_BD,415.6,29.013,3,2,0,Chattogram,92.53635284403607,22.57385287505918,no_water_crossing,0.0,S2A_MSIL2A_20240303T041701_R090_T46QDK_20240303T080631,0.0,no_water_crossing,0.0,S2A_MSIL2A_20241019T041801_R090_T46QDK_20241019T070901,13.2
1590,41101495,41085429,out_of_BD,415.6,29.013,3,2,0,Chattogram,92.53784382040789,22.57534386371827,no_water_crossing,0.0,S2A_MSIL2A_20240303T041701_R090_T46QDK_20240303T080631,0.0,no_water_crossing,0.0,S2A_MSIL2A_20241019T041801_R090_T46QDK_20241019T070901,13.2
1591,41101908,41101908,out_of_BD,6.9,0.475,1,4,0,Chattogram,92.52181945843816,22.560416677139568,no_water_crossing,0.0,S2A_MSIL2A_20240303T041701_R090_T46QDK_20240303T080631,0.0,no_water_crossing,0.0,S2A_MSIL2A_20241019T041801_R090_T46QDK_20241019T070901,13.2
1592,41102104,41085429,out_of_BD,395.0,27.559,3,2,0,Chattogram,92.52551217396432,22.5578213159393,no_water_crossing,0.0,S2A_MSIL2A_20240303T041701_R090_T46QDK_20240303T080631,0.0,no_water_crossing,0.0,S2A_MSIL2A_20241019T041801_R090_T46QDK_20241019T070901,13.2
1593,41102432,41085429,out_of_BD,369.0,25.757,3,2,0,Chattogram,92.53500012398524,22.544166723236856,no_water_crossing,0.0,S2A_MSIL2A_20240303T041701_R090_T46QDK_20240303T080631,0.0,no_water_crossing,0.0,S2A_MSIL2A_20241019T041801_R090_T46QDK_20241019T070901,13.2
1594,41102432,41085429,into_BD,369.0,25.757,3,2,0,Chattogram,92.53166669046296,22.547500010858304,no_water_crossing,0.0,S2A_MSIL2A_20240303T041701_R090_T46QDK_20240303T080631,0.0,no_water_crossing,0.0,S2A_MSIL2A_20241019T041801_R090_T46QDK_20241019T070901,13.2
1595,41102433,41102433,into_BD,10.5,0.735,1,3,0,Chattogram,92.539705361994,22.539583334866755,no_water_crossing,0.0,S2A_MSIL2A_20240303T041701_R090_T46QDK_20240303T080631,0.0,no_water_crossing,0.0,S2A_MSIL2A_20241019T041801_R090_T46QDK_20241019T070901,13.2
1596,41102983,41110806,out_of_BD,3104.7,71.597,5,1,74,Khulna,88.93958341273036,22.582303753922776,confirmed,930.0,S2B_MSIL2A_20240104T044209_R033_T45QXF_20240104T080918,0.0,confirmed,1010.0,S2A_MSIL2A_20241015T043741_R033_T45QXF_20241015T083051,17.6
1597,41102983,41110806,into_BD,3104.7,71.597,5,1,86,Khulna,88.93958336933143,22.56719603035271,confirmed,710.0,S2B_MSIL2A_20240104T044209_R033_T45QXF_20240104T080918,0.0,confirmed,790.0,S2A_MSIL2A_20241015T043741_R033_T45QXF_20241015T083051,17.6
1598,41102983,41110806,out_of_BD,3104.7,71.597,5,1,76,Khulna,88.95519170813931,22.553141962283124,confirmed,1040.0,S2B_MSIL2A_20240104T044209_R033_T45QXF_20240104T080918,0.0,confirmed,1040.0,S2A_MSIL2A_20241015T043741_R033_T45QYF_20241015T083051,1.6
1599,41102984,41102984,out_of_BD,10.1,0.273,1,2,86,Khulna,88.9710594572557,22.52708334671243,confirmed,1010.0,S2B_MSIL2A_20240104T044209_R033_T45QXF_20240104T080918,0.0,confirmed,1010.0,S2A_MSIL2A_20241015T043741_R033_T45QYF_20241015T083051,1.6
1600,41103794,41103794,out_of_BD,13.9,0.379,1,2,84,Khulna,88.97330962231742,22.510809636035397,confirmed,970.0,S2B_MSIL2A_20240104T044209_R033_T45QXF_20240104T080918,0.0,confirmed,970.0,S2A_MSIL2A_20241015T043741_R033_T45QYF_20241015T083051,1.6
1601,41104014,41085429,out_of_BD,356.3,24.857,3,2,0,Chattogram,92.54816559052978,22.50649893383993,no_water_crossing,0.0,S2A_MSIL2A_20240303T041701_R090_T46QDK_20240303T080631,0.0,no_water_crossing,0.0,S2A_MSIL2A_20241019T041801_R090_T46QDK_20241019T070901,13.2
1602,41104014,41085429,into_BD,356.3,24.857,3,2,0,Chattogram,92.54882939185067,22.50716275556754,no_water_crossing,0.0,S2A_MSIL2A_20240303T041701_R090_T46QDK_20240303T080631,0.0,no_water_crossing,0.0,S2A_MSIL2A_20241019T041801_R090_T46QDK_20241019T070901,13.2
1603,41104014,41085429,out_of_BD,356.3,24.857,3,2,0,Chattogram,92.5511527463174,22.509486110459875,no_water_crossing,0.0,S2A_MSIL2A_20240303T041701_R090_T46QDK_20240303T080631,0.0,no_water_crossing,0.0,S2A_MSIL2A_20241019T041801_R090_T46QDK_20241019T070901,13.2
1604,41104014,41085429,into_BD,356.3,24.857,3,2,0,Chattogram,92.55052459810932,22.51197544451705,no_water_crossing,0.0,S2A_MSIL2A_20240303T041701_R090_T46QDK_20240303T080631,0.0,no_water_crossing,0.0,S2A_MSIL2A_20241019T041801_R090_T46QDK_20241019T070901,13.2
1605,41104014,41085429,out_of_BD,356.3,24.857,3,2,0,Chattogram,92.5479166667434,22.514874561129833,no_water_crossing,0.0,S2A_MSIL2A_20240303T041701_R090_T46QDK_20240303T080631,0.0,no_water_crossing,0.0,S2A_MSIL2A_20241019T041801_R090_T46QDK_20241019T070901,13.2
1606,41104014,41085429,into_BD,356.3,24.857,3,2,0,Chattogram,92.54119541114444,22.529637965414565,no_water_crossing,0.0,S2A_MSIL2A_20240303T041701_R090_T46QDK_20240303T080631,0.0,no_water_crossing,0.0,S2A_MSIL2A_20241019T041801_R090_T46QDK_20241019T070901,13.2
1607,41104014,41085429,out_of_BD,356.3,24.857,3,2,0,Chattogram,92.53958333445,22.534259869925997,no_water_crossing,0.0,S2A_MSIL2A_20240303T041701_R090_T46QDK_20240303T080631,0.0,no_water_crossing,0.0,S2A_MSIL2A_20241019T041801_R090_T46QDK_20241019T070901,13.2
1608,41104014,41085429,into_BD,356.3,24.857,3,2,0,Chattogram,92.5395833335222,22.539243537901203,no_water_crossing,0.0,S2A_MSIL2A_20240303T041701_R090_T46QDK_20240303T080631,0.0,no_water_crossing,0.0,S2A_MSIL2A_20241019T041801_R090_T46QDK_20241019T070901,13.2
1609,41104218,41085429,out_of_BD,334.5,23.281,3,2,0,Chattogram,92.54791666685227,22.50289351868633,no_water_crossing,0.0,S2A_MSIL2A_20240303T041701_R090_T46QDK_20240303T080631,0.0,no_water_crossing,0.0,S2A_MSIL2A_20241019T041801_R090_T46QDK_20241019T070901,13.2
1610,41104218,41085429,into_BD,334.5,23.281,3,2,0,Chattogram,92.54791666694034,22.504745370617705,no_water_crossing,0.0,S2A_MSIL2A_20240303T041701_R090_T46QDK_20240303T080631,0.0,no_water_crossing,0.0,S2A_MSIL2A_20241019T041801_R090_T46QDK_20241019T070901,13.2
1611,41104219,41104219,into_BD,12.7,0.888,2,3,0,Chattogram,92.54833334448026,22.505833338565065,no_water_crossing,0.0,S2A_MSIL2A_20240303T041701_R090_T46QDK_20240303T080631,0.0,no_water_crossing,0.0,S2A_MSIL2A_20241019T041801_R090_T46QDK_20241019T070901,13.2
1612,41105363,41085429,into_BD,300.8,20.968,3,2,0,Chattogram,92.54409381713204,22.49409383056921,no_water_crossing,0.0,S2A_MSIL2A_20240303T041701_R090_T46QDK_20240303T080631,0.0,no_water_crossing,0.0,S2A_MSIL2A_20241019T041801_R090_T46QDK_20241019T070901,13.2
1613,41105363,41085429,out_of_BD,300.8,20.968,3,2,0,Chattogram,92.54591612598692,22.495916170289576,no_water_crossing,0.0,S2A_MSIL2A_20240303T041701_R090_T46QDK_20240303T080631,0.0,no_water_crossing,0.0,S2A_MSIL2A_20241019T041801_R090_T46QDK_20241019T070901,13.2
1614,41105363,41085429,into_BD,300.8,20.968,3,2,0,Chattogram,92.54791666688553,22.50106566522834,no_water_crossing,0.0,S2A_MSIL2A_20240303T041701_R090_T46QDK_20240303T080631,0.0,no_water_crossing,0.0,S2A_MSIL2A_20241019T041801_R090_T46QDK_20241019T070901,13.2
1615,41105748,41105748,out_of_BD,35.5,0.981,2,2,88,Khulna,88.99607750096757,22.468750013324858,confirmed,1030.0,S2A_MSIL2A_20240208T043941_R033_T45QYE_20240208T091951,0.0,confirmed,1030.0,S2A_MSIL2A_20241015T043741_R033_T45QYE_20241015T083051,8.9
1616,41106376,41085429,out_of_BD,282.8,19.699,3,2,0,Chattogram,92.54791667198738,22.461118664219843,no_water_crossing,0.0,S2A_MSIL2A_20240303T041701_R090_T46QDK_20240303T080631,0.0,no_water_crossing,0.0,S2A_MSIL2A_20241019T041801_R090_T46QDK_20241019T070901,13.2
1617,41107136,41107136,into_BD,4.0,0.112,1,2,93,Khulna,88.99237499647987,22.43958335417813,confirmed,1010.0,S2A_MSIL2A_20240208T043941_R033_T45QYE_20240208T091951,0.0,confirmed,1010.0,S2A_MSIL2A_20241015T043741_R033_T45QYE_20241015T083051,8.9
1618,41107137,41110806,into_BD,3237.0,75.188,5,1,89,Khulna,88.99375012865052,22.455071069314627,confirmed,1030.0,S2A_MSIL2A_20240208T043941_R033_T45QYE_20240208T091951,0.0,confirmed,1030.0,S2A_MSIL2A_20241015T043741_R033_T45QYE_20241015T083051,8.9
1619,41107376,41107376,into_BD,36.1,2.521,2,3,0,Chattogram,92.54876721465148,22.45625001972007,no_water_crossing,0.0,S2A_MSIL2A_20240303T041701_R090_T46QDK_20240303T080631,0.0,no_water_crossing,0.0,S2A_MSIL2A_20241019T041801_R090_T46QDK_20241019T070901,13.2
1620,41107533,41110806,out_of_BD,3242.5,75.344,5,1,95,Khulna,88.99375000222413,22.43832272008354,confirmed,1010.0,S2A_MSIL2A_20240208T043941_R033_T45QYE_20240208T091951,0.0,confirmed,1010.0,S2A_MSIL2A_20241015T043741_R033_T45QYE_20241015T083051,8.9
1621,41107715,41107715,out_of_BD,7.9,0.224,1,2,96,Khulna,88.99998412712831,22.431250040272182,confirmed,1090.0,S2A_MSIL2A_20240208T043941_R033_T45QYE_20240208T091951,0.0,confirmed,1090.0,S2A_MSIL2A_20241015T043741_R033_T45QYE_20241015T083051,8.9
1622,41108341,41085429,out_of_BD,229.2,15.969,3,2,0,Chattogram,92.55465598072664,22.417156022509968,no_water_crossing,0.0,S2A_MSIL2A_20240303T041701_R090_T46QDK_20240303T080631,0.0,no_water_crossing,0.0,S2A_MSIL2A_20241019T041801_R090_T46QDK_20241019T070901,13.2
1623,41108341,41085429,into_BD,229.2,15.969,3,2,0,Chattogram,92.54866368198066,22.45550301140395,no_water_crossing,0.0,S2A_MSIL2A_20240303T041701_R090_T46QDK_20240303T080631,0.0,no_water_crossing,0.0,S2A_MSIL2A_20241019T041801_R090_T46QDK_20241019T070901,13.2
1624,41109785,41110022,out_of_BD,18.5,0.526,1,3,91,Khulna,88.98958333444065,22.393253455731426,confirmed,1040.0,S2A_MSIL2A_20240208T043941_R033_T45QYE_20240208T091951,0.0,confirmed,510.0,S2A_MSIL2A_20241015T043741_R033_T45QYE_20241015T083051,8.9
1625,41110423,41110806,into_BD,3277.5,76.334,5,1,95,Khulna,88.99403469497474,22.427368038494365,confirmed,970.0,S2A_MSIL2A_20240208T043941_R033_T45QYE_20240208T091951,0.0,confirmed,990.0,S2A_MSIL2A_20241015T043741_R033_T45QYE_20241015T083051,8.9
1626,41110423,41110806,out_of_BD,3277.5,76.334,5,1,95,Khulna,88.99344030982164,22.427083337045843,confirmed,870.0,S2A_MSIL2A_20240208T043941_R033_T45QYE_20240208T091951,0.0,confirmed,900.0,S2A_MSIL2A_20241015T043741_R033_T45QYE_20241015T083051,8.9
1627,41110424,41110424,out_of_BD,6.4,0.182,1,4,87,Khulna,88.98964837243246,22.3853409316234,confirmed,530.0,S2A_MSIL2A_20240208T043941_R033_T45QYE_20240208T091951,0.0,confirmed,250.0,S2A_MSIL2A_20241015T043741_R033_T45QYE_20241015T083051,8.9
1628,41110434,41085429,into_BD,196.8,13.731,3,2,0,Chattogram,92.56207461604092,22.379592093968544,no_water_crossing,0.0,S2A_MSIL2A_20240303T041701_R090_T46QDK_20240303T080631,0.0,no_water_crossing,0.0,S2A_MSIL2A_20241019T041801_R090_T46QDK_20241019T070901,13.2
1629,41110434,41085429,out_of_BD,196.8,13.731,3,2,0,Chattogram,92.56091283819606,22.38075384744838,no_water_crossing,0.0,S2A_MSIL2A_20240303T041701_R090_T46QDK_20240303T080631,0.0,no_water_crossing,0.0,S2A_MSIL2A_20241019T041801_R090_T46QDK_20241019T070901,13.2
1630,41110434,41085429,into_BD,196.8,13.731,3,2,0,Chattogram,92.5604166692206,22.38329219402608,no_water_crossing,0.0,S2A_MSIL2A_20240303T041701_R090_T46QDK_20240303T080631,0.0,no_water_crossing,0.0,S2A_MSIL2A_20241019T041801_R090_T46QDK_20241019T070901,13.2
1631,41110434,41085429,out_of_BD,196.8,13.731,3,2,0,Chattogram,92.5604166736154,22.38963829444321,no_water_crossing,0.0,S2A_MSIL2A_20240303T041701_R090_T46QDK_20240303T080631,0.0,no_water_crossing,0.0,S2A_MSIL2A_20241019T041801_R090_T46QDK_20241019T070901,13.2
1632,41110434,41085429,into_BD,196.8,13.731,3,2,0,Chattogram,92.5604166738856,22.391904757675487,no_water_crossing,0.0,S2A_MSIL2A_20240303T041701_R090_T46QDK_20240303T080631,0.0,no_water_crossing,0.0,S2A_MSIL2A_20241019T041801_R090_T46QDK_20241019T070901,13.2
1633,41110434,41085429,out_of_BD,196.8,13.731,3,2,0,Chattogram,92.56041667385756,22.392358050246003,no_water_crossing,0.0,S2A_MSIL2A_20240303T041701_R090_T46QDK_20240303T080631,0.0,no_water_crossing,0.0,S2A_MSIL2A_20241019T041801_R090_T46QDK_20241019T070901,13.2
1634,41110434,41085429,into_BD,196.8,13.731,3,2,0,Chattogram,92.56023567905358,22.402264328471656,no_water_crossing,0.0,S2A_MSIL2A_20240303T041701_R090_T46QDK_20240303T080631,0.0,no_water_crossing,0.0,S2A_MSIL2A_20241019T041801_R090_T46QDK_20241019T070901,13.2
1635,41110434,41085429,out_of_BD,196.8,13.731,3,2,0,Chattogram,92.5594058003482,22.40309423293449,no_water_crossing,0.0,S2A_MSIL2A_20240303T041701_R090_T46QDK_20240303T080631,0.0,no_water_crossing,0.0,S2A_MSIL2A_20241019T041801_R090_T46QDK_20241019T070901,13.2
1636,41110434,41085429,into_BD,196.8,13.731,3,2,0,Chattogram,92.55675012218452,22.405749896947277,no_water_crossing,0.0,S2A_MSIL2A_20240303T041701_R090_T46QDK_20240303T080631,0.0,no_water_crossing,0.0,S2A_MSIL2A_20241019T041801_R090_T46QDK_20241019T070901,13.2
1637,41110434,41085429,out_of_BD,196.8,13.731,3,2,0,Chattogram,92.55625000017518,22.40964672120488,no_water_crossing,0.0,S2A_MSIL2A_20240303T041701_R090_T46QDK_20240303T080631,0.0,no_water_crossing,0.0,S2A_MSIL2A_20241019T041801_R090_T46QDK_20241019T070901,13.2
1638,41110434,41085429,into_BD,196.8,13.731,3,2,0,Chattogram,92.55283027826874,22.413836415061414,no_water_crossing,0.0,S2A_MSIL2A_20240303T041701_R090_T46QDK_20240303T080631,0.0,no_water_crossing,0.0,S2A_MSIL2A_20241019T041801_R090_T46QDK_20241019T070901,13.2
1639,41110612,41110611,out_of_BD,91.1,2.629,3,2,94,Khulna,88.9838450334477,22.378655013293724,confirmed,1030.0,S2A_MSIL2A_20240208T043941_R033_T45QYE_20240208T091951,0.0,confirmed,1030.0,S2A_MSIL2A_20241015T043741_R033_T45QYE_20241015T083051,8.9
1640,41111016,41111016,out_of_BD,10.3,0.71,1,3,0,Chattogram,92.56458333358204,22.370085013293455,no_water_crossing,0.0,S2A_MSIL2A_20240303T041701_R090_T46QDK_20240303T080631,0.0,no_water_crossing,0.0,S2A_MSIL2A_20241019T041801_R090_T46QDK_20241019T070901,13.2
1641,41111362,41085429,into_BD,161.1,11.24,3,2,0,Chattogram,92.57055660106204,22.358610109983573,no_water_crossing,0.0,S2A_MSIL2A_20240303T041701_R090_T46QDK_20240303T080631,0.0,no_water_crossing,0.0,S2A_MSIL2A_20241019T041801_R090_T46QDK_20241019T070901,13.2
1642,41111362,41085429,out_of_BD,161.1,11.24,3,2,0,Chattogram,92.56955763767732,22.35960905722656,no_water_crossing,0.0,S2A_MSIL2A_20240303T041701_R090_T46QDK_20240303T080631,0.0,no_water_crossing,0.0,S2A_MSIL2A_20241019T041801_R090_T46QDK_20241019T070901,13.2
1643,41111974,41111974,out_of_BD,19.7,1.355,2,3,0,Chattogram,92.57206551276694,22.352083352993844,no_water_crossing,0.0,S2A_MSIL2A_20240303T041701_R090_T46QDK_20240303T080631,0.0,no_water_crossing,0.0,S2A_MSIL2A_20241019T041801_R090_T46QDK_20241019T070901,13.2
1644,41111975,41085429,into_BD,138.9,9.702,3,2,0,Chattogram,92.57319138996792,22.343475287817636,no_water_crossing,0.0,S2A_MSIL2A_20240303T041701_R090_T46QDK_20240303T080631,0.0,no_water_crossing,0.0,S2A_MSIL2A_20241019T041801_R090_T46QDK_20241019T070901,13.2
1645,41111975,41085429,out_of_BD,138.9,9.702,3,2,0,Chattogram,92.57291666730607,22.3451843621247,no_water_crossing,0.0,S2A_MSIL2A_20240303T041701_R090_T46QDK_20240303T080631,0.0,no_water_crossing,0.0,S2A_MSIL2A_20241019T041801_R090_T46QDK_20241019T070901,13.2
1646,41111975,41085429,into_BD,138.9,9.702,3,2,0,Chattogram,92.57291666766665,22.346541537251333,no_water_crossing,0.0,S2A_MSIL2A_20240303T041701_R090_T46QDK_20240303T080631,0.0,no_water_crossing,0.0,S2A_MSIL2A_20241019T041801_R090_T46QDK_20241019T070901,13.2
1647,41111975,41085429,out_of_BD,138.9,9.702,3,2,0,Chattogram,92.57291666752562,22.34993447407643,no_water_crossing,0.0,S2A_MSIL2A_20240303T041701_R090_T46QDK_20240303T080631,0.0,no_water_crossing,0.0,S2A_MSIL2A_20241019T041801_R090_T46QDK_20241019T070901,13.2
1648,41112971,41111342,out_of_BD,40.7,1.184,2,3,99,Khulna,89.00152461474919,22.32291667290932,confirmed,1080.0,S2A_MSIL2A_20240208T043941_R033_T45QYE_20240208T091951,0.0,confirmed,910.0,S2A_MSIL2A_20241022T042831_R133_T45QYE_20241022T081405,6.1
1649,41112971,41111342,into_BD,40.7,1.184,2,3,99,Khulna,88.9967364993297,22.32409687429636,confirmed,1120.0,S2A_MSIL2A_20240208T043941_R033_T45QYE_20240208T091951,0.0,confirmed,1120.0,S2A_MSIL2A_20241022T042831_R133_T45QYE_20241022T081405,6.1
1650,41113212,41113212,out_of_BD,2.6,0.179,1,3,0,Chattogram,92.58012499968125,22.314583351109142,no_water_crossing,0.0,S2A_MSIL2A_20240303T041701_R090_T46QDK_20240303T080631,0.0,no_water_crossing,0.0,S2A_MSIL2A_20241019T041801_R090_T46QDK_20241019T070901,13.2
1651,41113406,41111342,out_of_BD,18.3,0.532,2,3,99,Khulna,89.0111667881783,22.313833403711175,confirmed,1020.0,S2A_MSIL2A_20240208T043941_R033_T45QYE_20240208T091951,0.0,confirmed,1020.0,S2A_MSIL2A_20241022T042831_R133_T45QYE_20241022T081405,6.1
1652,41113406,41111342,into_BD,18.3,0.532,2,3,99,Khulna,89.00733339014987,22.317666699576073,confirmed,1030.0,S2A_MSIL2A_20240208T043941_R033_T45QYE_20240208T091951,0.0,confirmed,530.0,S2A_MSIL2A_20241022T042831_R133_T45QYE_20241022T081405,6.1
1653,41113832,41085429,into_BD,112.3,7.84,3,2,0,Chattogram,92.58125000058988,22.30287878845045,no_water_crossing,0.0,S2A_MSIL2A_20240303T041701_R090_T46QDK_20240303T080631,0.0,no_water_crossing,0.0,S2A_MSIL2A_20241019T041801_R090_T46QDK_20241019T070901,13.2
1654,41113832,41085429,out_of_BD,112.3,7.84,3,2,0,Chattogram,92.5812500014153,22.304242425613808,no_water_crossing,0.0,S2A_MSIL2A_20240303T041701_R090_T46QDK_20240303T080631,0.0,no_water_crossing,0.0,S2A_MSIL2A_20241019T041801_R090_T46QDK_20241019T070901,13.2
1655,41114338,41114338,out_of_BD,7.9,0.549,1,3,0,Chattogram,92.58116696241996,22.3020002991925,no_water_crossing,0.0,S2A_MSIL2A_20240303T041701_R090_T46QDK_20240303T080631,0.0,no_water_crossing,0.0,S2A_MSIL2A_20241019T041801_R090_T46QDK_20241019T070901,13.2
1656,41115105,41115105,out_of_BD,23.8,0.697,1,1,98,Khulna,89.01057963567226,22.29775370510778,confirmed,1030.0,S2A_MSIL2A_20240208T043941_R033_T45QYE_20240208T091951,0.0,confirmed,1030.0,S2A_MSIL2A_20241022T042831_R133_T45QYE_20241022T081405,6.1
1657,41115105,41115105,into_BD,23.8,0.697,1,1,98,Khulna,89.01017039007523,22.297916672828944,confirmed,1020.0,S2A_MSIL2A_20240208T043941_R033_T45QYE_20240208T091951,0.0,confirmed,1020.0,S2A_MSIL2A_20241022T042831_R133_T45QYE_20241022T081405,6.1
1658,41115105,41115105,out_of_BD,23.8,0.697,1,1,98,Khulna,89.00337345323085,22.297916694782423,confirmed,1030.0,S2A_MSIL2A_20240208T043941_R033_T45QYE_20240208T091951,0.0,confirmed,850.0,S2A_MSIL2A_20241022T042831_R133_T45QYE_20241022T081405,6.1
1659,41115105,41115105,into_BD,23.8,0.697,1,1,98,Khulna,89.00163925254958,22.297472617954163,confirmed,1030.0,S2A_MSIL2A_20240208T043941_R033_T45QYE_20240208T091951,0.0,confirmed,840.0,S2A_MSIL2A_20241022T042831_R133_T45QYE_20241022T081405,6.1
1660,41115105,41115105,out_of_BD,23.8,0.697,1,1,97,Khulna,88.9948592974316,22.29069270411305,confirmed,1030.0,S2A_MSIL2A_20240208T043941_R033_T45QYE_20240208T091951,0.0,confirmed,1030.0,S2A_MSIL2A_20241022T042831_R133_T45QYE_20241022T081405,6.1
1661,41115105,41115105,into_BD,23.8,0.697,1,1,97,Khulna,88.99479045723405,22.288543061628022,confirmed,1040.0,S2A_MSIL2A_20240208T043941_R033_T45QYE_20240208T091951,0.0,confirmed,1040.0,S2A_MSIL2A_20241022T042831_R133_T45QYE_20241022T081405,6.1
1662,41115105,41115105,out_of_BD,23.8,0.697,1,1,99,Khulna,89.00454691690007,22.27878713954896,confirmed,1010.0,S2A_MSIL2A_20240208T043941_R033_T45QYE_20240208T091951,0.0,confirmed,1010.0,S2A_MSIL2A_20241022T042831_R133_T45QYE_20241022T081405,6.1
1663,41115128,41115128,out_of_BD,12.7,0.88,2,4,0,Chattogram,92.580147938462,22.27708335787083,no_water_crossing,0.0,S2A_MSIL2A_20240303T041701_R090_T46QDK_20240303T080631,0.0,no_water_crossing,0.0,S2A_MSIL2A_20241019T041801_R090_T46QDK_20241019T070901,13.2
1664,41115786,41115786,into_BD,4.0,0.117,1,1,98,Khulna,89.01195832834851,22.256250029399663,confirmed,690.0,S2A_MSIL2A_20240208T043941_R033_T45QYE_20240208T091951,0.0,confirmed,550.0,S2A_MSIL2A_20241022T042831_R133_T45QYE_20241022T081405,6.1
1665,41115967,41085429,out_of_BD,64.8,4.53,3,2,0,Chattogram,92.58958333356811,22.254911092441745,no_water_crossing,0.0,S2A_MSIL2A_20240303T041701_R090_T46QDK_20240303T080631,0.0,no_water_crossing,0.0,S2A_MSIL2A_20241019T041801_R090_T46QDK_20241019T070901,13.2
1666,41115967,41085429,into_BD,64.8,4.53,3,2,0,Chattogram,92.58541666690384,22.26175551378107,no_water_crossing,0.0,S2A_MSIL2A_20240303T041701_R090_T46QDK_20240303T080631,0.0,no_water_crossing,0.0,S2A_MSIL2A_20241019T041801_R090_T46QDK_20241019T070901,13.2
1667,41115967,41085429,out_of_BD,64.8,4.53,3,2,0,Chattogram,92.58541666689445,22.263339056409695,no_water_crossing,0.0,S2A_MSIL2A_20240303T041701_R090_T46QDK_20240303T080631,0.0,no_water_crossing,0.0,S2A_MSIL2A_20241019T041801_R090_T46QDK_20241019T070901,13.2
1668,41116729,41085429,out_of_BD,55.5,3.878,3,2,0,Chattogram,92.58958333368024,22.23575913276248,no_water_crossing,0.0,S2A_MSIL2A_20240303T041701_R090_T46QDK_20240303T080631,0.0,no_water_crossing,0.0,S2A_MSIL2A_20241019T041801_R090_T46QDK_20241019T070901,13.2
1669,41116729,41085429,into_BD,55.5,3.878,3,2,0,Chattogram,92.58958333390378,22.235987443485232,no_water_crossing,0.0,S2A_MSIL2A_20240303T041701_R090_T46QDK_20240303T080631,0.0,no_water_crossing,0.0,S2A_MSIL2A_20241019T041801_R090_T46QDK_20241019T070901,13.2
1670,41118347,41085429,out_of_BD,39.2,2.742,2,2,0,Chattogram,92.59375000026988,22.20264924284264,no_water_crossing,0.0,S2A_MSIL2A_20240303T041701_R090_T46QDK_20240303T080631,0.0,no_water_crossing,0.0,S2A_MSIL2A_20241019T041801_R090_T46QDK_20241019T070901,13.2
1671,41118347,41085429,into_BD,39.2,2.742,2,2,0,Chattogram,92.58958333605936,22.233039857064952,no_water_crossing,0.0,S2A_MSIL2A_20240303T041701_R090_T46QDK_20240303T080631,0.0,no_water_crossing,0.0,S2A_MSIL2A_20241019T041801_R090_T46QDK_20241019T070901,13.2
1672,41119509,41085429,into_BD,26.8,1.88,2,2,0,Chattogram,92.59536691178803,22.19213313077526,no_water_crossing,0.0,S2A_MSIL2A_20240303T041701_R090_T46QDK_20240303T080631,0.0,no_water_crossing,0.0,S2A_MSIL2A_20241019T041801_R090_T46QDK_20241019T070901,13.2
1673,41120119,41085429,out_of_BD,13.3,0.93,2,2,0,Chattogram,92.5963404397337,22.177083345860517,no_water_crossing,0.0,S2A_MSIL2A_20240303T041701_R090_T46QDK_20240303T080631,0.0,no_water_crossing,0.0,S2A_MSIL2A_20241019T041801_R090_T46QDK_20241019T070901,13.2
1674,41120681,41120681,out_of_BD,8.3,0.586,1,3,0,Chattogram,92.59791666961364,22.17333666367345,no_water_crossing,0.0,S2A_MSIL2A_20240303T041701_R090_T46QDK_20240303T080631,0.0,no_water_crossing,0.0,S2A_MSIL2A_20241019T041801_R090_T46QDK_20241019T070901,13.2
