id,s2_item,s1_item,s2_datetime,s1_datetime,gap_hours,lon_center,lat_center,water_frac,nodata_frac,vv_mean_db,vh_mean_db,band
BD_20191029_S2A_MSIL2A_20191029T042911_R133_T45QYE_20201004T071507_0,S2A_MSIL2A_20191029T042911_R133_T45QYE_20201004T071507,S1A_IW_GRDH_1SDV_20191028T121231_20191028T121256_029659_0360C3_rtc,2019-10-29T04:29:11.024000Z,2019-10-28T12:12:43.887690Z,16.274204530555554,89.10008788536732,22.524686486179622,0.7789454583360681,0.011943817138671875,-14.517446517944336,-20.56363296508789,high
BD_20191029_S2A_MSIL2A_20191029T042911_R133_T45QYE_20201004T071507_1,S2A_MSIL2A_20191029T042911_R133_T45QYE_20201004T071507,S1A_IW_GRDH_1SDV_20191028T121231_20191028T121256_029659_0360C3_rtc,2019-10-29T04:29:11.024000Z,2019-10-28T12:12:43.887690Z,16.274204530555554,89.19207537046115,22.386705258538864,0.7686129119919252,0.01737213134765625,-13.814058303833008,-20.937217712402344,high
BD_20191021_S2B_MSIL2A_20191021T041809_R090_T46QDM_20201004T044435_0,S2B_MSIL2A_20191021T041809_R090_T46QDM_20201004T044435,S1A_IW_GRDH_1SDV_20191020T234755_20191020T234820_029549_035D01_rtc,2019-10-21T04:18:09.024000Z,2019-10-20T23:48:07.919216Z,4.500306884444444,92.22593503874334,23.624483738632765,0.0074708914953049545,0.018100738525390625,-7.161761283874512,-13.308366775512695,low
BD_20191021_S2B_MSIL2A_20191021T041809_R090_T46QDM_20201004T044435_1,S2B_MSIL2A_20191021T041809_R090_T46QDM_20201004T044435,S1A_IW_GRDH_1SDV_20191020T234755_20191020T234820_029549_035D01_rtc,2019-10-21T04:18:09.024000Z,2019-10-20T23:48:07.919216Z,4.500306884444444,92.0879538111026,23.532496253538927,0.005975084589357121,0.00787353515625,-6.232954978942871,-12.76585578918457,low
BD_20191021_S2B_MSIL2A_20191021T041809_R090_T46QDL_20201004T044439_0,S2B_MSIL2A_20191021T041809_R090_T46QDL_20201004T044439,S1A_IW_GRDH_1SDV_20191020T234755_20191020T234820_029549_035D01_rtc,2019-10-21T04:18:09.024000Z,2019-10-20T23:48:07.919216Z,4.500306884444444,92.22712737146114,23.48532400652322,0.005192652416106089,0.010448455810546875,-6.64969539642334,-12.915966033935547,low
BD_20191021_S2B_MSIL2A_20191021T041809_R090_T46QDL_20201004T044439_1,S2B_MSIL2A_20191021T041809_R090_T46QDL_20201004T044439,S1A_IW_GRDH_1SDV_20191020T234755_20191020T234820_029549_035D01_rtc,2019-10-21T04:18:09.024000Z,2019-10-20T23:48:07.919216Z,4.500306884444444,92.18113362891422,23.255355293788625,0.007083892822265625,0.0,-6.313750267028809,-12.833200454711914,low
BD_20191021_S2B_MSIL2A_20191021T041809_R090_T46QDK_20201004T044437_0,S2B_MSIL2A_20191021T041809_R090_T46QDK_20201004T044437,S1A_IW_GRDH_1SDV_20191020T234820_20191020T234845_029549_035D01_rtc,2019-10-21T04:18:09.024000Z,2019-10-20T23:48:32.919159Z,4.493362455833333,92.23521217596303,22.167886299362397,0.028630755411768825,0.018970489501953125,-6.214756965637207,-12.98134708404541,low
BD_20191021_S2B_MSIL2A_20191021T041809_R090_T46QDK_20201004T044437_1,S2B_MSIL2A_20191021T041809_R090_T46QDK_20201004T044437,S1A_IW_GRDH_1SDV_20191020T234820_20191020T234845_029549_035D01_rtc,2019-10-21T04:18:09.024000Z,2019-10-20T23:48:32.919159Z,4.493362455833333,92.14322469086919,22.121892556815478,0.04525393079351457,0.004302978515625,-7.490116596221924,-13.036988258361816,high
BD_20191021_S2B_MSIL2A_20191021T041809_R090_T46QCL_20201004T044426_0,S2B_MSIL2A_20191021T041809_R090_T46QCL_20201004T044426,S1A_IW_GRDH_1SDV_20191020T234755_20191020T234820_029549_035D01_rtc,2019-10-21T04:18:09.024000Z,2019-10-20T23:48:07.919216Z,4.500306884444444,91.81872902849244,23.301078438538863,0.010909895364361785,0.017120361328125,-6.38875150680542,-12.913145065307617,low
BD_20191021_S2B_MSIL2A_20191021T041809_R090_T46QCK_20201004T044428_0,S2B_MSIL2A_20191021T041809_R090_T46QCK_20201004T044428,S1A_IW_GRDH_1SDV_20191020T234820_20191020T234845_029549_035D01_rtc,2019-10-21T04:18:09.024000Z,2019-10-20T23:48:32.919159Z,4.493362455833333,91.7768882285182,22.390745634060334,0.010341537874451441,0.00035858154296875,-6.4728498458862305,-12.814250946044922,low
BD_20191021_S2B_MSIL2A_20191021T041809_R090_T46QCK_20201004T044428_1,S2B_MSIL2A_20191021T041809_R090_T46QCK_20201004T044428,S1A_IW_GRDH_1SDV_20191020T234820_20191020T234845_029549_035D01_rtc,2019-10-21T04:18:09.024000Z,2019-10-20T23:48:32.919159Z,4.493362455833333,91.7768882285182,22.344751891513415,0.09486825980392156,0.00390625,-7.107941627502441,-13.340180397033691,high
BD_20191021_S2B_MSIL2A_20191021T041809_R090_T46QCK_20201004T044428_2,S2B_MSIL2A_20191021T041809_R090_T46QCK_20201004T044428,S1A_IW_GRDH_1SDV_20191020T234820_20191020T234845_029549_035D01_rtc,2019-10-21T04:18:09.024000Z,2019-10-20T23:48:32.919159Z,4.493362455833333,91.7768882285182,22.298758148966495,0.3355500723350205,0.005916595458984375,-9.494699478149414,-16.028865814208984,high
BD_20191019_S2A_MSIL2A_20191019T042801_R133_T46RBN_20201004T035415_0,S2A_MSIL2A_20191019T042801_R133_T46RBN_20201004T035415,S1A_IW_GRDH_1SDV_20191018T115657_20191018T115722_029513_035BC0_rtc,2019-10-19T04:28:01.024000Z,2019-10-18T11:57:09.940619Z,16.514189828055553,91.07791697506049,25.17539377472666,0.7264882269460256,7.62939453125e-05,-14.94686222076416,-19.899744033813477,high
BD_20191019_S2A_MSIL2A_20191019T042801_R133_T46RBN_20201004T035415_1,S2A_MSIL2A_20191019T042801_R133_T46RBN_20201004T035415,S1A_IW_GRDH_1SDV_20191018T115657_20191018T115722_029513_035BC0_rtc,2019-10-19T04:28:01.024000Z,2019-10-18T11:57:09.940619Z,16.514189828055553,90.93993574741974,25.129400032179742,0.23092507382734703,0.00017547607421875,-9.488885879516602,-15.381205558776855,high
BD_20191019_S2A_MSIL2A_20191019T042801_R133_T46RBN_20201004T035415_2,S2A_MSIL2A_20191019T042801_R133_T46RBN_20201004T035415,S1A_IW_GRDH_1SDV_20191018T115657_20191018T115722_029513_035BC0_rtc,2019-10-19T04:28:01.024000Z,2019-10-18T11:57:09.940619Z,16.514189828055553,90.98592948996665,25.129400032179742,0.500579833984375,0.0,-12.168191909790039,-17.696468353271484,high
BD_20191019_S2A_MSIL2A_20191019T042801_R133_T46QCM_20201004T035416_0,S2A_MSIL2A_20191019T042801_R133_T46QCM_20201004T035416,S1A_IW_GRDH_1SDV_20191018T115632_20191018T115657_029513_035BC0_rtc,2019-10-19T04:28:01.024000Z,2019-10-18T11:56:44.940436Z,16.521134323333335,91.14830873768074,24.2958295236327,0.7769682554344479,0.00885009765625,-15.39265251159668,-19.87757110595703,high
BD_20191019_S2A_MSIL2A_20191019T042801_R133_T46QCK_20201004T035410_0,S2A_MSIL2A_20191019T042801_R133_T46QCK_20201004T035410,S1A_IW_GRDH_1SDV_20191018T115607_20191018T115632_029513_035BC0_rtc,2019-10-19T04:28:01.024000Z,2019-10-18T11:56:19.940242Z,16.528078821666668,91.53059040742627,22.488390403632703,0.11701157408290752,0.000354766845703125,-9.324678421020508,-15.576541900634766,high
BD_20191019_S2A_MSIL2A_20191019T042801_R133_T46QCK_20201004T035410_1,S2A_MSIL2A_20191019T042801_R133_T46QCK_20201004T035410,S1A_IW_GRDH_1SDV_20191018T115607_20191018T115632_029513_035BC0_rtc,2019-10-19T04:28:01.024000Z,2019-10-18T11:56:19.940242Z,16.528078821666668,91.53059040742627,22.442396661085784,0.010186634097935193,0.00051116943359375,-7.7552080154418945,-13.870563507080078,low
BD_20191019_S2A_MSIL2A_20191019T042801_R133_T45RZH_20201004T035414_0,S2A_MSIL2A_20191019T042801_R133_T45RZH_20201004T035414,S1A_IW_GRDH_1SDV_20191018T115657_20191018T115722_029513_035BC0_rtc,2019-10-19T04:28:01.024000Z,2019-10-18T11:57:09.940619Z,16.514189828055553,90.93993574741975,25.12312344517974,0.30769524230990797,8.0108642578125e-05,-9.989592552185059,-15.807191848754883,high
BD_20191019_S2A_MSIL2A_20191019T042801_R133_T45RZH_20201004T035414_1,S2A_MSIL2A_20191019T042801_R133_T45RZH_20201004T035414,S1A_IW_GRDH_1SDV_20191018T115657_20191018T115722_029513_035BC0_rtc,2019-10-19T04:28:01.024000Z,2019-10-18T11:57:09.940619Z,16.514189828055553,90.98592948996667,25.12312344517974,0.49483489990234375,0.0,-11.82691764831543,-17.582473754882812,high
BD_20191017_S2B_MSIL2A_20191017T043759_R033_T45RXJ_20201004T032156_0,S2B_MSIL2A_20191017T043759_R033_T45RXJ_20201004T032156,S1A_IW_GRDH_1SDV_20191016T121321_20191016T121346_029484_035ABB_rtc,2019-10-17T04:37:59.024000Z,2019-10-16T12:13:33.867219Z,16.406987994722222,88.33863691700817,26.18991980528545,0.007927877904510716,0.01070404052734375,-9.529088973999023,-14.655571937561035,low
BD_20191017_S2B_MSIL2A_20191017T043759_R033_T45RXJ_20201004T032156_1,S2B_MSIL2A_20191017T043759_R033_T45RXJ_20201004T032156,S1A_IW_GRDH_1SDV_20191016T121321_20191016T121346_029484_035ABB_rtc,2019-10-17T04:37:59.024000Z,2019-10-16T12:13:33.867219Z,16.406987994722222,88.24664943191434,26.09793232019161,0.010780022553947896,0.002094268798828125,-9.834390640258789,-15.146551132202148,low
BD_20191017_S2B_MSIL2A_20191017T043759_R033_T45RXJ_20201004T032156_2,S2B_MSIL2A_20191017T043759_R033_T45RXJ_20201004T032156,S1A_IW_GRDH_1SDV_20191016T121321_20191016T121346_029484_035ABB_rtc,2019-10-17T04:37:59.024000Z,2019-10-16T12:13:33.867219Z,16.406987994722222,88.20065568936741,26.05193857764469,0.029779681619940115,0.017749786376953125,-9.320514678955078,-14.806982040405273,low
BD_20191017_S2B_MSIL2A_20191017T043759_R033_T45RXJ_20201004T032156_3,S2B_MSIL2A_20191017T043759_R033_T45RXJ_20201004T032156,S1A_IW_GRDH_1SDV_20191016T121321_20191016T121346_029484_035ABB_rtc,2019-10-17T04:37:59.024000Z,2019-10-16T12:13:33.867219Z,16.406987994722222,88.24664943191434,26.05193857764469,0.011249866254986779,0.0017242431640625,-9.371479034423828,-15.014573097229004,low
BD_20191017_S2B_MSIL2A_20191017T043759_R033_T45QYG_20201004T032154_0,S2B_MSIL2A_20191017T043759_R033_T45QYG_20201004T032154,S1A_IW_GRDH_1SDV_20191016T121256_20191016T121321_029484_035ABB_rtc,2019-10-17T04:37:59.024000Z,2019-10-16T12:13:08.866947Z,16.413932514722223,89.21366931921882,24.285601743632704,0.035042022643606306,0.01143646240234375,-8.239877700805664,-14.255038261413574,high
BD_20191017_S2B_MSIL2A_20191017T043759_R033_T45QYE_20201004T032148_0,S2B_MSIL2A_20191017T043759_R033_T45QYE_20201004T032148,S1A_IW_GRDH_1SDV_20191016T121231_20191016T121256_029484_035ABB_rtc,2019-10-17T04:37:59.024000Z,2019-10-16T12:12:43.866673Z,16.42087703527778,89.15160808463732,22.43427480108578,0.8120431941994145,0.016170501708984375,-14.311141967773438,-20.994794845581055,high
BD_20191014_S2B_MSIL2A_20191014T042729_R133_T46RCN_20201004T021555_0,S2B_MSIL2A_20191014T042729_R133_T46RCN_20201004T021555,S1A_IW_GRDH_1SDV_20191013T235547_20191013T235612_029447_03597F_rtc,2019-10-14T04:27:29.024000Z,2019-10-13T23:56:00.342338Z,4.524633795000001,91.22372259243969,25.02203348301604,0.7855687800411993,1.52587890625e-05,-15.59245777130127,-20.085065841674805,high
BD_20191014_S2B_MSIL2A_20191014T042729_R133_T46RCN_20201004T021555_1,S2B_MSIL2A_20191014T042729_R133_T46RCN_20201004T021555,S1A_IW_GRDH_1SDV_20191013T235547_20191013T235612_029447_03597F_rtc,2019-10-14T04:27:29.024000Z,2019-10-13T23:56:00.342338Z,4.524633795000001,91.26971633498661,25.02203348301604,0.621515220874342,1.52587890625e-05,-14.35095500946045,-18.73007583618164,high
BD_20191014_S2B_MSIL2A_20191014T042729_R133_T46RCN_20201004T021555_2,S2B_MSIL2A_20191014T042729_R133_T46RCN_20201004T021555,S1A_IW_GRDH_1SDV_20191013T235547_20191013T235612_029447_03597F_rtc,2019-10-14T04:27:29.024000Z,2019-10-13T23:56:00.342338Z,4.524633795000001,91.17772884989277,24.97603974046912,0.7293128967285156,0.0,-14.226583480834961,-20.08358383178711,high
BD_20191014_S2B_MSIL2A_20191014T042729_R133_T46RCN_20201004T021555_3,S2B_MSIL2A_20191014T042729_R133_T46RCN_20201004T021555,S1A_IW_GRDH_1SDV_20191013T235547_20191013T235612_029447_03597F_rtc,2019-10-14T04:27:29.024000Z,2019-10-13T23:56:00.342338Z,4.524633795000001,91.22372259243969,24.97603974046912,0.653698249683356,7.62939453125e-05,-13.829122543334961,-19.03982162475586,high
BD_20191014_S2B_MSIL2A_20191014T042729_R133_T46RBN_20201004T021557_0,S2B_MSIL2A_20191014T042729_R133_T46RBN_20201004T021557,S1A_IW_GRDH_1SDV_20191013T235547_20191013T235612_029447_03597F_rtc,2019-10-14T04:27:29.024000Z,2019-10-13T23:56:00.342338Z,4.524633795000001,90.09041979091997,25.189328217979764,0.009807586669921875,0.0,-8.285743713378906,-14.244926452636719,low
BD_20191014_S2B_MSIL2A_20191014T042729_R133_T46RBN_20201004T021557_1,S2B_MSIL2A_20191014T042729_R133_T46RBN_20201004T021557,S1A_IW_GRDH_1SDV_20191013T235547_20191013T235612_029447_03597F_rtc,2019-10-14T04:27:29.024000Z,2019-10-13T23:56:00.342338Z,4.524633795000001,90.1824072760138,25.189328217979764,0.005444320661711966,0.0001373291015625,-7.746129512786865,-13.866079330444336,low
BD_20191014_S2B_MSIL2A_20191014T042729_R133_T46RBN_20201004T021557_2,S2B_MSIL2A_20191014T042729_R133_T46RBN_20201004T021557,S1A_IW_GRDH_1SDV_20191013T235547_20191013T235612_029447_03597F_rtc,2019-10-14T04:27:29.024000Z,2019-10-13T23:56:00.342338Z,4.524633795000001,90.09041979091997,25.143334475432844,0.042150529414013226,0.00203704833984375,-8.012205123901367,-14.248405456542969,high
BD_20191014_S2B_MSIL2A_20191014T042729_R133_T46RBN_20201004T021557_3,S2B_MSIL2A_20191014T042729_R133_T46RBN_20201004T021557,S1A_IW_GRDH_1SDV_20191013T235547_20191013T235612_029447_03597F_rtc,2019-10-14T04:27:29.024000Z,2019-10-13T23:56:00.342338Z,4.524633795000001,90.13641353346688,25.143334475432844,0.011680781261921111,1.52587890625e-05,-8.07891845703125,-14.395393371582031,low
BD_20191014_S2B_MSIL2A_20191014T042729_R133_T46QCL_20201004T021556_0,S2B_MSIL2A_20191014T042729_R133_T46QCL_20201004T021556,S1A_IW_GRDH_1SDV_20191013T235612_20191013T235637_029447_03597F_rtc,2019-10-14T04:27:29.024000Z,2019-10-13T23:56:25.341934Z,4.517689462777778,91.06442444127346,23.47614443054236,0.021660523355610133,0.019931793212890625,-6.582310676574707,-13.404865264892578,low
BD_20191014_S2B_MSIL2A_20191014T042729_R133_T46QBM_20201004T021553_0,S2B_MSIL2A_20191014T042729_R133_T46QBM_20201004T021553,S1A_IW_GRDH_1SDV_20191013T235612_20191013T235637_029447_03597F_rtc,2019-10-14T04:27:29.024000Z,2019-10-13T23:56:25.341934Z,4.517689462777778,90.1269695429713,23.623352899561926,0.023715972900390625,0.0,-5.808418273925781,-12.421297073364258,low
BD_20191014_S2B_MSIL2A_20191014T042729_R133_T46QBM_20201004T021553_1,S2B_MSIL2A_20191014T042729_R133_T46QBM_20201004T021553,S1A_IW_GRDH_1SDV_20191013T235612_20191013T235637_029447_03597F_rtc,2019-10-14T04:27:29.024000Z,2019-10-13T23:56:25.341934Z,4.517689462777778,90.17296328551821,23.623352899561926,0.0564117431640625,0.0,-6.886404991149902,-12.904293060302734,high
BD_20191014_S2B_MSIL2A_20191014T042729_R133_T46QBM_20201004T021553_2,S2B_MSIL2A_20191014T042729_R133_T46QBM_20201004T021553,S1A_IW_GRDH_1SDV_20191013T235612_20191013T235637_029447_03597F_rtc,2019-10-14T04:27:29.024000Z,2019-10-13T23:56:25.341934Z,4.517689462777778,90.21895702806513,23.623352899561926,0.04821469443808652,1.52587890625e-05,-7.252692222595215,-13.391153335571289,high
BD_20191014_S2B_MSIL2A_20191014T042729_R133_T46QBM_20201004T021553_3,S2B_MSIL2A_20191014T042729_R133_T46QBM_20201004T021553,S1A_IW_GRDH_1SDV_20191013T235612_20191013T235637_029447_03597F_rtc,2019-10-14T04:27:29.024000Z,2019-10-13T23:56:25.341934Z,4.517689462777778,90.26495077061205,23.623352899561926,0.09681320190429688,0.0,-7.55207633972168,-13.342802047729492,high
BD_20191014_S2B_MSIL2A_20191014T042729_R133_T46QBL_20201106T054822_0,S2B_MSIL2A_20191014T042729_R133_T46QBL_20201106T054822,S1A_IW_GRDH_1SDV_20191013T235612_20191013T235637_029447_03597F_rtc,2019-10-14T04:27:29.024000Z,2019-10-13T23:56:25.341934Z,4.517689462777778,90.13176826382039,23.430425096179622,0.4198947087323084,5.340576171875e-05,-8.866963386535645,-15.292251586914062,high
BD_20191014_S2B_MSIL2A_20191014T042729_R133_T46QBL_20201106T054822_1,S2B_MSIL2A_20191014T042729_R133_T46QBL_20201106T054822,S1A_IW_GRDH_1SDV_20191013T235612_20191013T235637_029447_03597F_rtc,2019-10-14T04:27:29.024000Z,2019-10-13T23:56:25.341934Z,4.517689462777778,90.1777620063673,23.430425096179622,0.7000141801026333,0.004634857177734375,-11.335042953491211,-17.806415557861328,high
BD_20191014_S2B_MSIL2A_20191014T042729_R133_T46QBL_20201106T054822_2,S2B_MSIL2A_20191014T042729_R133_T46QBL_20201106T054822,S1A_IW_GRDH_1SDV_20191013T235612_20191013T235637_029447_03597F_rtc,2019-10-14T04:27:29.024000Z,2019-10-13T23:56:25.341934Z,4.517689462777778,90.22375574891423,23.430425096179622,0.6160494772718569,0.00386810302734375,-11.318483352661133,-17.66577911376953,high
BD_20191014_S2B_MSIL2A_20191014T042729_R133_T46QBL_20201106T054822_3,S2B_MSIL2A_20191014T042729_R133_T46QBL_20201106T054822,S1A_IW_GRDH_1SDV_20191013T235612_20191013T235637_029447_03597F_rtc,2019-10-14T04:27:29.024000Z,2019-10-13T23:56:25.341934Z,4.517689462777778,90.26974949146114,23.430425096179622,0.5631320106185457,0.0055999755859375,-11.028087615966797,-16.86251449584961,high
BD_20191014_S2B_MSIL2A_20191014T042729_R133_T46QBK_20201004T021632_0,S2B_MSIL2A_20191014T042729_R133_T46QBK_20201004T021632,S1A_IW_GRDH_1SDV_20191013T235637_20191013T235702_029447_03597F_rtc,2019-10-14T04:27:29.024000Z,2019-10-13T23:56:50.342280Z,4.510744922222222,90.16062256426592,22.05533341595048,0.007678985595703125,0.0,-8.498198509216309,-15.4027099609375,low
BD_20191014_S2B_MSIL2A_20191014T042729_R133_T46QBK_20201004T021632_1,S2B_MSIL2A_20191014T042729_R133_T46QBK_20201004T021632,S1A_IW_GRDH_1SDV_20191013T235637_20191013T235702_029447_03597F_rtc,2019-10-14T04:27:29.024000Z,2019-10-13T23:56:50.342280Z,4.510744922222222,90.20661630681283,22.05533341595048,0.027618408203125,0.0,-8.716333389282227,-15.200117111206055,low
BD_20191014_S2B_MSIL2A_20191014T042729_R133_T46QBK_20201004T021632_2,S2B_MSIL2A_20191014T042729_R133_T46QBK_20201004T021632,S1A_IW_GRDH_1SDV_20191013T235637_20191013T235702_029447_03597F_rtc,2019-10-14T04:27:29.024000Z,2019-10-13T23:56:50.342280Z,4.510744922222222,90.25261004935976,22.05533341595048,0.014080047607421875,0.0,-8.151780128479004,-14.821504592895508,low
BD_20191014_S2B_MSIL2A_20191014T042729_R133_T46QBK_20201004T021632_3,S2B_MSIL2A_20191014T042729_R133_T46QBK_20201004T021632,S1A_IW_GRDH_1SDV_20191013T235637_20191013T235702_029447_03597F_rtc,2019-10-14T04:27:29.024000Z,2019-10-13T23:56:50.342280Z,4.510744922222222,90.29860379190667,22.05533341595048,0.059078216552734375,0.0,-8.418252944946289,-14.749327659606934,high
BD_20191014_S2B_MSIL2A_20191014T042729_R133_T45RZH_20201106T054830_0,S2B_MSIL2A_20191014T042729_R133_T45RZH_20201106T054830,S1A_IW_GRDH_1SDV_20191013T235547_20191013T235612_029447_03597F_rtc,2019-10-14T04:27:29.024000Z,2019-10-13T23:56:00.342338Z,4.524633795000001,90.02426077382039,25.196569632840443,0.024750133516441595,1.52587890625e-05,-8.306234359741211,-14.205910682678223,low
BD_20191014_S2B_MSIL2A_20191014T042729_R133_T45RZH_20201106T054830_1,S2B_MSIL2A_20191014T042729_R133_T45RZH_20201106T054830,S1A_IW_GRDH_1SDV_20191013T235547_20191013T235612_029447_03597F_rtc,2019-10-14T04:27:29.024000Z,2019-10-13T23:56:00.342338Z,4.524633795000001,90.0702545163673,25.196569632840443,0.005555131629149179,0.0001678466796875,-8.05844497680664,-14.119060516357422,low
BD_20191014_S2B_MSIL2A_20191014T042729_R133_T45RZH_20201106T054830_2,S2B_MSIL2A_20191014T042729_R133_T45RZH_20201106T054830,S1A_IW_GRDH_1SDV_20191013T235547_20191013T235612_029447_03597F_rtc,2019-10-14T04:27:29.024000Z,2019-10-13T23:56:00.342338Z,4.524633795000001,90.11624825891423,25.196569632840443,0.005531500944169989,3.4332275390625e-05,-8.206669807434082,-14.249314308166504,low
BD_20191014_S2B_MSIL2A_20191014T042729_R133_T45RZH_20201106T054830_3,S2B_MSIL2A_20191014T042729_R133_T45RZH_20201106T054830,S1A_IW_GRDH_1SDV_20191013T235547_20191013T235612_029447_03597F_rtc,2019-10-14T04:27:29.024000Z,2019-10-13T23:56:00.342338Z,4.524633795000001,90.16224200146114,25.196569632840443,0.008244693027301723,0.0001373291015625,-7.628362655639648,-13.795318603515625,low
BD_20191014_S2B_MSIL2A_20191014T042729_R133_T45RYJ_20201004T021546_0,S2B_MSIL2A_20191014T042729_R133_T45RYJ_20201004T021546,S1A_IW_GRDH_1SDV_20191013T235547_20191013T235612_029447_03597F_rtc,2019-10-14T04:27:29.024000Z,2019-10-13T23:56:00.342338Z,4.524633795000001,89.7483562438204,25.242432583341202,0.0842982257252545,0.007343292236328125,-8.547444343566895,-14.733724594116211,high
BD_20191014_S2B_MSIL2A_20191014T042729_R133_T45RYJ_20201004T021546_1,S2B_MSIL2A_20191014T042729_R133_T45RYJ_20201004T021546,S1A_IW_GRDH_1SDV_20191013T235547_20191013T235612_029447_03597F_rtc,2019-10-14T04:27:29.024000Z,2019-10-13T23:56:00.342338Z,4.524633795000001,89.79434998636731,25.242432583341202,0.07355948239028261,6.103515625e-05,-8.74697494506836,-14.337181091308594,high
BD_20191014_S2B_MSIL2A_20191014T042729_R133_T45RYJ_20201004T021546_2,S2B_MSIL2A_20191014T042729_R133_T45RYJ_20201004T021546,S1A_IW_GRDH_1SDV_20191013T235547_20191013T235612_029447_03597F_rtc,2019-10-14T04:27:29.024000Z,2019-10-13T23:56:00.342338Z,4.524633795000001,89.84034372891423,25.242432583341202,0.03419729443092254,6.866455078125e-05,-7.816039562225342,-14.235729217529297,high
BD_20191014_S2B_MSIL2A_20191014T042729_R133_T45RYJ_20201004T021546_3,S2B_MSIL2A_20191014T042729_R133_T45RYJ_20201004T021546,S1A_IW_GRDH_1SDV_20191013T235547_20191013T235612_029447_03597F_rtc,2019-10-14T04:27:29.024000Z,2019-10-13T23:56:00.342338Z,4.524633795000001,89.88633747146115,25.242432583341202,0.06991302357518883,1.52587890625e-05,-7.699812889099121,-14.477977752685547,high
BD_20191014_S2B_MSIL2A_20191014T042729_R133_T45RYH_20201004T021550_0,S2B_MSIL2A_20191014T042729_R133_T45RYH_20201004T021550,S1A_IW_GRDH_1SDV_20191013T235547_20191013T235612_029447_03597F_rtc,2019-10-14T04:27:29.024000Z,2019-10-13T23:56:00.342338Z,4.524633795000001,89.71650909400806,25.222096126179622,0.5310000764584448,0.0021514892578125,-13.028395652770996,-19.449012756347656,high
BD_20191014_S2B_MSIL2A_20191014T042729_R133_T45RYH_20201004T021550_1,S2B_MSIL2A_20191014T042729_R133_T45RYH_20201004T021550,S1A_IW_GRDH_1SDV_20191013T235547_20191013T235612_029447_03597F_rtc,2019-10-14T04:27:29.024000Z,2019-10-13T23:56:00.342338Z,4.524633795000001,89.71650909400806,25.176102383632703,0.7321141817180785,0.0022735595703125,-14.431086540222168,-20.952451705932617,high
BD_20191014_S2B_MSIL2A_20191014T042729_R133_T45RYH_20201004T021550_2,S2B_MSIL2A_20191014T042729_R133_T45RYH_20201004T021550,S1A_IW_GRDH_1SDV_20191013T235547_20191013T235612_029447_03597F_rtc,2019-10-14T04:27:29.024000Z,2019-10-13T23:56:00.342338Z,4.524633795000001,89.71650909400806,25.130108641085783,0.620888246008786,0.0031280517578125,-13.78734302520752,-20.451244354248047,high
BD_20191014_S2B_MSIL2A_20191014T042729_R133_T45RYH_20201004T021550_3,S2B_MSIL2A_20191014T042729_R133_T45RYH_20201004T021550,S1A_IW_GRDH_1SDV_20191013T235547_20191013T235612_029447_03597F_rtc,2019-10-14T04:27:29.024000Z,2019-10-13T23:56:00.342338Z,4.524633795000001,89.71650909400806,25.084114898538864,0.43567315318214733,0.004352569580078125,-11.699165344238281,-18.005332946777344,high
BD_20191014_S2B_MSIL2A_20191014T042729_R133_T45QZG_20201004T021558_0,S2B_MSIL2A_20191014T042729_R133_T45QZG_20201004T021558,S1A_IW_GRDH_1SDV_20191013T235612_20191013T235637_029447_03597F_rtc,2019-10-14T04:27:29.024000Z,2019-10-13T23:56:25.341934Z,4.517689462777778,90.00385921382039,23.643216870988663,0.6920738220214844,0.0,-13.889379501342773,-19.01287078857422,high
BD_20191014_S2B_MSIL2A_20191014T042729_R133_T45QZG_20201004T021558_1,S2B_MSIL2A_20191014T042729_R133_T45QZG_20201004T021558,S1A_IW_GRDH_1SDV_20191013T235612_20191013T235637_029447_03597F_rtc,2019-10-14T04:27:29.024000Z,2019-10-13T23:56:25.341934Z,4.517689462777778,90.0498529563673,23.643216870988663,0.38980450817951817,0.000331878662109375,-11.1245698928833,-16.44712257385254,high
BD_20191014_S2B_MSIL2A_20191014T042729_R133_T45QZG_20201004T021558_2,S2B_MSIL2A_20191014T042729_R133_T45QZG_20201004T021558,S1A_IW_GRDH_1SDV_20191013T235612_20191013T235637_029447_03597F_rtc,2019-10-14T04:27:29.024000Z,2019-10-13T23:56:25.341934Z,4.517689462777778,90.09584669891423,23.643216870988663,0.013164721141374838,1.52587890625e-05,-6.080382347106934,-12.405084609985352,low
BD_20191014_S2B_MSIL2A_20191014T042729_R133_T45QZG_20201004T021558_3,S2B_MSIL2A_20191014T042729_R133_T45QZG_20201004T021558,S1A_IW_GRDH_1SDV_20191013T235612_20191013T235637_029447_03597F_rtc,2019-10-14T04:27:29.024000Z,2019-10-13T23:56:25.341934Z,4.517689462777778,90.14184044146114,23.643216870988663,0.03397369384765625,0.0,-6.243112087249756,-12.610481262207031,high
BD_20191014_S2B_MSIL2A_20191014T042729_R133_T45QZF_20201004T021553_0,S2B_MSIL2A_20191014T042729_R133_T45QZF_20201004T021553,S1A_IW_GRDH_1SDV_20191013T235612_20191013T235637_029447_03597F_rtc,2019-10-14T04:27:29.024000Z,2019-10-13T23:56:25.341934Z,4.517689462777778,89.98446321382039,23.45987032872654,0.015768710023810636,0.0195159912109375,-6.729720115661621,-13.3155517578125,low
BD_20191014_S2B_MSIL2A_20191014T042729_R133_T45QZF_20201004T021553_1,S2B_MSIL2A_20191014T042729_R133_T45QZF_20201004T021553,S1A_IW_GRDH_1SDV_20191013T235612_20191013T235637_029447_03597F_rtc,2019-10-14T04:27:29.024000Z,2019-10-13T23:56:25.341934Z,4.517689462777778,89.98446321382039,23.413876586179622,0.15458596247606113,6.866455078125e-05,-7.4305219650268555,-14.115716934204102,high
BD_20191014_S2B_MSIL2A_20191014T042729_R133_T45QZF_20201004T021553_2,S2B_MSIL2A_20191014T042729_R133_T45QZF_20201004T021553,S1A_IW_GRDH_1SDV_20191013T235612_20191013T235637_029447_03597F_rtc,2019-10-14T04:27:29.024000Z,2019-10-13T23:56:25.341934Z,4.517689462777778,90.0304569563673,23.413876586179622,0.14300918579101562,0.0,-7.438966751098633,-13.811513900756836,high
BD_20191014_S2B_MSIL2A_20191014T042729_R133_T45QZF_20201004T021553_3,S2B_MSIL2A_20191014T042729_R133_T45QZF_20201004T021553,S1A_IW_GRDH_1SDV_20191013T235612_20191013T235637_029447_03597F_rtc,2019-10-14T04:27:29.024000Z,2019-10-13T23:56:25.341934Z,4.517689462777778,90.07645069891423,23.413876586179622,0.20040512857682374,1.9073486328125e-05,-8.505570411682129,-14.410979270935059,high
BD_20191014_S2B_MSIL2A_20191014T042729_R133_T45QZE_20201004T021552_0,S2B_MSIL2A_20191014T042729_R133_T45QZE_20201004T021552,S1A_IW_GRDH_1SDV_20191013T235637_20191013T235702_029447_03597F_rtc,2019-10-14T04:27:29.024000Z,2019-10-13T23:56:50.342280Z,4.510744922222222,89.96990275509694,22.087298137805334,0.005184173583984375,0.0,-7.295388221740723,-14.53063678741455,low
BD_20191014_S2B_MSIL2A_20191014T042729_R133_T45QZE_20201004T021552_1,S2B_MSIL2A_20191014T042729_R133_T45QZE_20201004T021552,S1A_IW_GRDH_1SDV_20191013T235637_20191013T235702_029447_03597F_rtc,2019-10-14T04:27:29.024000Z,2019-10-13T23:56:50.342280Z,4.510744922222222,90.01589649764385,22.087298137805334,0.37802710084995345,4.57763671875e-05,-11.352596282958984,-17.03116226196289,high
BD_20191014_S2B_MSIL2A_20191014T042729_R133_T45QZE_20201004T021552_2,S2B_MSIL2A_20191014T042729_R133_T45QZE_20201004T021552,S1A_IW_GRDH_1SDV_20191013T235637_20191013T235702_029447_03597F_rtc,2019-10-14T04:27:29.024000Z,2019-10-13T23:56:50.342280Z,4.510744922222222,90.06189024019078,22.087298137805334,0.01181793212890625,0.0,-7.327995300292969,-14.636643409729004,low
BD_20191014_S2B_MSIL2A_20191014T042729_R133_T45QZE_20201004T021552_3,S2B_MSIL2A_20191014T042729_R133_T45QZE_20201004T021552,S1A_IW_GRDH_1SDV_20191013T235637_20191013T235702_029447_03597F_rtc,2019-10-14T04:27:29.024000Z,2019-10-13T23:56:50.342280Z,4.510744922222222,90.10788398273769,22.087298137805334,0.2785186767578125,0.0,-10.329635620117188,-16.671220779418945,high
BD_20191014_S2B_MSIL2A_20191014T042729_R133_T45QYG_20201004T021549_0,S2B_MSIL2A_20191014T042729_R133_T45QYG_20201004T021549,S1A_IW_GRDH_1SDV_20191013T235612_20191013T235637_029447_03597F_rtc,2019-10-14T04:27:29.024000Z,2019-10-13T23:56:25.341934Z,4.517689462777778,89.3640295563673,23.74529278752019,0.044891357421875,0.0,-8.025779724121094,-14.321798324584961,high
BD_20191014_S2B_MSIL2A_20191014T042729_R133_T45QYG_20201004T021549_1,S2B_MSIL2A_20191014T042729_R133_T45QYG_20201004T021549,S1A_IW_GRDH_1SDV_20191013T235612_20191013T235637_029447_03597F_rtc,2019-10-14T04:27:29.024000Z,2019-10-13T23:56:25.341934Z,4.517689462777778,89.41002329891423,23.74529278752019,0.029323577880859375,0.0,-7.7740302085876465,-13.88407039642334,low
BD_20191014_S2B_MSIL2A_20191014T042729_R133_T45QYG_20201004T021549_2,S2B_MSIL2A_20191014T042729_R133_T45QYG_20201004T021549,S1A_IW_GRDH_1SDV_20191013T235612_20191013T235637_029447_03597F_rtc,2019-10-14T04:27:29.024000Z,2019-10-13T23:56:25.341934Z,4.517689462777778,89.45601704146114,23.74529278752019,0.06545025902387293,2.288818359375e-05,-7.459095001220703,-14.085958480834961,high
BD_20191014_S2B_MSIL2A_20191014T042729_R133_T45QYG_20201004T021549_3,S2B_MSIL2A_20191014T042729_R133_T45QYG_20201004T021549,S1A_IW_GRDH_1SDV_20191013T235612_20191013T235637_029447_03597F_rtc,2019-10-14T04:27:29.024000Z,2019-10-13T23:56:25.341934Z,4.517689462777778,89.50201078400806,23.74529278752019,0.03724954601638919,7.62939453125e-05,-6.724621772766113,-13.235589981079102,high
BD_20191014_S2B_MSIL2A_20191014T042729_R133_T45QYF_20201004T021551_0,S2B_MSIL2A_20191014T042729_R133_T45QYF_20201004T021551,S1A_IW_GRDH_1SDV_20191013T235612_20191013T235637_029447_03597F_rtc,2019-10-14T04:27:29.024000Z,2019-10-13T23:56:25.341934Z,4.517689462777778,89.28962878400807,23.47025262872654,0.007388687398719037,0.0113067626953125,-8.982677459716797,-14.670149803161621,low
BD_20191014_S2B_MSIL2A_20191014T042729_R133_T45QYF_20201004T021551_1,S2B_MSIL2A_20191014T042729_R133_T45QYF_20201004T021551,S1A_IW_GRDH_1SDV_20191013T235612_20191013T235637_029447_03597F_rtc,2019-10-14T04:27:29.024000Z,2019-10-13T23:56:25.341934Z,4.517689462777778,89.28962878400807,23.424258886179622,0.18360137939453125,0.0,-8.75009822845459,-15.301651000976562,high
BD_20191014_S2B_MSIL2A_20191014T042729_R133_T45QYF_20201004T021551_2,S2B_MSIL2A_20191014T042729_R133_T45QYF_20201004T021551,S1A_IW_GRDH_1SDV_20191013T235612_20191013T235637_029447_03597F_rtc,2019-10-14T04:27:29.024000Z,2019-10-13T23:56:25.341934Z,4.517689462777778,89.28962878400807,23.378265143632703,0.01730399487289041,3.0517578125e-05,-8.693632125854492,-14.83966064453125,low
BD_20191014_S2B_MSIL2A_20191014T042729_R133_T45QYF_20201004T021551_3,S2B_MSIL2A_20191014T042729_R133_T45QYF_20201004T021551,S1A_IW_GRDH_1SDV_20191013T235612_20191013T235637_029447_03597F_rtc,2019-10-14T04:27:29.024000Z,2019-10-13T23:56:25.341934Z,4.517689462777778,89.28962878400807,23.332271401085784,0.014736175537109375,0.0,-7.993279457092285,-14.250732421875,low
BD_20191014_S2B_MSIL2A_20191014T042729_R133_T45QYE_20201004T021550_0,S2B_MSIL2A_20191014T042729_R133_T45QYE_20201004T021550,S1A_IW_GRDH_1SDV_20191013T235637_20191013T235702_029447_03597F_rtc,2019-10-14T04:27:29.024000Z,2019-10-13T23:56:50.342280Z,4.510744922222222,89.06377532482047,22.243973851743867,0.5180172275671593,2.288818359375e-05,-11.857319831848145,-18.948978424072266,high
BD_20191014_S2B_MSIL2A_20191014T042729_R133_T45QYE_20201004T021550_1,S2B_MSIL2A_20191014T042729_R133_T45QYE_20201004T021550,S1A_IW_GRDH_1SDV_20191013T235637_20191013T235702_029447_03597F_rtc,2019-10-14T04:27:29.024000Z,2019-10-13T23:56:50.342280Z,4.510744922222222,89.10976906736738,22.243973851743867,0.42754026812351686,9.918212890625e-05,-11.100337982177734,-18.14052963256836,high
BD_20191014_S2B_MSIL2A_20191014T042729_R133_T45QYE_20201004T021550_2,S2B_MSIL2A_20191014T042729_R133_T45QYE_20201004T021550,S1A_IW_GRDH_1SDV_20191013T235637_20191013T235702_029447_03597F_rtc,2019-10-14T04:27:29.024000Z,2019-10-13T23:56:50.342280Z,4.510744922222222,89.15576280991431,22.243973851743867,0.3660854635635254,0.0001678466796875,-10.42874526977539,-16.923341751098633,high
BD_20191014_S2B_MSIL2A_20191014T042729_R133_T45QYE_20201004T021550_3,S2B_MSIL2A_20191014T042729_R133_T45QYE_20201004T021550,S1A_IW_GRDH_1SDV_20191013T235637_20191013T235702_029447_03597F_rtc,2019-10-14T04:27:29.024000Z,2019-10-13T23:56:50.342280Z,4.510744922222222,89.20175655246122,22.243973851743867,0.34770268414386646,4.57763671875e-05,-9.29499626159668,-14.975729942321777,high
BD_20191009_S2A_MSIL2A_20191009T042711_R133_T46QDL_20201004T001402_0,S2A_MSIL2A_20191009T042711_R133_T46QDL_20201004T001402,S1A_IW_GRDH_1SDV_20191008T234755_20191008T234820_029374_0356F9_rtc,2019-10-09T04:27:11.024000Z,2019-10-08T23:48:07.928256Z,4.650859928888888,92.08914614382039,23.255059095991943,0.0068435508427245675,0.00278472900390625,-6.772712230682373,-13.222636222839355,low
BD_20191009_S2A_MSIL2A_20191009T042711_R133_T46QCM_20201004T001417_0,S2A_MSIL2A_20191009T042711_R133_T46QCM_20201004T001417,S1A_IW_GRDH_1SDV_20191008T234755_20191008T234820_029374_0356F9_rtc,2019-10-09T04:27:11.024000Z,2019-10-08T23:48:07.928256Z,4.650859928888888,91.23916949585343,23.9914814179656,0.1981525938780354,0.019588470458984375,-9.338907241821289,-16.335609436035156,high
BD_20191006_S2A_MSIL2A_20191006T041631_R090_T46RDN_20201003T230636_0,S2A_MSIL2A_20191006T041631_R090_T46RDN_20201003T230636,S1A_IW_GRDH_1SDV_20191006T115632_20191006T115657_029338_0355BB_rtc,2019-10-06T04:16:31.024000Z,2019-10-06T11:56:45.002814Z,7.670549670555555,92.26579568400807,25.021267479632744,0.056178203354525814,0.0183868408203125,-8.02120304107666,-14.478559494018555,high
BD_20191004_S2B_MSIL2A_20191004T042709_R133_T45QYE_20201003T223244_0,S2B_MSIL2A_20191004T042709_R133_T45QYE_20201003T223244,S1A_IW_GRDH_1SDV_20191004T121206_20191004T121231_029309_0354B0_rtc,2019-10-04T04:27:09.024000Z,2019-10-04T12:12:18.956101Z,7.752758916944444,89.09193954282038,22.050264258538864,0.21741571102888108,0.001056671142578125,-9.224266052246094,-14.27333927154541,high
BD_20191004_S2B_MSIL2A_20191004T042709_R133_T45QYE_20201003T223244_1,S2B_MSIL2A_20191004T042709_R133_T45QYE_20201003T223244,S1A_IW_GRDH_1SDV_20191004T121206_20191004T121231_029309_0354B0_rtc,2019-10-04T04:27:09.024000Z,2019-10-04T12:12:18.956101Z,7.752758916944444,89.1379332853673,22.004270515991944,0.14726450500011656,0.01811981201171875,-8.528707504272461,-13.848386764526367,high
BD_20190922_S2A_MSIL2A_20190922T043701_R033_T45QXG_20201004T155721_0,S2A_MSIL2A_20190922T043701_R033_T45QXG_20201004T155721,S1A_IW_GRDH_1SDV_20190922T121231_20190922T121256_029134_034EAB_rtc,2019-09-22T04:37:01.024000Z,2019-09-22T12:12:43.564020Z,7.595150005555555,88.84500268346129,23.607917952856138,0.009594866421409286,0.00247955322265625,-7.900718688964844,-14.065841674804688,low
BD_20190922_S2A_MSIL2A_20190922T043701_R033_T45QXG_20201004T155721_1,S2A_MSIL2A_20190922T043701_R033_T45QXG_20201004T155721,S1A_IW_GRDH_1SDV_20190922T121231_20190922T121256_029134_034EAB_rtc,2019-09-22T04:37:01.024000Z,2019-09-22T12:12:43.564020Z,7.595150005555555,88.70702145582054,23.56192421030922,0.047798171835196204,0.007183074951171875,-9.799166679382324,-15.993242263793945,high
BD_20190922_S2A_MSIL2A_20190922T043701_R033_T45QXG_20201004T155721_2,S2A_MSIL2A_20190922T043701_R033_T45QXG_20201004T155721,S1A_IW_GRDH_1SDV_20190922T121231_20190922T121256_029134_034EAB_rtc,2019-09-22T04:37:01.024000Z,2019-09-22T12:12:43.564020Z,7.595150005555555,88.84500268346129,23.56192421030922,0.014903187496846656,0.017093658447265625,-8.341850280761719,-14.260801315307617,low
BD_20190922_S2A_MSIL2A_20190922T043701_R033_T45QXG_20201004T155721_3,S2A_MSIL2A_20190922T043701_R033_T45QXG_20201004T155721,S1A_IW_GRDH_1SDV_20190922T121231_20190922T121256_029134_034EAB_rtc,2019-09-22T04:37:01.024000Z,2019-09-22T12:12:43.564020Z,7.595150005555555,88.89099642600821,23.56192421030922,0.007098337281147481,0.012783050537109375,-8.589387893676758,-14.756489753723145,low
BD_20190922_S2A_MSIL2A_20190922T043701_R033_T45QXF_20201004T155721_0,S2A_MSIL2A_20190922T043701_R033_T45QXF_20201004T155721,S1A_IW_GRDH_1SDV_20190922T121231_20190922T121256_029134_034EAB_rtc,2019-09-22T04:37:01.024000Z,2019-09-22T12:12:43.564020Z,7.595150005555555,88.85750567091438,23.477160472515266,0.01095795895901328,0.01586151123046875,-8.127975463867188,-14.191097259521484,low
BD_20190922_S2A_MSIL2A_20190922T043701_R033_T45QXF_20201004T155721_1,S2A_MSIL2A_20190922T043701_R033_T45QXF_20201004T155721,S1A_IW_GRDH_1SDV_20190922T121231_20190922T121256_029134_034EAB_rtc,2019-09-22T04:37:01.024000Z,2019-09-22T12:12:43.564020Z,7.595150005555555,88.81151192836745,23.431166729968346,0.012655140642783589,0.01461029052734375,-8.256546020507812,-14.248092651367188,low
BD_20190922_S2A_MSIL2A_20190922T043701_R033_T45QXF_20201004T155721_2,S2A_MSIL2A_20190922T043701_R033_T45QXF_20201004T155721,S1A_IW_GRDH_1SDV_20190922T121231_20190922T121256_029134_034EAB_rtc,2019-09-22T04:37:01.024000Z,2019-09-22T12:12:43.564020Z,7.595150005555555,88.90349941346129,23.431166729968346,0.015353129617679963,0.000926971435546875,-7.58040189743042,-13.837392807006836,low
BD_20190922_S2A_MSIL2A_20190922T043701_R033_T45QXF_20201004T155721_3,S2A_MSIL2A_20190922T043701_R033_T45QXF_20201004T155721,S1A_IW_GRDH_1SDV_20190922T121231_20190922T121256_029134_034EAB_rtc,2019-09-22T04:37:01.024000Z,2019-09-22T12:12:43.564020Z,7.595150005555555,88.94949315600822,23.431166729968346,0.07394937406262435,0.002960205078125,-8.181138038635254,-14.287374496459961,high
BD_20190919_S2A_MSIL2A_20190919T042701_R133_T46RCN_20201004T144846_0,S2A_MSIL2A_20190919T042701_R133_T46RCN_20201004T144846,S1A_IW_GRDH_1SDV_20190919T235522_20190919T235547_029097_034D72_rtc,2019-09-19T04:27:01.024000Z,2019-09-19T23:55:34.839305Z,19.476059806944445,91.2222654749561,25.136705582179697,0.2661012810828545,8.392333984375e-05,-9.737386703491211,-16.1329345703125,high
BD_20190919_S2A_MSIL2A_20190919T042701_R133_T46RCN_20201004T144846_1,S2A_MSIL2A_20190919T042701_R133_T46RCN_20201004T144846,S1A_IW_GRDH_1SDV_20190919T235522_20190919T235547_029097_034D72_rtc,2019-09-19T04:27:01.024000Z,2019-09-19T23:55:34.839305Z,19.476059806944445,91.26825921750303,25.136705582179697,0.2086116900250473,0.002437591552734375,-9.55138111114502,-15.604042053222656,high
BD_20190919_S2A_MSIL2A_20190919T042701_R133_T46RCN_20201004T144846_2,S2A_MSIL2A_20190919T042701_R133_T46RCN_20201004T144846,S1A_IW_GRDH_1SDV_20190919T235522_20190919T235547_029097_034D72_rtc,2019-09-19T04:27:01.024000Z,2019-09-19T23:55:34.839305Z,19.476059806944445,91.2222654749561,25.090711839632778,0.7866054191815525,0.00014495849609375,-13.694168090820312,-19.88414192199707,high
BD_20190919_S2A_MSIL2A_20190919T042701_R133_T46RCN_20201004T144846_3,S2A_MSIL2A_20190919T042701_R133_T46RCN_20201004T144846,S1A_IW_GRDH_1SDV_20190919T235522_20190919T235547_029097_034D72_rtc,2019-09-19T04:27:01.024000Z,2019-09-19T23:55:34.839305Z,19.476059806944445,91.26825921750303,25.090711839632778,0.7842019730366911,3.814697265625e-05,-14.012395858764648,-19.704177856445312,high
BD_20190919_S2A_MSIL2A_20190919T042701_R133_T46QCM_20201004T144842_0,S2A_MSIL2A_20190919T042701_R133_T46QCM_20201004T144842,S1A_IW_GRDH_1SDV_20190919T235547_20190919T235612_029097_034D72_rtc,2019-09-19T04:27:01.024000Z,2019-09-19T23:55:59.839605Z,19.48300433472222,91.28071600400807,24.38046192710483,0.6823087734306971,0.0011749267578125,-13.451848030090332,-18.544221878051758,high
BD_20190919_S2A_MSIL2A_20190919T042701_R133_T46QCM_20201004T144842_1,S2A_MSIL2A_20190919T042701_R133_T46QCM_20201004T144842,S1A_IW_GRDH_1SDV_20190919T235547_20190919T235612_029097_034D72_rtc,2019-09-19T04:27:01.024000Z,2019-09-19T23:55:59.839605Z,19.48300433472222,91.23472226146114,24.28847444201099,0.5482404927078325,0.00031280517578125,-11.874702453613281,-17.57809829711914,high
BD_20190919_S2A_MSIL2A_20190919T042701_R133_T46QCM_20201004T144842_2,S2A_MSIL2A_20190919T042701_R133_T46QCM_20201004T144842,S1A_IW_GRDH_1SDV_20190919T235547_20190919T235612_029097_034D72_rtc,2019-09-19T04:27:01.024000Z,2019-09-19T23:55:59.839605Z,19.48300433472222,91.28071600400807,24.28847444201099,0.03491536421060667,0.000530242919921875,-8.125314712524414,-13.58327579498291,high
BD_20190919_S2A_MSIL2A_20190919T042701_R133_T46QCM_20201004T144842_3,S2A_MSIL2A_20190919T042701_R133_T46QCM_20201004T144842,S1A_IW_GRDH_1SDV_20190919T235547_20190919T235612_029097_034D72_rtc,2019-09-19T04:27:01.024000Z,2019-09-19T23:55:59.839605Z,19.48300433472222,91.23472226146114,24.24248069946407,0.11941594226731579,0.002529144287109375,-8.80626106262207,-14.193511962890625,high
BD_20190919_S2A_MSIL2A_20190919T042701_R133_T46QBL_20201004T144842_0,S2A_MSIL2A_20190919T042701_R133_T46QBL_20201004T144842,S1A_IW_GRDH_1SDV_20190919T235612_20190919T235637_029097_034D72_rtc,2019-09-19T04:27:01.024000Z,2019-09-19T23:56:24.839909Z,19.48994886361111,90.13176826382039,23.430425096179622,0.4054152301434546,0.003078460693359375,-9.98006534576416,-16.347373962402344,high
BD_20190919_S2A_MSIL2A_20190919T042701_R133_T46QBL_20201004T144842_1,S2A_MSIL2A_20190919T042701_R133_T46QBL_20201004T144842,S1A_IW_GRDH_1SDV_20190919T235612_20190919T235637_029097_034D72_rtc,2019-09-19T04:27:01.024000Z,2019-09-19T23:56:24.839909Z,19.48994886361111,90.1777620063673,23.430425096179622,0.6056950217907929,0.01441192626953125,-12.266925811767578,-18.499984741210938,high
BD_20190919_S2A_MSIL2A_20190919T042701_R133_T46QBL_20201004T144842_2,S2A_MSIL2A_20190919T042701_R133_T46QBL_20201004T144842,S1A_IW_GRDH_1SDV_20190919T235612_20190919T235637_029097_034D72_rtc,2019-09-19T04:27:01.024000Z,2019-09-19T23:56:24.839909Z,19.48994886361111,90.22375574891423,23.430425096179622,0.533765966453457,0.017742156982421875,-11.624208450317383,-17.683460235595703,high
BD_20190919_S2A_MSIL2A_20190919T042701_R133_T45QYG_20201004T144834_0,S2A_MSIL2A_20190919T042701_R133_T45QYG_20201004T144834,S1A_IW_GRDH_1SDV_20190919T235547_20190919T235612_029097_034D72_rtc,2019-09-19T04:27:01.024000Z,2019-09-19T23:55:59.839605Z,19.48300433472222,89.50580692956092,24.231123201085783,0.7510538704225782,5.7220458984375e-05,-15.67668342590332,-21.176115036010742,high
BD_20190919_S2A_MSIL2A_20190919T042701_R133_T45QYG_20201004T144834_1,S2A_MSIL2A_20190919T042701_R133_T45QYG_20201004T144834,S1A_IW_GRDH_1SDV_20190919T235547_20190919T235612_029097_034D72_rtc,2019-09-19T04:27:01.024000Z,2019-09-19T23:55:59.839605Z,19.48300433472222,89.45981318701399,24.185129458538864,0.5438823738039614,0.01047515869140625,-13.119325637817383,-19.250957489013672,high
BD_20190919_S2A_MSIL2A_20190919T042701_R133_T45QYG_20201004T144834_2,S2A_MSIL2A_20190919T042701_R133_T45QYG_20201004T144834,S1A_IW_GRDH_1SDV_20190919T235547_20190919T235612_029097_034D72_rtc,2019-09-19T04:27:01.024000Z,2019-09-19T23:55:59.839605Z,19.48300433472222,89.55180067210783,24.185129458538864,0.8141417927573704,0.0026397705078125,-15.605956077575684,-20.51898956298828,high
BD_20190919_S2A_MSIL2A_20190919T042701_R133_T45QYG_20201004T144834_3,S2A_MSIL2A_20190919T042701_R133_T45QYG_20201004T144834,S1A_IW_GRDH_1SDV_20190919T235547_20190919T235612_029097_034D72_rtc,2019-09-19T04:27:01.024000Z,2019-09-19T23:55:59.839605Z,19.48300433472222,89.50580692956092,24.139135715991944,0.3767802979721867,0.000148773193359375,-10.593208312988281,-17.077423095703125,high
BD_20190919_S2A_MSIL2A_20190919T042701_R133_T45QYF_20201004T144840_0,S2A_MSIL2A_20190919T042701_R133_T45QYF_20201004T144840,S1A_IW_GRDH_1SDV_20190919T235612_20190919T235637_029097_034D72_rtc,2019-09-19T04:27:01.024000Z,2019-09-19T23:56:24.839909Z,19.48994886361111,89.24184644146113,23.240309415991945,0.007176412723125245,0.015018463134765625,-8.43522834777832,-14.75687313079834,low
BD_20200801_S2A_MSIL2A_20200801T041601_R090_T46QCK_20200815T165700_0,S2A_MSIL2A_20200801T041601_R090_T46QCK_20200815T165700,S1A_IW_GRDH_1SDV_20200801T115546_20200801T115611_033713_03E848_rtc,2020-08-01T04:16:01.024000Z,2020-08-01T11:55:58.658525Z,7.6660095902777785,92.08213244300818,22.086190289286314,0.1079556242710283,0.015544891357421875,-7.556476593017578,-14.10435676574707,high
BD_20201015_S2B_MSIL2A_20201015T041739_R090_T46RDN_20201019T094119_0,S2B_MSIL2A_20201015T041739_R090_T46RDN_20201019T094119,S1A_IW_GRDH_1SDV_20201014T234737_20201014T234802_034799_040E3A_rtc,2020-10-15T04:17:39.024000Z,2020-10-14T23:47:49.563573Z,4.497072340833333,92.21987034146115,24.975273737085825,0.06437223373426099,0.011425018310546875,-8.971619606018066,-14.551254272460938,high
BD_20201015_S2B_MSIL2A_20201015T041739_R090_T46RDN_20201019T094119_1,S2B_MSIL2A_20201015T041739_R090_T46RDN_20201019T094119,S1A_IW_GRDH_1SDV_20201014T234737_20201014T234802_034799_040E3A_rtc,2020-10-15T04:17:39.024000Z,2020-10-14T23:47:49.563573Z,4.497072340833333,92.26586408400807,24.975273737085825,0.11285459332831435,0.001796722412109375,-8.745494842529297,-14.477315902709961,high
BD_20201013_S2A_MSIL2A_20201013T042731_R133_T46RBN_20201020T013450_0,S2A_MSIL2A_20201013T042731_R133_T46RBN_20201020T013450,S1A_IW_GRDH_1SDV_20201012T115704_20201012T115729_034763_040CF1_rtc,2020-10-13T04:27:31.024000Z,2020-10-12T11:57:16.558565Z,16.50401817638889,91.07653954326217,25.17539377472666,0.7801693880665345,9.1552734375e-05,-17.617008209228516,-20.451522827148438,high
BD_20201013_S2A_MSIL2A_20201013T042731_R133_T46RBN_20201020T013450_1,S2A_MSIL2A_20201013T042731_R133_T46RBN_20201020T013450,S1A_IW_GRDH_1SDV_20201012T115704_20201012T115729_034763_040CF1_rtc,2020-10-13T04:27:31.024000Z,2020-10-12T11:57:16.558565Z,16.50401817638889,90.93855831562142,25.129400032179742,0.5348441494029225,0.00012969970703125,-12.45238208770752,-17.50002670288086,high
BD_20201013_S2A_MSIL2A_20201013T042731_R133_T46RBN_20201020T013450_2,S2A_MSIL2A_20201013T042731_R133_T46RBN_20201020T013450,S1A_IW_GRDH_1SDV_20201012T115704_20201012T115729_034763_040CF1_rtc,2020-10-13T04:27:31.024000Z,2020-10-12T11:57:16.558565Z,16.50401817638889,90.98455205816833,25.129400032179742,0.7996788024902344,0.0,-15.684741973876953,-19.72504425048828,high
BD_20201013_S2A_MSIL2A_20201013T042731_R133_T46QCK_20201015T061808_0,S2A_MSIL2A_20201013T042731_R133_T46QCK_20201015T061808,S1A_IW_GRDH_1SDV_20201012T115614_20201012T115639_034763_040CF1_rtc,2020-10-13T04:27:31.024000Z,2020-10-12T11:56:26.558924Z,16.517906965555557,91.66768641496671,22.53437639617962,0.6538893880519804,0.019252777099609375,-12.588071823120117,-19.28189468383789,high
BD_20201013_S2A_MSIL2A_20201013T042731_R133_T46QCK_20201015T061808_1,S2A_MSIL2A_20201013T042731_R133_T46QCK_20201015T061808,S1A_IW_GRDH_1SDV_20201012T115614_20201012T115639_034763_040CF1_rtc,2020-10-13T04:27:31.024000Z,2020-10-12T11:56:26.558924Z,16.517906965555557,91.52970518732594,22.4883826536327,0.1551678006268634,0.0019989013671875,-8.332698822021484,-14.824990272521973,high
BD_20201013_S2A_MSIL2A_20201013T042731_R133_T45RZH_20201020T014653_0,S2A_MSIL2A_20201013T042731_R133_T45RZH_20201020T014653,S1A_IW_GRDH_1SDV_20201012T115704_20201012T115729_034763_040CF1_rtc,2020-10-13T04:27:31.024000Z,2020-10-12T11:57:16.558565Z,16.50401817638889,90.93855831562142,25.12312344517974,0.6327407294368992,9.1552734375e-05,-13.414508819580078,-18.087860107421875,high
BD_20201013_S2A_MSIL2A_20201013T042731_R133_T45RZH_20201020T014653_1,S2A_MSIL2A_20201013T042731_R133_T45RZH_20201020T014653,S1A_IW_GRDH_1SDV_20201012T115704_20201012T115729_034763_040CF1_rtc,2020-10-13T04:27:31.024000Z,2020-10-12T11:57:16.558565Z,16.50401817638889,90.98455205816833,25.12312344517974,0.8288841247558594,0.0,-15.887151718139648,-19.94716453552246,high
BD_20201011_S2B_MSIL2A_20201011T043719_R033_T45RYJ_20201014T022018_0,S2B_MSIL2A_20201011T043719_R033_T45RYJ_20201014T022018,S1A_IW_GRDH_1SDV_20201010T121327_20201010T121352_034734_040BED_rtc,2020-10-11T04:37:19.024000Z,2020-10-10T12:13:40.446181Z,16.394049394166665,89.05392057559916,26.18300362872654,0.24055554908786103,0.016986846923828125,-11.083084106445312,-16.76695442199707,high
BD_20201011_S2B_MSIL2A_20201011T043719_R033_T45RYJ_20201014T022018_1,S2B_MSIL2A_20201011T043719_R033_T45RYJ_20201014T022018,S1A_IW_GRDH_1SDV_20201010T121327_20201010T121352_034734_040BED_rtc,2020-10-11T04:37:19.024000Z,2020-10-10T12:13:40.446181Z,16.394049394166665,89.05392057559916,26.13700988617962,0.06018829345703125,0.0,-9.434327125549316,-15.428468704223633,high
BD_20201011_S2B_MSIL2A_20201011T043719_R033_T45RYJ_20201014T022018_2,S2B_MSIL2A_20201011T043719_R033_T45RYJ_20201014T022018,S1A_IW_GRDH_1SDV_20201010T121327_20201010T121352_034734_040BED_rtc,2020-10-11T04:37:19.024000Z,2020-10-10T12:13:40.446181Z,16.394049394166665,89.09991431814608,26.04502240108578,0.32659372574932194,0.00702667236328125,-13.105552673339844,-18.03251838684082,high
BD_20201011_S2B_MSIL2A_20201011T043719_R033_T45RYJ_20201014T022018_3,S2B_MSIL2A_20201011T043719_R033_T45RYJ_20201014T022018,S1A_IW_GRDH_1SDV_20201010T121327_20201010T121352_034734_040BED_rtc,2020-10-11T04:37:19.024000Z,2020-10-10T12:13:40.446181Z,16.394049394166665,89.09991431814608,25.99902865853886,0.2189263327368939,0.000125885009765625,-11.409677505493164,-16.63329315185547,high
BD_20201008_S2B_MSIL2A_20201008T042709_R133_T46RCN_20201010T103919_0,S2B_MSIL2A_20201008T042709_R133_T46RCN_20201010T103919,S1A_IW_GRDH_1SDV_20201007T235554_20201007T235619_034697_040A9F_rtc,2020-10-08T04:27:09.024000Z,2020-10-07T23:56:06.864372Z,4.517266563333333,91.22372347924153,24.97598390397521,0.8251047334162552,0.00019073486328125,-15.429201126098633,-20.737213134765625,high
BD_20201008_S2B_MSIL2A_20201008T042709_R133_T46RCN_20201010T103919_1,S2B_MSIL2A_20201008T042709_R133_T46RCN_20201010T103919,S1A_IW_GRDH_1SDV_20201007T235554_20201007T235619_034697_040A9F_rtc,2020-10-08T04:27:09.024000Z,2020-10-07T23:56:06.864372Z,4.517266563333333,91.26971722178845,24.97598390397521,0.7815731564692847,0.0084228515625,-14.82722282409668,-20.004833221435547,high
BD_20201008_S2B_MSIL2A_20201008T042709_R133_T46RBN_20201010T103924_0,S2B_MSIL2A_20201008T042709_R133_T46RBN_20201010T103924,S1A_IW_GRDH_1SDV_20201007T235554_20201007T235619_034697_040A9F_rtc,2020-10-08T04:27:09.024000Z,2020-10-07T23:56:06.864372Z,4.517266563333333,90.2743953770882,25.143308606872267,0.05729956999522217,0.001979827880859375,-7.669693470001221,-14.192784309387207,high
BD_20201008_S2B_MSIL2A_20201008T042709_R133_T46RBN_20201010T103924_1,S2B_MSIL2A_20201008T042709_R133_T46RBN_20201010T103924,S1A_IW_GRDH_1SDV_20201007T235554_20201007T235619_034697_040A9F_rtc,2020-10-08T04:27:09.024000Z,2020-10-07T23:56:06.864372Z,4.517266563333333,90.09042040690052,25.097314864325348,0.24753210095408765,0.008029937744140625,-7.6809892654418945,-14.977615356445312,high
BD_20201008_S2B_MSIL2A_20201008T042709_R133_T46QBL_20201010T103924_0,S2B_MSIL2A_20201008T042709_R133_T46QBL_20201010T103924,S1A_IW_GRDH_1SDV_20201007T235619_20201007T235644_034697_040A9F_rtc,2020-10-08T04:27:09.024000Z,2020-10-07T23:56:31.864713Z,4.510322024166666,90.26974949146114,23.430425096179622,0.7345873168304129,0.018833160400390625,-12.365293502807617,-18.292457580566406,high
BD_20201008_S2B_MSIL2A_20201008T042709_R133_T45RZH_20201027T125009_0,S2B_MSIL2A_20201008T042709_R133_T45RZH_20201027T125009,S1A_IW_GRDH_1SDV_20201007T235554_20201007T235619_034697_040A9F_rtc,2020-10-08T04:27:09.024000Z,2020-10-07T23:56:06.864372Z,4.517266563333333,90.02426077382039,25.150551518038817,0.4537609307131513,0.003200531005859375,-10.724443435668945,-16.765914916992188,high
BD_20201008_S2B_MSIL2A_20201008T042709_R133_T45RZH_20201027T125009_1,S2B_MSIL2A_20201008T042709_R133_T45RZH_20201027T125009,S1A_IW_GRDH_1SDV_20201007T235554_20201007T235619_034697_040A9F_rtc,2020-10-08T04:27:09.024000Z,2020-10-07T23:56:06.864372Z,4.517266563333333,90.0702545163673,25.104557775491898,0.31714368538022997,0.013042449951171875,-9.124629974365234,-15.841302871704102,high
BD_20211031_S2A_MSIL2A_20211031T043931_R033_T45QYG_20211031T144226_0,S2A_MSIL2A_20211031T043931_R033_T45QYG_20211031T144226,S1A_IW_GRDH_1SDV_20211101T000407_20211101T000432_040370_04C8E9_rtc,2021-10-31T04:39:31.024000Z,2021-11-01T00:04:19.702320Z,19.413521755555557,89.0337914400953,24.377589228726542,0.058597603125412616,0.01770782470703125,-7.097066402435303,-13.698493003845215,high
BD_20211031_S2A_MSIL2A_20211031T043931_R033_T45QYG_20211031T144226_1,S2A_MSIL2A_20211031T043931_R033_T45QYG_20211031T144226,S1A_IW_GRDH_1SDV_20211101T000407_20211101T000432_040370_04C8E9_rtc,2021-10-31T04:39:31.024000Z,2021-11-01T00:04:19.702320Z,19.413521755555557,89.0337914400953,24.331595486179623,0.040585802789391764,3.0517578125e-05,-7.013056755065918,-13.481841087341309,high
BD_20211031_S2A_MSIL2A_20211031T043931_R033_T45QYG_20211031T144226_2,S2A_MSIL2A_20211031T043931_R033_T45QYG_20211031T144226,S1A_IW_GRDH_1SDV_20211101T000407_20211101T000432_040370_04C8E9_rtc,2021-10-31T04:39:31.024000Z,2021-11-01T00:04:19.702320Z,19.413521755555557,89.07978518264221,24.331595486179623,0.045688417966960826,0.000579833984375,-6.987009048461914,-13.393845558166504,high
BD_20211031_S2A_MSIL2A_20211031T043931_R033_T45QYG_20211031T144226_3,S2A_MSIL2A_20211031T043931_R033_T45QYG_20211031T144226,S1A_IW_GRDH_1SDV_20211101T000407_20211101T000432_040370_04C8E9_rtc,2021-10-31T04:39:31.024000Z,2021-11-01T00:04:19.702320Z,19.413521755555557,89.12577892518914,24.331595486179623,0.14646996436773715,8.392333984375e-05,-7.201968193054199,-13.860790252685547,high
BD_20211031_S2A_MSIL2A_20211031T043931_R033_T45QYF_20211031T152155_0,S2A_MSIL2A_20211031T043931_R033_T45QYF_20211031T152155,S1A_IW_GRDH_1SDV_20211101T000432_20211101T000457_040370_04C8E9_rtc,2021-10-31T04:39:31.024000Z,2021-11-01T00:04:44.702706Z,19.420466307222224,89.01822388002763,23.47524932872654,0.0432227047146402,0.01611328125,-7.7478790283203125,-13.424445152282715,high
BD_20211031_S2A_MSIL2A_20211031T043931_R033_T45QXF_20211031T144847_0,S2A_MSIL2A_20211031T043931_R033_T45QXF_20211031T144847,S1A_IW_GRDH_1SDV_20211101T000432_20211101T000457_040370_04C8E9_rtc,2021-10-31T04:39:31.024000Z,2021-11-01T00:04:44.702706Z,19.420466307222224,88.81151192836745,23.431166729968346,0.03131606866179715,0.00040435791015625,-6.75454568862915,-13.354470252990723,high
BD_20211031_S2A_MSIL2A_20211031T043931_R033_T45QXF_20211031T144847_1,S2A_MSIL2A_20211031T043931_R033_T45QXF_20211031T144847,S1A_IW_GRDH_1SDV_20211101T000432_20211101T000457_040370_04C8E9_rtc,2021-10-31T04:39:31.024000Z,2021-11-01T00:04:44.702706Z,19.420466307222224,88.94949315600822,23.431166729968346,0.09057893612475967,3.0517578125e-05,-7.909847736358643,-14.215356826782227,high
BD_20211031_S2A_MSIL2A_20211031T043931_R033_T45QXF_20211031T144847_2,S2A_MSIL2A_20211031T043931_R033_T45QXF_20211031T144847,S1A_IW_GRDH_1SDV_20211101T000432_20211101T000457_040370_04C8E9_rtc,2021-10-31T04:39:31.024000Z,2021-11-01T00:04:44.702706Z,19.420466307222224,88.81151192836745,23.385172987421427,0.03857421875,0.0,-8.09324836730957,-13.741771697998047,high
BD_20211031_S2A_MSIL2A_20211031T043931_R033_T45QXF_20211031T144847_3,S2A_MSIL2A_20211031T043931_R033_T45QXF_20211031T144847,S1A_IW_GRDH_1SDV_20211101T000432_20211101T000457_040370_04C8E9_rtc,2021-10-31T04:39:31.024000Z,2021-11-01T00:04:44.702706Z,19.420466307222224,88.85750567091438,23.385172987421427,0.03279876708984375,0.0,-7.9550065994262695,-13.81493854522705,high
BD_20211026_S2B_MSIL2A_20211026T043859_R033_T45QYF_20211026T154823_0,S2B_MSIL2A_20211026T043859_R033_T45QYF_20211026T154823,S1A_IW_GRDH_1SDV_20211026T235625_20211026T235650_040297_04C664_rtc,2021-10-26T04:38:59.024000Z,2021-10-26T23:56:37.573045Z,19.294041401388892,89.15161238124678,23.337268101085783,0.030429711408543416,0.009021759033203125,-7.8971147537231445,-13.643688201904297,high
BD_20211026_S2B_MSIL2A_20211026T043859_R033_T45QYF_20211026T154823_1,S2B_MSIL2A_20211026T043859_R033_T45QYF_20211026T154823,S1A_IW_GRDH_1SDV_20211026T235625_20211026T235650_040297_04C664_rtc,2021-10-26T04:38:59.024000Z,2021-10-26T23:56:37.573045Z,19.294041401388892,89.10561863869987,23.291274358538864,0.0428349152014937,0.019317626953125,-7.773281574249268,-14.076765060424805,high
BD_20211026_S2B_MSIL2A_20211026T043859_R033_T45QYF_20211026T154823_2,S2B_MSIL2A_20211026T043859_R033_T45QYF_20211026T154823,S1A_IW_GRDH_1SDV_20211026T235625_20211026T235650_040297_04C664_rtc,2021-10-26T04:38:59.024000Z,2021-10-26T23:56:37.573045Z,19.294041401388892,89.05962489615294,23.245280615991945,0.05973019870397101,0.006317138671875,-8.748265266418457,-14.577167510986328,high
BD_20211026_S2B_MSIL2A_20211026T043859_R033_T45QYF_20211026T154823_3,S2B_MSIL2A_20211026T043859_R033_T45QYF_20211026T154823,S1A_IW_GRDH_1SDV_20211026T235625_20211026T235650_040297_04C664_rtc,2021-10-26T04:38:59.024000Z,2021-10-26T23:56:37.573045Z,19.294041401388892,89.10561863869987,23.245280615991945,0.04273058683596707,0.0121917724609375,-8.548086166381836,-14.427288055419922,high
BD_20211026_S2B_MSIL2A_20211026T043859_R033_T45QXF_20211026T150049_0,S2B_MSIL2A_20211026T043859_R033_T45QXF_20211026T150049,S1A_IW_GRDH_1SDV_20211026T235625_20211026T235650_040297_04C664_rtc,2021-10-26T04:38:59.024000Z,2021-10-26T23:56:37.573045Z,19.294041401388892,88.94949315600822,23.24719175978067,0.08807635919833588,0.00605010986328125,-8.32608413696289,-14.481623649597168,high
BD_20211026_S2B_MSIL2A_20211026T043859_R033_T45QXE_20211026T160504_0,S2B_MSIL2A_20211026T043859_R033_T45QXE_20211026T160504,S1A_IW_GRDH_1SDV_20211026T235625_20211026T235650_040297_04C664_rtc,2021-10-26T04:38:59.024000Z,2021-10-26T23:56:37.573045Z,19.294041401388892,88.98806011382054,22.571997496513873,0.5100225877335951,0.005275726318359375,-11.322437286376953,-17.894254684448242,high
BD_20211010_S2B_MSIL2A_20211010T041709_R090_T46QDM_20211010T115249_0,S2B_MSIL2A_20211010T041709_R090_T46QDM_20211010T115249,S1A_IW_GRDH_1SDV_20211009T234807_20211009T234832_040049_04BDBB_rtc,2021-10-10T04:17:09.024000Z,2021-10-09T23:48:20.154510Z,4.480241524999999,92.13394752638871,23.578489996085846,0.035889290793297474,0.01287841796875,-6.243360996246338,-12.87647819519043,high
BD_20210930_S2B_MSIL2A_20210930T041549_R090_T46QCK_20210930T143432_0,S2B_MSIL2A_20210930T041549_R090_T46QCK_20210930T143432,S1A_IW_GRDH_1SDV_20210930T120411_20210930T120436_039911_04B8FF_rtc,2021-09-30T04:15:49.024000Z,2021-09-30T12:04:23.760915Z,7.809649143055556,91.67736755300609,22.53322553699097,0.4269613538386278,0.001861572265625,-12.826695442199707,-19.210294723510742,high
BD_20210930_S2B_MSIL2A_20210930T041549_R090_T46QCK_20210930T143432_1,S2B_MSIL2A_20210930T041549_R090_T46QCK_20210930T143432,S1A_IW_GRDH_1SDV_20210930T120411_20210930T120436_039911_04B8FF_rtc,2021-09-30T04:15:49.024000Z,2021-09-30T12:04:23.760915Z,7.809649143055556,91.723361295553,22.48723179444405,0.1887923028199937,0.018321990966796875,-7.421270370483398,-14.767642974853516,high
BD_20210930_S2B_MSIL2A_20210930T041549_R090_T46QCK_20210930T143432_2,S2B_MSIL2A_20210930T041549_R090_T46QCK_20210930T143432,S1A_IW_GRDH_1SDV_20210930T120411_20210930T120436_039911_04B8FF_rtc,2021-09-30T04:15:49.024000Z,2021-09-30T12:04:23.760915Z,7.809649143055556,91.723361295553,22.44123805189713,0.6761812796253932,0.004489898681640625,-13.145545959472656,-20.0611572265625,high
BD_20210926_S2B_MSIL2A_20210926T043659_R033_T45RYJ_20210927T010924_0,S2B_MSIL2A_20210926T043659_R033_T45RYJ_20210927T010924,S1A_IW_GRDH_1SDV_20210926T000407_20210926T000432_039845_04B6AB_rtc,2021-09-26T04:36:59.024000Z,2021-09-26T00:04:19.558360Z,4.544296011111111,89.05377901382039,25.42334543504843,0.036150240167019114,0.009662628173828125,-7.724490165710449,-14.15442180633545,high
BD_20210925_S2A_MSIL2A_20210925T041551_R090_T46RDN_20210926T015537_0,S2A_MSIL2A_20210925T041551_R090_T46RDN_20210926T015537,S1A_IW_GRDH_1SDV_20210925T115644_20210925T115709_039838_04B671_rtc,2021-09-25T04:15:51.024000Z,2021-09-25T11:56:56.956162Z,7.684981156111111,92.17384129891423,25.021267479632744,0.07385340910393745,0.001819610595703125,-8.09453296661377,-14.245014190673828,high
BD_20210925_S2A_MSIL2A_20210925T041551_R090_T46RDN_20210926T015537_1,S2A_MSIL2A_20210925T041551_R090_T46RDN_20210926T015537,S1A_IW_GRDH_1SDV_20210925T115644_20210925T115709_039838_04B671_rtc,2021-09-25T04:15:51.024000Z,2021-09-25T11:56:56.956162Z,7.684981156111111,92.26582878400806,25.021267479632744,0.051376384876367705,0.000446319580078125,-8.977797508239746,-14.838520050048828,high
BD_20210925_S2A_MSIL2A_20210925T041551_R090_T46RDN_20210926T015537_2,S2A_MSIL2A_20210925T041551_R090_T46RDN_20210926T015537,S1A_IW_GRDH_1SDV_20210925T115644_20210925T115709_039838_04B671_rtc,2021-09-25T04:15:51.024000Z,2021-09-25T11:56:56.956162Z,7.684981156111111,92.17384129891423,24.975273737085825,0.13912761410471683,0.000396728515625,-9.001409530639648,-15.201480865478516,high
BD_20210925_S2A_MSIL2A_20210925T041551_R090_T46RDN_20210926T015537_3,S2A_MSIL2A_20210925T041551_R090_T46RDN_20210926T015537,S1A_IW_GRDH_1SDV_20210925T115644_20210925T115709_039838_04B671_rtc,2021-09-25T04:15:51.024000Z,2021-09-25T11:56:56.956162Z,7.684981156111111,92.21983504146114,24.975273737085825,0.059367489413649714,5.340576171875e-05,-8.503706932067871,-14.488716125488281,high
BD_20210903_S2B_MSIL2A_20210903T042659_R133_T46RCN_20210903T104628_0,S2B_MSIL2A_20210903T042659_R133_T46RCN_20210903T104628,S1A_IW_GRDH_1SDV_20210903T234741_20210903T234806_039524_04ABBB_rtc,2021-09-03T04:26:59.024000Z,2021-09-03T23:47:54.068381Z,19.348623439166666,91.22226547619893,25.136705582179697,0.35220759781741257,0.000965118408203125,-10.587818145751953,-17.256242752075195,high
BD_20210903_S2B_MSIL2A_20210903T042659_R133_T46RCN_20210903T104628_1,S2B_MSIL2A_20210903T042659_R133_T46RCN_20210903T104628,S1A_IW_GRDH_1SDV_20210903T234741_20210903T234806_039524_04ABBB_rtc,2021-09-03T04:26:59.024000Z,2021-09-03T23:47:54.068381Z,19.348623439166666,91.17627173365202,24.95273061199202,0.7983112445359801,0.016483306884765625,-17.564250946044922,-22.34109878540039,high
BD_20210903_S2B_MSIL2A_20210903T042659_R133_T46RBN_20210903T105009_0,S2B_MSIL2A_20210903T042659_R133_T46RBN_20210903T105009,S1A_IW_GRDH_1SDV_20210903T234741_20210903T234806_039524_04ABBB_rtc,2021-09-03T04:26:59.024000Z,2021-09-03T23:47:54.068381Z,19.348623439166666,91.05293520369183,25.083406289632823,0.8469696044921875,0.0,-17.826526641845703,-21.39719581604004,high
BD_20210903_S2B_MSIL2A_20210903T042659_R133_T46RBN_20210903T105009_1,S2B_MSIL2A_20210903T042659_R133_T46RBN_20210903T105009,S1A_IW_GRDH_1SDV_20210903T234741_20210903T234806_039524_04ABBB_rtc,2021-09-03T04:26:59.024000Z,2021-09-03T23:47:54.068381Z,19.348623439166666,91.00694146114492,24.945425061992065,0.767386912435303,0.008693695068359375,-16.26470947265625,-20.003002166748047,high
BD_20220715_S2A_MSIL2A_20220715T042721_R133_T45RYJ_20220715T172542_0,S2A_MSIL2A_20220715T042721_R133_T45RYJ_20220715T172542,S1A_IW_GRDH_1SDV_20220715T120503_20220715T120528_044111_0543E4_rtc,2022-07-15T04:27:21.024000Z,2022-07-15T12:05:16.242418Z,7.632005116111111,89.73410971382039,25.35392407817675,0.35176497642865356,0.00470733642578125,-10.808074951171875,-17.095375061035156,high
BD_20220715_S2A_MSIL2A_20220715T042721_R133_T45RYJ_20220715T172542_1,S2A_MSIL2A_20220715T042721_R133_T45RYJ_20220715T172542,S1A_IW_GRDH_1SDV_20220715T120503_20220715T120528_044111_0543E4_rtc,2022-07-15T04:27:21.024000Z,2022-07-15T12:05:16.242418Z,7.632005116111111,89.7801034563673,25.35392407817675,0.03908538818359375,0.0,-7.498889923095703,-14.280708312988281,high
BD_20220715_S2A_MSIL2A_20220715T042721_R133_T45RYJ_20220715T172542_2,S2A_MSIL2A_20220715T042721_R133_T45RYJ_20220715T172542,S1A_IW_GRDH_1SDV_20220715T120503_20220715T120528_044111_0543E4_rtc,2022-07-15T04:27:21.024000Z,2022-07-15T12:05:16.242418Z,7.632005116111111,89.73410971382039,25.30793033562983,0.09450490487688235,0.018886566162109375,-8.084955215454102,-15.133877754211426,high
BD_20220715_S2A_MSIL2A_20220715T042721_R133_T45RYJ_20220715T172542_3,S2A_MSIL2A_20220715T042721_R133_T45RYJ_20220715T172542,S1A_IW_GRDH_1SDV_20220715T120503_20220715T120528_044111_0543E4_rtc,2022-07-15T04:27:21.024000Z,2022-07-15T12:05:16.242418Z,7.632005116111111,89.7801034563673,25.26193659308291,0.10064336462728822,0.01099395751953125,-8.310904502868652,-14.956343650817871,high
BD_20220712_S2A_MSIL2A_20220712T041601_R090_T46QDK_20220713T170239_0,S2A_MSIL2A_20220712T041601_R090_T46QDK_20220713T170239,S1A_IW_GRDH_1SDV_20220712T234809_20220712T234834_044074_0542D1_rtc,2022-07-12T04:16:01.024000Z,2022-07-12T23:48:22.326692Z,19.53925074777778,92.23364464146114,22.582467585146563,0.4356567850263604,0.00582122802734375,-11.55260944366455,-16.590782165527344,high
BD_20220712_S2A_MSIL2A_20220712T041601_R090_T46QDK_20220713T170239_1,S2A_MSIL2A_20220712T041601_R090_T46QDK_20220713T170239,S1A_IW_GRDH_1SDV_20220712T234809_20220712T234834_044074_0542D1_rtc,2022-07-12T04:16:01.024000Z,2022-07-12T23:48:22.326692Z,19.53925074777778,92.23364464146114,22.536473842599644,0.4584498326992712,0.0012969970703125,-11.872994422912598,-16.72658920288086,high
BD_20220712_S2A_MSIL2A_20220712T041601_R090_T46QDK_20220713T170239_2,S2A_MSIL2A_20220712T041601_R090_T46QDK_20220713T170239,S1A_IW_GRDH_1SDV_20220712T234809_20220712T234834_044074_0542D1_rtc,2022-07-12T04:16:01.024000Z,2022-07-12T23:48:22.326692Z,19.53925074777778,92.27963838400807,22.536473842599644,0.15952682495117188,0.0,-8.077573776245117,-13.963871955871582,high
BD_20221031_S2B_MSIL2A_20221031T043919_R033_T45RZH_20221031T135118_0,S2B_MSIL2A_20221031T043919_R033_T45RZH_20221031T135118,S1A_IW_GRDH_1SDV_20221031T120507_20221031T120532_045686_0576B8_rtc,2022-10-31T04:39:19.024000Z,2022-10-31T12:05:19.740483Z,7.433532356388889,90.0288305138204,25.1716508436327,0.14991429616932767,0.009647369384765625,-8.706573486328125,-14.55223274230957,high
BD_20221031_S2B_MSIL2A_20221031T043919_R033_T45RZH_20221031T135118_1,S2B_MSIL2A_20221031T043919_R033_T45RZH_20221031T135118,S1A_IW_GRDH_1SDV_20221031T120507_20221031T120532_045686_0576B8_rtc,2022-10-31T04:39:19.024000Z,2022-10-31T12:05:19.740483Z,7.433532356388889,90.07482425636731,25.1716508436327,0.03723907470703125,0.0,-7.63815975189209,-13.594101905822754,high
BD_20221031_S2B_MSIL2A_20221031T043919_R033_T45RYK_20221031T142844_0,S2B_MSIL2A_20221031T043919_R033_T45RYK_20221031T142844,S1A_IW_GRDH_1SDV_20221031T120532_20221031T120557_045686_0576B8_rtc,2022-10-31T04:39:19.024000Z,2022-10-31T12:05:44.740223Z,7.440476728611111,89.02278337127346,26.168842729992033,0.08793542740445395,0.019336700439453125,-8.901872634887695,-15.270316123962402,high
BD_20221031_S2B_MSIL2A_20221031T043919_R033_T45RYK_20221031T142844_1,S2B_MSIL2A_20221031T043919_R033_T45RYK_20221031T142844,S1A_IW_GRDH_1SDV_20221031T120532_20221031T120557_045686_0576B8_rtc,2022-10-31T04:39:19.024000Z,2022-10-31T12:05:44.740223Z,7.440476728611111,89.06877711382039,26.168842729992033,0.17876052856445312,0.0,-10.034078598022461,-17.45907974243164,high
BD_20221031_S2B_MSIL2A_20221031T043919_R033_T45RXK_20221031T141525_0,S2B_MSIL2A_20221031T043919_R033_T45RXK_20221031T141525,S1A_IW_GRDH_1SDV_20221031T120532_20221031T120557_045686_0576B8_rtc,2022-10-31T04:39:19.024000Z,2022-10-31T12:05:44.740223Z,7.440476728611111,88.69423374866345,26.232311877992057,0.03658294677734375,0.0,-8.65518856048584,-14.814619064331055,high
BD_20221031_S2B_MSIL2A_20221031T043919_R033_T45QYG_20221031T134132_0,S2B_MSIL2A_20221031T043919_R033_T45QYG_20221031T134132,S1A_IW_GRDH_1SDV_20221031T120442_20221031T120507_045686_0576B8_rtc,2022-10-31T04:39:19.024000Z,2022-10-31T12:04:54.740761Z,7.426587989166666,89.27639429891423,23.74145815878755,0.07883453369140625,0.0,-8.355891227722168,-14.245899200439453,high
BD_20221031_S2B_MSIL2A_20221031T043919_R033_T45QYG_20221031T134132_1,S2B_MSIL2A_20221031T043919_R033_T45QYG_20221031T134132,S1A_IW_GRDH_1SDV_20221031T120442_20221031T120507_045686_0576B8_rtc,2022-10-31T04:39:19.024000Z,2022-10-31T12:04:54.740761Z,7.426587989166666,89.32238804146114,23.74145815878755,0.042520562159522685,4.57763671875e-05,-8.190207481384277,-14.20106315612793,high
BD_20221031_S2B_MSIL2A_20221031T043919_R033_T45QYG_20221031T134132_2,S2B_MSIL2A_20221031T043919_R033_T45QYG_20221031T134132,S1A_IW_GRDH_1SDV_20221031T120442_20221031T120507_045686_0576B8_rtc,2022-10-31T04:39:19.024000Z,2022-10-31T12:04:54.740761Z,7.426587989166666,89.32238804146114,23.695464416240632,0.07144927978515625,0.0,-8.610069274902344,-14.44453239440918,high
BD_20221031_S2B_MSIL2A_20221031T043919_R033_T45QYG_20221031T134132_3,S2B_MSIL2A_20221031T043919_R033_T45QYG_20221031T134132,S1A_IW_GRDH_1SDV_20221031T120442_20221031T120507_045686_0576B8_rtc,2022-10-31T04:39:19.024000Z,2022-10-31T12:04:54.740761Z,7.426587989166666,89.36838178400806,23.695464416240632,0.045505523681640625,0.0,-7.697385311126709,-14.055774688720703,high
BD_20221031_S2B_MSIL2A_20221031T043919_R033_T45QXG_20221031T150505_0,S2B_MSIL2A_20221031T043919_R033_T45QXG_20221031T150505,S1A_IW_GRDH_1SDV_20221031T120507_20221031T120532_045686_0576B8_rtc,2022-10-31T04:39:19.024000Z,2022-10-31T12:05:19.740483Z,7.433532356388889,89.04404930730045,24.3772412346336,0.04538762071484054,0.012866973876953125,-7.468409061431885,-13.56711196899414,high
BD_20221031_S2B_MSIL2A_20221031T043919_R033_T45QXG_20221031T150505_1,S2B_MSIL2A_20221031T043919_R033_T45QXG_20221031T150505,S1A_IW_GRDH_1SDV_20221031T120507_20221031T120532_045686_0576B8_rtc,2022-10-31T04:39:19.024000Z,2022-10-31T12:05:19.740483Z,7.433532356388889,89.04404930730045,24.331247492086682,0.03212738037109375,0.0,-7.2302069664001465,-13.453807830810547,high
BD_20221028_S2B_MSIL2A_20221028T042859_R133_T46RDN_20221028T170817_0,S2B_MSIL2A_20221028T042859_R133_T46RDN_20221028T170817,S1A_IW_GRDH_1SDV_20221028T234748_20221028T234813_045649_057570_rtc,2022-10-28T04:28:59.024000Z,2022-10-28T23:48:01.292590Z,19.31729683055556,92.03012113166787,25.164454386726607,0.14435196103955772,0.0036468505859375,-8.730487823486328,-15.02888011932373,high
BD_20221028_S2B_MSIL2A_20221028T042859_R133_T46RDN_20221028T170817_1,S2B_MSIL2A_20221028T042859_R133_T46RDN_20221028T170817,S1A_IW_GRDH_1SDV_20221028T234748_20221028T234813_045649_057570_rtc,2022-10-28T04:28:59.024000Z,2022-10-28T23:48:01.292590Z,19.31729683055556,92.03012113166787,25.118460644179688,0.25317672307312256,0.01171875,-10.899917602539062,-16.447811126708984,high
BD_20221028_S2B_MSIL2A_20221028T042859_R133_T46RDN_20221028T170817_2,S2B_MSIL2A_20221028T042859_R133_T46RDN_20221028T170817,S1A_IW_GRDH_1SDV_20221028T234748_20221028T234813_045649_057570_rtc,2022-10-28T04:28:59.024000Z,2022-10-28T23:48:01.292590Z,19.31729683055556,92.0761148742148,25.118460644179688,0.2049102783203125,0.0,-10.512234687805176,-15.591836929321289,high
BD_20221028_S2B_MSIL2A_20221028T042859_R133_T46RDN_20221028T170817_3,S2B_MSIL2A_20221028T042859_R133_T46RDN_20221028T170817,S1A_IW_GRDH_1SDV_20221028T234748_20221028T234813_045649_057570_rtc,2022-10-28T04:28:59.024000Z,2022-10-28T23:48:01.292590Z,19.31729683055556,92.12210861676171,25.118460644179688,0.05306243896484375,0.0,-8.43653678894043,-14.09653091430664,high
BD_20221028_S2B_MSIL2A_20221028T042859_R133_T46RCN_20221028T170917_0,S2B_MSIL2A_20221028T042859_R133_T46RCN_20221028T170917,S1A_IW_GRDH_1SDV_20221028T234748_20221028T234813_045649_057570_rtc,2022-10-28T04:28:59.024000Z,2022-10-28T23:48:01.292590Z,19.31729683055556,91.17627172357456,25.136705582179697,0.8250416839952536,0.000202178955078125,-18.704307556152344,-22.878284454345703,high
BD_20221028_S2B_MSIL2A_20221028T042859_R133_T46RCN_20221028T170917_1,S2B_MSIL2A_20221028T042859_R133_T46RCN_20221028T170917,S1A_IW_GRDH_1SDV_20221028T234748_20221028T234813_045649_057570_rtc,2022-10-28T04:28:59.024000Z,2022-10-28T23:48:01.292590Z,19.31729683055556,91.22226546612147,25.136705582179697,0.10958099365234375,0.0,-10.265016555786133,-16.43514060974121,high
BD_20221028_S2B_MSIL2A_20221028T042859_R133_T46RCN_20221028T170917_2,S2B_MSIL2A_20221028T042859_R133_T46RCN_20221028T170917,S1A_IW_GRDH_1SDV_20221028T234748_20221028T234813_045649_057570_rtc,2022-10-28T04:28:59.024000Z,2022-10-28T23:48:01.292590Z,19.31729683055556,91.2682592086684,25.136705582179697,0.1132659912109375,0.0,-10.272077560424805,-16.591035842895508,high
BD_20221028_S2B_MSIL2A_20221028T042859_R133_T46RCN_20221028T170917_3,S2B_MSIL2A_20221028T042859_R133_T46RCN_20221028T170917,S1A_IW_GRDH_1SDV_20221028T234748_20221028T234813_045649_057570_rtc,2022-10-28T04:28:59.024000Z,2022-10-28T23:48:01.292590Z,19.31729683055556,91.22226546612147,25.090711839632778,0.7404115050493875,0.000125885009765625,-17.506742477416992,-22.819351196289062,high
BD_20221028_S2B_MSIL2A_20221028T042859_R133_T46RBN_20221028T170155_0,S2B_MSIL2A_20221028T042859_R133_T46RBN_20221028T170155,S1A_IW_GRDH_1SDV_20221028T234748_20221028T234813_045649_057570_rtc,2022-10-28T04:28:59.024000Z,2022-10-28T23:48:01.292590Z,19.31729683055556,91.05161234871353,25.083406289632823,0.8390047762196146,4.57763671875e-05,-18.007719039916992,-21.356544494628906,high
BD_20221028_S2B_MSIL2A_20221028T042859_R133_T46RBN_20221028T170155_1,S2B_MSIL2A_20221028T042859_R133_T46RBN_20221028T170155,S1A_IW_GRDH_1SDV_20221028T234748_20221028T234813_045649_057570_rtc,2022-10-28T04:28:59.024000Z,2022-10-28T23:48:01.292590Z,19.31729683055556,91.00561860616662,24.991418804538984,0.7578432569353313,3.0517578125e-05,-17.05715560913086,-20.647724151611328,high
BD_20221028_S2B_MSIL2A_20221028T042859_R133_T46RBN_20221028T170155_2,S2B_MSIL2A_20221028T042859_R133_T46RBN_20221028T170155,S1A_IW_GRDH_1SDV_20221028T234748_20221028T234813_045649_057570_rtc,2022-10-28T04:28:59.024000Z,2022-10-28T23:48:01.292590Z,19.31729683055556,91.00561860616662,24.945425061992065,0.5288772583007812,0.0,-14.34873104095459,-18.605113983154297,high
BD_20221028_S2B_MSIL2A_20221028T042859_R133_T46QCM_20221028T170331_0,S2B_MSIL2A_20221028T042859_R133_T46QCM_20221028T170331,S1A_IW_GRDH_1SDV_20221028T234748_20221028T234813_045649_057570_rtc,2022-10-28T04:28:59.024000Z,2022-10-28T23:48:01.292590Z,19.31729683055556,91.1427347563673,24.341823286179622,0.8253746032714844,0.0,-18.592529296875,-22.97747039794922,high
BD_20221028_S2B_MSIL2A_20221028T042859_R133_T46QCM_20221028T170331_1,S2B_MSIL2A_20221028T042859_R133_T46QCM_20221028T170331,S1A_IW_GRDH_1SDV_20221028T234748_20221028T234813_045649_057570_rtc,2022-10-28T04:28:59.024000Z,2022-10-28T23:48:01.292590Z,19.31729683055556,91.18872849891423,24.341823286179622,0.8136405944824219,0.0,-16.44497299194336,-22.246761322021484,high
BD_20221028_S2B_MSIL2A_20221028T042859_R133_T46QCM_20221028T170331_2,S2B_MSIL2A_20221028T042859_R133_T46QCM_20221028T170331,S1A_IW_GRDH_1SDV_20221028T234748_20221028T234813_045649_057570_rtc,2022-10-28T04:28:59.024000Z,2022-10-28T23:48:01.292590Z,19.31729683055556,91.23472224146114,24.341823286179622,0.8241691589355469,0.0,-17.008438110351562,-22.829627990722656,high
BD_20221028_S2B_MSIL2A_20221028T042859_R133_T46QCM_20221028T170331_3,S2B_MSIL2A_20221028T042859_R133_T46QCM_20221028T170331,S1A_IW_GRDH_1SDV_20221028T234748_20221028T234813_045649_057570_rtc,2022-10-28T04:28:59.024000Z,2022-10-28T23:48:01.292590Z,19.31729683055556,91.28071598400807,24.341823286179622,0.7298812866210938,0.0,-16.07944107055664,-21.956340789794922,high
BD_20221028_S2B_MSIL2A_20221028T042859_R133_T46QCL_20221028T165007_0,S2B_MSIL2A_20221028T042859_R133_T46QCL_20221028T165007,S1A_IW_GRDH_1SDV_20221028T234813_20221028T234838_045649_057570_rtc,2022-10-28T04:28:59.024000Z,2022-10-28T23:48:26.292539Z,19.324241260833332,91.29439318400807,23.255084715991945,0.0325927734375,0.0,-7.351524353027344,-13.606502532958984,high
BD_20221028_S2B_MSIL2A_20221028T042859_R133_T46QCK_20221028T173449_0,S2B_MSIL2A_20221028T042859_R133_T46QCK_20221028T173449,S1A_IW_GRDH_1SDV_20221028T234813_20221028T234838_045649_057570_rtc,2022-10-28T04:28:59.024000Z,2022-10-28T23:48:26.292539Z,19.324241260833332,91.30741278400806,22.53443338617962,0.22817230224609375,0.0,-7.527566909790039,-12.961977005004883,high
BD_20221028_S2B_MSIL2A_20221028T042859_R133_T46QBM_20240802T023230_0,S2B_MSIL2A_20221028T042859_R133_T46QBM_20240802T023230,S1A_IW_GRDH_1SDV_20221028T234748_20221028T234813_045649_057570_rtc,2022-10-28T04:28:59.024000Z,2022-10-28T23:48:01.292590Z,19.31729683055556,90.88288251382039,24.33281558617962,0.3312339782714844,0.0,-10.956653594970703,-15.922881126403809,high
BD_20221028_S2B_MSIL2A_20221028T042859_R133_T46QBM_20240802T023230_1,S2B_MSIL2A_20221028T042859_R133_T46QBM_20240802T023230,S1A_IW_GRDH_1SDV_20221028T234748_20221028T234813_045649_057570_rtc,2022-10-28T04:28:59.024000Z,2022-10-28T23:48:01.292590Z,19.31729683055556,90.9288762563673,24.33281558617962,0.7035439078355078,1.52587890625e-05,-15.955231666564941,-19.79871940612793,high
BD_20221028_S2B_MSIL2A_20221028T042859_R133_T46QBM_20240802T023230_2,S2B_MSIL2A_20221028T042859_R133_T46QBM_20240802T023230,S1A_IW_GRDH_1SDV_20221028T234748_20221028T234813_045649_057570_rtc,2022-10-28T04:28:59.024000Z,2022-10-28T23:48:01.292590Z,19.31729683055556,90.88288251382039,24.2868218436327,0.07902908325195312,0.0,-8.818487167358398,-14.397663116455078,high
BD_20221028_S2B_MSIL2A_20221028T042859_R133_T46QBM_20240802T023230_3,S2B_MSIL2A_20221028T042859_R133_T46QBM_20240802T023230,S1A_IW_GRDH_1SDV_20221028T234748_20221028T234813_045649_057570_rtc,2022-10-28T04:28:59.024000Z,2022-10-28T23:48:01.292590Z,19.31729683055556,90.9288762563673,24.2868218436327,0.6100578308105469,0.0,-15.045005798339844,-19.574169158935547,high
BD_20221028_S2B_MSIL2A_20221028T042859_R133_T46QBM_20221028T172452_0,S2B_MSIL2A_20221028T042859_R133_T46QBM_20221028T172452,S1A_IW_GRDH_1SDV_20221028T234748_20221028T234813_045649_057570_rtc,2022-10-28T04:28:59.024000Z,2022-10-28T23:48:01.292590Z,19.31729683055556,90.88288251382039,24.33281558617962,0.33217620849609375,0.0,-10.956653594970703,-15.922881126403809,high
BD_20221028_S2B_MSIL2A_20221028T042859_R133_T46QBM_20221028T172452_1,S2B_MSIL2A_20221028T042859_R133_T46QBM_20221028T172452,S1A_IW_GRDH_1SDV_20221028T234748_20221028T234813_045649_057570_rtc,2022-10-28T04:28:59.024000Z,2022-10-28T23:48:01.292590Z,19.31729683055556,90.9288762563673,24.33281558617962,0.7034950256347656,0.0,-15.955231666564941,-19.79871940612793,high
BD_20221028_S2B_MSIL2A_20221028T042859_R133_T46QBM_20221028T172452_2,S2B_MSIL2A_20221028T042859_R133_T46QBM_20221028T172452,S1A_IW_GRDH_1SDV_20221028T234748_20221028T234813_045649_057570_rtc,2022-10-28T04:28:59.024000Z,2022-10-28T23:48:01.292590Z,19.31729683055556,90.88288251382039,24.2868218436327,0.07883834838867188,0.0,-8.818487167358398,-14.397663116455078,high
BD_20221028_S2B_MSIL2A_20221028T042859_R133_T46QBM_20221028T172452_3,S2B_MSIL2A_20221028T042859_R133_T46QBM_20221028T172452,S1A_IW_GRDH_1SDV_20221028T234748_20221028T234813_045649_057570_rtc,2022-10-28T04:28:59.024000Z,2022-10-28T23:48:01.292590Z,19.31729683055556,90.9288762563673,24.2868218436327,0.6099319458007812,0.0,-15.045005798339844,-19.574169158935547,high
BD_20221028_S2B_MSIL2A_20221028T042859_R133_T46QBL_20221028T164547_0,S2B_MSIL2A_20221028T042859_R133_T46QBL_20221028T164547,S1A_IW_GRDH_1SDV_20221028T234813_20221028T234838_045649_057570_rtc,2022-10-28T04:28:59.024000Z,2022-10-28T23:48:26.292539Z,19.324241260833332,90.73023094146114,23.43042508617962,0.19686508178710938,0.0,-7.992278099060059,-13.828784942626953,high
BD_20221028_S2B_MSIL2A_20221028T042859_R133_T46QBL_20221028T164547_1,S2B_MSIL2A_20221028T042859_R133_T46QBL_20221028T164547,S1A_IW_GRDH_1SDV_20221028T234813_20221028T234838_045649_057570_rtc,2022-10-28T04:28:59.024000Z,2022-10-28T23:48:26.292539Z,19.324241260833332,90.73023094146114,23.384431343632702,0.16442108154296875,0.0,-8.060338973999023,-13.983022689819336,high
BD_20221028_S2B_MSIL2A_20221028T042859_R133_T46QBL_20221028T164547_2,S2B_MSIL2A_20221028T042859_R133_T46QBL_20221028T164547,S1A_IW_GRDH_1SDV_20221028T234813_20221028T234838_045649_057570_rtc,2022-10-28T04:28:59.024000Z,2022-10-28T23:48:26.292539Z,19.324241260833332,90.77622468400807,23.384431343632702,0.03679656982421875,0.0,-6.971565246582031,-12.797993659973145,high
BD_20221028_S2B_MSIL2A_20221028T042859_R133_T46QBL_20221028T164547_3,S2B_MSIL2A_20221028T042859_R133_T46QBL_20221028T164547,S1A_IW_GRDH_1SDV_20221028T234813_20221028T234838_045649_057570_rtc,2022-10-28T04:28:59.024000Z,2022-10-28T23:48:26.292539Z,19.324241260833332,90.68423719891423,23.338437601085783,0.28335421383936954,0.004329681396484375,-8.489442825317383,-14.011311531066895,high
BD_20221028_S2B_MSIL2A_20221028T042859_R133_T45RZH_20221028T174257_0,S2B_MSIL2A_20221028T042859_R133_T45RZH_20221028T174257,S1A_IW_GRDH_1SDV_20221028T234748_20221028T234813_045649_057570_rtc,2022-10-28T04:28:59.024000Z,2022-10-28T23:48:01.292590Z,19.31729683055556,90.99947223786701,24.939148474992063,0.45014190673828125,0.0,-13.25550365447998,-17.74810791015625,high
BD_20221028_S2B_MSIL2A_20221028T042859_R133_T45QZG_20221028T161658_0,S2B_MSIL2A_20221028T042859_R133_T45QZG_20221028T161658,S1A_IW_GRDH_1SDV_20221028T234748_20221028T234813_045649_057570_rtc,2022-10-28T04:28:59.024000Z,2022-10-28T23:48:01.292590Z,19.31729683055556,90.88288251382039,24.340809938044888,0.4434391223768576,0.005840301513671875,-12.290051460266113,-16.79721450805664,high
BD_20221028_S2B_MSIL2A_20221028T042859_R133_T45QZG_20221028T161658_1,S2B_MSIL2A_20221028T042859_R133_T45QZG_20221028T161658,S1A_IW_GRDH_1SDV_20221028T234748_20221028T234813_045649_057570_rtc,2022-10-28T04:28:59.024000Z,2022-10-28T23:48:01.292590Z,19.31729683055556,90.88288251382039,24.29481619549797,0.08487701416015625,0.0,-8.766429901123047,-14.3942289352417,high
BD_20221028_S2B_MSIL2A_20221028T042859_R133_T45QZG_20221028T161658_2,S2B_MSIL2A_20221028T042859_R133_T45QZG_20221028T161658,S1A_IW_GRDH_1SDV_20221028T234748_20221028T234813_045649_057570_rtc,2022-10-28T04:28:59.024000Z,2022-10-28T23:48:01.292590Z,19.31729683055556,90.9288762563673,24.29481619549797,0.5967985595043719,4.57763671875e-05,-14.926581382751465,-19.476863861083984,high
BD_20221028_S2B_MSIL2A_20221028T042859_R133_T45QZG_20221028T161658_3,S2B_MSIL2A_20221028T042859_R133_T45QZG_20221028T161658,S1A_IW_GRDH_1SDV_20221028T234748_20221028T234813_045649_057570_rtc,2022-10-28T04:28:59.024000Z,2022-10-28T23:48:01.292590Z,19.31729683055556,90.88288251382039,24.24882245295105,0.036945343017578125,0.0,-8.28736400604248,-13.796863555908203,high
BD_20221028_S2B_MSIL2A_20221028T042859_R133_T45QZF_20221028T163158_0,S2B_MSIL2A_20221028T042859_R133_T45QZF_20221028T163158,S1A_IW_GRDH_1SDV_20221028T234813_20221028T234838_045649_057570_rtc,2022-10-28T04:28:59.024000Z,2022-10-28T23:48:26.292539Z,19.324241260833332,90.73023094146114,23.4432164273607,0.19069082350407465,0.008090972900390625,-7.89731502532959,-13.70207405090332,high
BD_20221028_S2B_MSIL2A_20221028T042859_R133_T45QZF_20221028T163158_1,S2B_MSIL2A_20221028T042859_R133_T45QZF_20221028T163158,S1A_IW_GRDH_1SDV_20221028T234813_20221028T234838_045649_057570_rtc,2022-10-28T04:28:59.024000Z,2022-10-28T23:48:26.292539Z,19.324241260833332,90.73023094146114,23.39722268481378,0.1150970458984375,0.0,-7.738719940185547,-13.77165699005127,high
BD_20221028_S2B_MSIL2A_20221028T042859_R133_T45QZF_20221028T163158_2,S2B_MSIL2A_20221028T042859_R133_T45QZF_20221028T163158,S1A_IW_GRDH_1SDV_20221028T234813_20221028T234838_045649_057570_rtc,2022-10-28T04:28:59.024000Z,2022-10-28T23:48:26.292539Z,19.324241260833332,90.77622468400807,23.39722268481378,0.03485870361328125,0.0,-6.911436557769775,-12.641615867614746,high
BD_20221028_S2B_MSIL2A_20221028T042859_R133_T45QZF_20221028T163158_3,S2B_MSIL2A_20221028T042859_R133_T45QZF_20221028T163158,S1A_IW_GRDH_1SDV_20221028T234813_20221028T234838_045649_057570_rtc,2022-10-28T04:28:59.024000Z,2022-10-28T23:48:26.292539Z,19.324241260833332,90.73023094146114,23.35122894226686,0.17733383178710938,0.0,-7.68055534362793,-13.54648208618164,high
BD_20221026_S2A_MSIL2A_20221026T043901_R033_T45QYG_20221026T160658_0,S2A_MSIL2A_20221026T043901_R033_T45QYG_20221026T160658,S1A_IW_GRDH_1SDV_20221027T000413_20221027T000438_045620_05746C_rtc,2022-10-26T04:39:01.024000Z,2022-10-27T00:04:25.932591Z,19.423585719722222,89.03378778059131,24.147620515991946,0.26263593199571145,0.003753662109375,-7.284306049346924,-12.909150123596191,high
BD_20221026_S2A_MSIL2A_20221026T043901_R033_T45QXF_20221026T171409_0,S2A_MSIL2A_20221026T043901_R033_T45QXF_20221026T171409,S1A_IW_GRDH_1SDV_20221027T000438_20221027T000503_045620_05746C_rtc,2022-10-26T04:39:01.024000Z,2022-10-27T00:04:50.932272Z,19.430530075555556,88.85750567091438,23.339179244874508,0.11041676257116113,0.0055999755859375,-7.983257293701172,-12.883209228515625,high
BD_20221026_S2A_MSIL2A_20221026T043901_R033_T45QXF_20221026T171409_1,S2A_MSIL2A_20221026T043901_R033_T45QXF_20221026T171409,S1A_IW_GRDH_1SDV_20221027T000438_20221027T000503_045620_05746C_rtc,2022-10-26T04:39:01.024000Z,2022-10-27T00:04:50.932272Z,19.430530075555556,88.94949315600822,23.339179244874508,0.06195831298828125,0.0,-6.801639556884766,-12.518291473388672,high
BD_20221026_S2A_MSIL2A_20221026T043901_R033_T45QXF_20221026T171409_2,S2A_MSIL2A_20221026T043901_R033_T45QXF_20221026T171409,S1A_IW_GRDH_1SDV_20221027T000438_20221027T000503_045620_05746C_rtc,2022-10-26T04:39:01.024000Z,2022-10-27T00:04:50.932272Z,19.430530075555556,88.90349941346129,23.29318550232759,0.04296112060546875,0.0,-7.4420013427734375,-12.518720626831055,high
BD_20221026_S2A_MSIL2A_20221026T043901_R033_T45QXF_20221026T171409_3,S2A_MSIL2A_20221026T043901_R033_T45QXF_20221026T171409,S1A_IW_GRDH_1SDV_20221027T000438_20221027T000503_045620_05746C_rtc,2022-10-26T04:39:01.024000Z,2022-10-27T00:04:50.932272Z,19.430530075555556,88.94949315600822,23.29318550232759,0.06409454345703125,0.0,-7.4416022300720215,-12.536327362060547,high
BD_20221021_S2B_MSIL2A_20221021T043819_R033_T45RYJ_20221022T080153_0,S2B_MSIL2A_20221021T043819_R033_T45RYJ_20221022T080153,S1A_IW_GRDH_1SDV_20221021T235540_20221021T235605_045547_0571F4_rtc,2022-10-21T04:38:19.024000Z,2022-10-21T23:55:53.486105Z,19.29290614027778,89.16925709891423,25.987889032045718,0.048248291015625,0.0,-9.669143676757812,-15.229217529296875,high
BD_20221021_S2B_MSIL2A_20221021T043819_R033_T45RYJ_20221022T080153_1,S2B_MSIL2A_20221021T043819_R033_T45RYJ_20221022T080153,S1A_IW_GRDH_1SDV_20221021T235540_20221021T235605_045547_0571F4_rtc,2022-10-21T04:38:19.024000Z,2022-10-21T23:55:53.486105Z,19.29290614027778,89.16925709891423,25.9418952894988,0.218841552734375,0.0,-11.978719711303711,-17.63888931274414,high
BD_20221021_S2B_MSIL2A_20221021T043819_R033_T45RYJ_20221022T080153_2,S2B_MSIL2A_20221021T043819_R033_T45RYJ_20221022T080153,S1A_IW_GRDH_1SDV_20221021T235540_20221021T235605_045547_0571F4_rtc,2022-10-21T04:38:19.024000Z,2022-10-21T23:55:53.486105Z,19.29290614027778,89.21525084146114,25.9418952894988,0.04303741455078125,0.0,-10.009611129760742,-15.879788398742676,high
BD_20221021_S2B_MSIL2A_20221021T043819_R033_T45QYG_20221022T071910_0,S2B_MSIL2A_20221021T043819_R033_T45QYG_20221022T071910,S1A_IW_GRDH_1SDV_20221021T235605_20221021T235630_045547_0571F4_rtc,2022-10-21T04:38:19.024000Z,2022-10-21T23:56:18.486497Z,19.299850693611113,89.03297477901523,24.377589228726542,0.0504138712883588,0.0174560546875,-8.197864532470703,-14.552665710449219,high
BD_20221021_S2B_MSIL2A_20221021T043819_R033_T45QYG_20221022T071910_1,S2B_MSIL2A_20221021T043819_R033_T45QYG_20221022T071910,S1A_IW_GRDH_1SDV_20221021T235605_20221021T235630_045547_0571F4_rtc,2022-10-21T04:38:19.024000Z,2022-10-21T23:56:18.486497Z,19.299850693611113,89.03297477901523,24.331595486179623,0.032924652099609375,0.0,-8.035409927368164,-14.430030822753906,high
BD_20221021_S2B_MSIL2A_20221021T043819_R033_T45QYG_20221022T071910_2,S2B_MSIL2A_20221021T043819_R033_T45QYG_20221022T071910,S1A_IW_GRDH_1SDV_20221021T235605_20221021T235630_045547_0571F4_rtc,2022-10-21T04:38:19.024000Z,2022-10-21T23:56:18.486497Z,19.299850693611113,89.07896852156215,24.331595486179623,0.03743743896484375,0.0,-7.806909561157227,-14.356962203979492,high
BD_20221021_S2B_MSIL2A_20221021T043819_R033_T45QYG_20221022T071910_3,S2B_MSIL2A_20221021T043819_R033_T45QYG_20221022T071910,S1A_IW_GRDH_1SDV_20221021T235605_20221021T235630_045547_0571F4_rtc,2022-10-21T04:38:19.024000Z,2022-10-21T23:56:18.486497Z,19.299850693611113,89.12496226410907,24.331595486179623,0.1175689697265625,0.0,-8.409387588500977,-15.106239318847656,high
BD_20221021_S2B_MSIL2A_20221021T043819_R033_T45QYF_20221022T075410_0,S2B_MSIL2A_20221021T043819_R033_T45QYF_20221022T075410,S1A_IW_GRDH_1SDV_20221021T235630_20221021T235655_045547_0571F4_rtc,2022-10-21T04:38:19.024000Z,2022-10-21T23:56:43.486881Z,19.30679524472222,89.01363115360603,23.47524932872654,0.04103356411566997,0.0148468017578125,-9.104110717773438,-15.293817520141602,high
BD_20221021_S2B_MSIL2A_20221021T043819_R033_T45QYF_20221022T075410_1,S2B_MSIL2A_20221021T043819_R033_T45QYF_20221022T075410,S1A_IW_GRDH_1SDV_20221021T235630_20221021T235655_045547_0571F4_rtc,2022-10-21T04:38:19.024000Z,2022-10-21T23:56:43.486881Z,19.30679524472222,89.05962489615294,23.291274358538864,0.040859222412109375,0.0,-8.292376518249512,-14.761322975158691,high
BD_20221021_S2B_MSIL2A_20221021T043819_R033_T45QYF_20221022T075410_2,S2B_MSIL2A_20221021T043819_R033_T45QYF_20221022T075410,S1A_IW_GRDH_1SDV_20221021T235630_20221021T235655_045547_0571F4_rtc,2022-10-21T04:38:19.024000Z,2022-10-21T23:56:43.486881Z,19.30679524472222,89.10561863869987,23.291274358538864,0.03350830078125,0.0,-8.339366912841797,-14.77734375,high
BD_20221021_S2B_MSIL2A_20221021T043819_R033_T45QYF_20221022T075410_3,S2B_MSIL2A_20221021T043819_R033_T45QYF_20221022T075410,S1A_IW_GRDH_1SDV_20221021T235630_20221021T235655_045547_0571F4_rtc,2022-10-21T04:38:19.024000Z,2022-10-21T23:56:43.486881Z,19.30679524472222,89.15161238124678,23.291274358538864,0.052196502685546875,0.0,-8.667458534240723,-15.189966201782227,high
BD_20221021_S2B_MSIL2A_20221021T043819_R033_T45QYE_20221022T082708_0,S2B_MSIL2A_20221021T043819_R033_T45QYE_20221022T082708,S1A_IW_GRDH_1SDV_20221021T235630_20221021T235655_045547_0571F4_rtc,2022-10-21T04:38:19.024000Z,2022-10-21T23:56:43.486881Z,19.30679524472222,88.96763311444964,22.57225602872654,0.5071321726525514,0.0105133056640625,-11.381040573120117,-18.249740600585938,high
BD_20221021_S2B_MSIL2A_20221021T043819_R033_T45QYE_20221022T082708_1,S2B_MSIL2A_20221021T043819_R033_T45QYE_20221022T082708,S1A_IW_GRDH_1SDV_20221021T235630_20221021T235655_045547_0571F4_rtc,2022-10-21T04:38:19.024000Z,2022-10-21T23:56:43.486881Z,19.30679524472222,89.01362685699657,22.57225602872654,0.605903465634978,0.01793670654296875,-12.28648567199707,-19.0716609954834,high
BD_20221021_S2B_MSIL2A_20221021T043819_R033_T45QYE_20221022T082708_2,S2B_MSIL2A_20221021T043819_R033_T45QYE_20221022T082708,S1A_IW_GRDH_1SDV_20221021T235630_20221021T235655_045547_0571F4_rtc,2022-10-21T04:38:19.024000Z,2022-10-21T23:56:43.486881Z,19.30679524472222,89.01362685699657,22.52626228617962,0.4982414245605469,0.0,-11.00057315826416,-18.167692184448242,high
BD_20221021_S2B_MSIL2A_20221021T043819_R033_T45QYE_20221022T082708_3,S2B_MSIL2A_20221021T043819_R033_T45QYE_20221022T082708,S1A_IW_GRDH_1SDV_20221021T235630_20221021T235655_045547_0571F4_rtc,2022-10-21T04:38:19.024000Z,2022-10-21T23:56:43.486881Z,19.30679524472222,89.05962059954348,22.52626228617962,0.7898445129394531,0.0,-13.92038345336914,-21.278480529785156,high
BD_20221021_S2B_MSIL2A_20221021T043819_R033_T45QXG_20221022T073945_0,S2B_MSIL2A_20221021T043819_R033_T45QXG_20221022T073945,S1A_IW_GRDH_1SDV_20221021T235605_20221021T235630_045547_0571F4_rtc,2022-10-21T04:38:19.024000Z,2022-10-21T23:56:18.486497Z,19.299850693611113,88.89187210367976,24.24093143305173,0.032863616943359375,0.0,-7.804898262023926,-14.168853759765625,high
BD_20221021_S2B_MSIL2A_20221021T043819_R033_T45QXG_20221022T073945_1,S2B_MSIL2A_20221021T043819_R033_T45QXG_20221022T073945,S1A_IW_GRDH_1SDV_20221021T235605_20221021T235630_045547_0571F4_rtc,2022-10-21T04:38:19.024000Z,2022-10-21T23:56:18.486497Z,19.299850693611113,88.79988461858592,24.194937690504812,0.09885402122578528,3.814697265625e-05,-8.119991302490234,-14.329046249389648,high
BD_20221021_S2B_MSIL2A_20221021T043819_R033_T45QXG_20221022T073945_2,S2B_MSIL2A_20221021T043819_R033_T45QXG_20221022T073945,S1A_IW_GRDH_1SDV_20221021T235605_20221021T235630_045547_0571F4_rtc,2022-10-21T04:38:19.024000Z,2022-10-21T23:56:18.486497Z,19.299850693611113,88.84587836113283,24.194937690504812,0.10455703735351562,0.0,-7.615821838378906,-14.302421569824219,high
BD_20221021_S2B_MSIL2A_20221021T043819_R033_T45QXG_20221022T073945_3,S2B_MSIL2A_20221021T043819_R033_T45QXG_20221022T073945,S1A_IW_GRDH_1SDV_20221021T235605_20221021T235630_045547_0571F4_rtc,2022-10-21T04:38:19.024000Z,2022-10-21T23:56:18.486497Z,19.299850693611113,88.89187210367976,24.194937690504812,0.08553695678710938,0.0,-7.898452281951904,-14.416143417358398,high
BD_20221021_S2B_MSIL2A_20221021T043819_R033_T45QXF_20221022T075849_0,S2B_MSIL2A_20221021T043819_R033_T45QXF_20221022T075849,S1A_IW_GRDH_1SDV_20221021T235630_20221021T235655_045547_0571F4_rtc,2022-10-21T04:38:19.024000Z,2022-10-21T23:56:43.486881Z,19.30679524472222,88.94949315600822,23.431166729968346,0.08959197998046875,0.0,-9.007123947143555,-15.650148391723633,high
BD_20221021_S2B_MSIL2A_20221021T043819_R033_T45QXF_20221022T075849_1,S2B_MSIL2A_20221021T043819_R033_T45QXF_20221022T075849,S1A_IW_GRDH_1SDV_20221021T235630_20221021T235655_045547_0571F4_rtc,2022-10-21T04:38:19.024000Z,2022-10-21T23:56:43.486881Z,19.30679524472222,88.81151192836745,23.385172987421427,0.036163330078125,0.0,-9.388781547546387,-15.45395278930664,high
BD_20221021_S2B_MSIL2A_20221021T043819_R033_T45QXF_20221022T075849_2,S2B_MSIL2A_20221021T043819_R033_T45QXF_20221022T075849,S1A_IW_GRDH_1SDV_20221021T235630_20221021T235655_045547_0571F4_rtc,2022-10-21T04:38:19.024000Z,2022-10-21T23:56:43.486881Z,19.30679524472222,88.76551818582054,23.339179244874508,0.04206085205078125,0.0,-8.012907028198242,-14.797516822814941,high
BD_20221021_S2B_MSIL2A_20221021T043819_R033_T45QXF_20221022T075849_3,S2B_MSIL2A_20221021T043819_R033_T45QXF_20221022T075849,S1A_IW_GRDH_1SDV_20221021T235630_20221021T235655_045547_0571F4_rtc,2022-10-21T04:38:19.024000Z,2022-10-21T23:56:43.486881Z,19.30679524472222,88.81151192836745,23.339179244874508,0.1698455810546875,0.0,-11.111100196838379,-16.640403747558594,high
BD_20221021_S2B_MSIL2A_20221021T043819_R033_T45QXE_20221022T072338_0,S2B_MSIL2A_20221021T043819_R033_T45QXE_20221022T072338,S1A_IW_GRDH_1SDV_20221021T235630_20221021T235655_045547_0571F4_rtc,2022-10-21T04:38:19.024000Z,2022-10-21T23:56:43.486881Z,19.30679524472222,88.98806011382054,22.571997496513873,0.4617352123478094,0.005222320556640625,-10.953937530517578,-17.736557006835938,high
BD_20221015_S2B_MSIL2A_20221015T041739_R090_T46QCK_20221015T192901_0,S2B_MSIL2A_20221015T041739_R090_T46QCK_20221015T192901,S1A_IW_GRDH_1SDV_20221014T115625_20221014T115650_045438_056EFE_rtc,2022-10-15T04:17:39.024000Z,2022-10-14T11:56:38.094892Z,16.350258085555556,91.6804335102051,22.53564808617962,0.2758369445800781,0.0,-9.793288230895996,-16.833106994628906,high
BD_20221015_S2B_MSIL2A_20221015T041739_R090_T46QCK_20221015T192901_1,S2B_MSIL2A_20221015T041739_R090_T46QCK_20221015T192901,S1A_IW_GRDH_1SDV_20221014T115625_20221014T115650_045438_056EFE_rtc,2022-10-15T04:17:39.024000Z,2022-10-14T11:56:38.094892Z,16.350258085555556,91.72642725275202,22.4896543436327,0.11943817138671875,0.0,-6.231149673461914,-13.574971199035645,high
BD_20221015_S2B_MSIL2A_20221015T041739_R090_T46QCK_20221015T192901_2,S2B_MSIL2A_20221015T041739_R090_T46QCK_20221015T192901,S1A_IW_GRDH_1SDV_20221014T115625_20221014T115650_045438_056EFE_rtc,2022-10-15T04:17:39.024000Z,2022-10-14T11:56:38.094892Z,16.350258085555556,91.72642725275202,22.44366060108578,0.5862045288085938,0.0,-10.201875686645508,-17.91979217529297,high
BD_20221015_S2B_MSIL2A_20221015T041739_R090_T46QCK_20221015T192901_3,S2B_MSIL2A_20221015T041739_R090_T46QCK_20221015T192901,S1A_IW_GRDH_1SDV_20221014T115625_20221014T115650_045438_056EFE_rtc,2022-10-15T04:17:39.024000Z,2022-10-14T11:56:38.094892Z,16.350258085555556,91.77242099529894,22.351673115991943,0.14077377319335938,0.0,-5.7485833168029785,-13.76672649383545,high
BD_20221008_S2B_MSIL2A_20221008T042659_R133_T46QBM_20240718T082048_0,S2B_MSIL2A_20221008T042659_R133_T46QBM_20240718T082048,S1A_IW_GRDH_1SDV_20221007T120507_20221007T120532_045336_056B9B_rtc,2022-10-08T04:26:59.024000Z,2022-10-07T12:05:19.777341Z,16.36090184972222,90.11127711382039,24.240828101085782,0.22877181200370894,0.000286102294921875,-8.79140567779541,-15.134275436401367,high
BD_20221008_S2B_MSIL2A_20221008T042659_R133_T46QBL_20240718T082048_0,S2B_MSIL2A_20221008T042659_R133_T46QBL_20240718T082048,S1A_IW_GRDH_1SDV_20221007T120442_20221007T120507_045336_056B9B_rtc,2022-10-08T04:26:59.024000Z,2022-10-07T12:04:54.777708Z,16.367846192222224,90.31574328400806,23.43042508617962,0.5994834899902344,0.0,-14.272695541381836,-19.05765151977539,high
BD_20221008_S2B_MSIL2A_20221008T042659_R133_T45QZG_20240718T082048_0,S2B_MSIL2A_20221008T042659_R133_T45QZG_20240718T082048,S1A_IW_GRDH_1SDV_20221007T120507_20221007T120532_045336_056B9B_rtc,2022-10-08T04:26:59.024000Z,2022-10-07T12:05:19.777341Z,16.36090184972222,90.10699027345156,24.2695584436327,0.0384979248046875,0.0,-7.221686363220215,-13.50909423828125,high
BD_20221008_S2B_MSIL2A_20221008T042659_R133_T45QZG_20240718T082048_1,S2B_MSIL2A_20221008T042659_R133_T45QZG_20240718T082048,S1A_IW_GRDH_1SDV_20221007T120507_20221007T120532_045336_056B9B_rtc,2022-10-08T04:26:59.024000Z,2022-10-07T12:05:19.777341Z,16.36090184972222,90.10699027345156,24.22356470108578,0.46889846639533267,0.0139923095703125,-10.692212104797363,-16.868175506591797,high
BD_20221008_S2B_MSIL2A_20221008T042659_R133_T45QYG_20240718T082048_0,S2B_MSIL2A_20221008T042659_R133_T45QYG_20240718T082048,S1A_IW_GRDH_1SDV_20221007T120507_20221007T120532_045336_056B9B_rtc,2022-10-08T04:26:59.024000Z,2022-10-07T12:05:19.777341Z,16.36090184972222,89.5436497144886,24.231118901085782,0.25662918040280625,0.015277862548828125,-9.965665817260742,-15.46931266784668,high
BD_20221008_S2B_MSIL2A_20221008T042659_R133_T45QYG_20240718T082048_1,S2B_MSIL2A_20221008T042659_R133_T45QYG_20240718T082048,S1A_IW_GRDH_1SDV_20221007T120507_20221007T120532_045336_056B9B_rtc,2022-10-08T04:26:59.024000Z,2022-10-07T12:05:19.777341Z,16.36090184972222,89.5436497144886,24.185125158538863,0.7197782847693274,0.0034637451171875,-14.285327911376953,-19.405651092529297,high
BD_20221008_S2B_MSIL2A_20221008T042659_R133_T45QYE_20240718T082048_0,S2B_MSIL2A_20221008T042659_R133_T45QYE_20240718T082048,S1A_IW_GRDH_1SDV_20221007T120442_20221007T120507_045336_056B9B_rtc,2022-10-08T04:26:59.024000Z,2022-10-07T12:04:54.777708Z,16.367846192222224,89.61313897672188,22.519854377276378,0.5426680450192762,0.0184326171875,-11.498533248901367,-17.7486572265625,high
BD_20221008_S2B_MSIL2A_20221008T042659_R133_T45QYE_20240718T082048_1,S2B_MSIL2A_20221008T042659_R133_T45QYE_20240718T082048,S1A_IW_GRDH_1SDV_20221007T120442_20221007T120507_045336_056B9B_rtc,2022-10-08T04:26:59.024000Z,2022-10-07T12:04:54.777708Z,16.367846192222224,89.56714523417496,22.42786689218254,0.10545765729811042,0.0059356689453125,-7.717106342315674,-14.194856643676758,high
BD_20220928_S2B_MSIL2A_20220928T042709_R133_T46RBN_20220928T191719_0,S2B_MSIL2A_20220928T042709_R133_T46RBN_20220928T191719,S1A_IW_GRDH_1SDV_20220927T235605_20220927T235630_045197_0566EB_rtc,2022-09-28T04:27:09.024000Z,2022-09-27T23:56:18.398798Z,4.514062556111111,90.09042068435267,25.14329695506336,0.0496298275072508,0.000396728515625,-7.274187088012695,-14.048625946044922,high
BD_20220928_S2B_MSIL2A_20220928T042709_R133_T46RBN_20220928T191719_1,S2B_MSIL2A_20220928T042709_R133_T46RBN_20220928T191719,S1A_IW_GRDH_1SDV_20220927T235605_20220927T235630_045197_0566EB_rtc,2022-09-28T04:27:09.024000Z,2022-09-27T23:56:18.398798Z,4.514062556111111,90.09042068435267,25.09730321251644,0.1363372802734375,0.0,-7.094986438751221,-14.25954532623291,high
BD_20220928_S2B_MSIL2A_20220928T042709_R133_T46RBN_20220928T191719_2,S2B_MSIL2A_20220928T042709_R133_T46RBN_20220928T191719,S1A_IW_GRDH_1SDV_20220927T235605_20220927T235630_045197_0566EB_rtc,2022-09-28T04:27:09.024000Z,2022-09-27T23:56:18.398798Z,4.514062556111111,90.13641442689958,25.09730321251644,0.14245223999023438,0.0,-7.191154479980469,-14.205865859985352,high
BD_20220928_S2B_MSIL2A_20220928T042709_R133_T46RBN_20220928T191719_3,S2B_MSIL2A_20220928T042709_R133_T46RBN_20220928T191719,S1A_IW_GRDH_1SDV_20220927T235605_20220927T235630_045197_0566EB_rtc,2022-09-28T04:27:09.024000Z,2022-09-27T23:56:18.398798Z,4.514062556111111,90.1824081694465,25.09730321251644,0.06818771362304688,0.0,-7.12039852142334,-13.748656272888184,high
BD_20220928_S2B_MSIL2A_20220928T042709_R133_T45RZH_20220928T190004_0,S2B_MSIL2A_20220928T042709_R133_T45RZH_20220928T190004,S1A_IW_GRDH_1SDV_20220927T235605_20220927T235630_045197_0566EB_rtc,2022-09-28T04:27:09.024000Z,2022-09-27T23:56:18.398798Z,4.514062556111111,90.02426081382039,25.150538607360517,0.17314910888671875,0.0,-8.294342041015625,-14.77923583984375,high
BD_20220928_S2B_MSIL2A_20220928T042709_R133_T45RZH_20220928T190004_1,S2B_MSIL2A_20220928T042709_R133_T45RZH_20220928T190004,S1A_IW_GRDH_1SDV_20220927T235605_20220927T235630_045197_0566EB_rtc,2022-09-28T04:27:09.024000Z,2022-09-27T23:56:18.398798Z,4.514062556111111,90.0702545563673,25.150538607360517,0.09412839490879811,0.014556884765625,-7.440109729766846,-14.18826675415039,high
BD_20220928_S2B_MSIL2A_20220928T042709_R133_T45RZH_20220928T190004_2,S2B_MSIL2A_20220928T042709_R133_T45RZH_20220928T190004,S1A_IW_GRDH_1SDV_20220927T235605_20220927T235630_045197_0566EB_rtc,2022-09-28T04:27:09.024000Z,2022-09-27T23:56:18.398798Z,4.514062556111111,90.02426081382039,25.104544864813597,0.0490875244140625,0.0,-7.024849891662598,-13.883247375488281,high
BD_20220928_S2B_MSIL2A_20220928T042709_R133_T45RZH_20220928T190004_3,S2B_MSIL2A_20220928T042709_R133_T45RZH_20220928T190004,S1A_IW_GRDH_1SDV_20220927T235605_20220927T235630_045197_0566EB_rtc,2022-09-28T04:27:09.024000Z,2022-09-27T23:56:18.398798Z,4.514062556111111,90.0702545563673,25.104544864813597,0.22715029148734853,0.000152587890625,-7.952932834625244,-15.009225845336914,high
BD_20220928_S2B_MSIL2A_20220928T042709_R133_T45RYJ_20220928T190933_0,S2B_MSIL2A_20220928T042709_R133_T45RYJ_20220928T190933,S1A_IW_GRDH_1SDV_20220927T235605_20220927T235630_045197_0566EB_rtc,2022-09-28T04:27:09.024000Z,2022-09-27T23:56:18.398798Z,4.514062556111111,89.73966361382038,25.243803987530697,0.1316375732421875,0.0,-9.865482330322266,-15.948312759399414,high
BD_20220928_S2B_MSIL2A_20220928T042709_R133_T45RYJ_20220928T190933_1,S2B_MSIL2A_20220928T042709_R133_T45RYJ_20220928T190933,S1A_IW_GRDH_1SDV_20220927T235605_20220927T235630_045197_0566EB_rtc,2022-09-28T04:27:09.024000Z,2022-09-27T23:56:18.398798Z,4.514062556111111,89.7856573563673,25.243803987530697,0.06185150146484375,0.0,-8.859050750732422,-14.362102508544922,high
BD_20220928_S2B_MSIL2A_20220928T042709_R133_T45RYJ_20220928T190933_2,S2B_MSIL2A_20220928T042709_R133_T45RYJ_20220928T190933,S1A_IW_GRDH_1SDV_20220927T235605_20220927T235630_045197_0566EB_rtc,2022-09-28T04:27:09.024000Z,2022-09-27T23:56:18.398798Z,4.514062556111111,89.92363858400806,25.243803987530697,0.031230926513671875,0.0,-7.770277500152588,-14.039898872375488,high
BD_20220928_S2B_MSIL2A_20220928T042709_R133_T45RYH_20220928T180809_0,S2B_MSIL2A_20220928T042709_R133_T45RYH_20220928T180809,S1A_IW_GRDH_1SDV_20220927T235605_20220927T235630_045197_0566EB_rtc,2022-09-28T04:27:09.024000Z,2022-09-27T23:56:18.398798Z,4.514062556111111,89.70748908400806,25.222245086179623,0.7715186780292618,0.000885009765625,-16.767921447753906,-20.990074157714844,high
BD_20220928_S2B_MSIL2A_20220928T042709_R133_T45RYH_20220928T180809_1,S2B_MSIL2A_20220928T042709_R133_T45RYH_20220928T180809,S1A_IW_GRDH_1SDV_20220927T235605_20220927T235630_045197_0566EB_rtc,2022-09-28T04:27:09.024000Z,2022-09-27T23:56:18.398798Z,4.514062556111111,89.70748908400806,25.130257601085784,0.7852156402722107,0.001659393310546875,-15.691020965576172,-20.55576515197754,high
BD_20220928_S2B_MSIL2A_20220928T042709_R133_T45RYH_20220928T180809_2,S2B_MSIL2A_20220928T042709_R133_T45RYH_20220928T180809,S1A_IW_GRDH_1SDV_20220927T235605_20220927T235630_045197_0566EB_rtc,2022-09-28T04:27:09.024000Z,2022-09-27T23:56:18.398798Z,4.514062556111111,89.70748908400806,25.084263858538865,0.5564813753581662,0.00150299072265625,-12.535651206970215,-18.144248962402344,high
BD_20220928_S2B_MSIL2A_20220928T042709_R133_T45RYH_20220928T180809_3,S2B_MSIL2A_20220928T042709_R133_T45RYH_20220928T180809,S1A_IW_GRDH_1SDV_20220927T235605_20220927T235630_045197_0566EB_rtc,2022-09-28T04:27:09.024000Z,2022-09-27T23:56:18.398798Z,4.514062556111111,89.66149534146113,25.038270115991946,0.637424351710066,0.011005401611328125,-14.062719345092773,-19.93529510498047,high
BD_20220908_S2B_MSIL2A_20220908T042709_R133_T46RDN_20220911T113356_0,S2B_MSIL2A_20220908T042709_R133_T46RDN_20220911T113356,S1A_IW_GRDH_1SDV_20220908T115650_20220908T115715_044913_055D58_rtc,2022-09-08T04:27:09.024000Z,2022-09-08T11:57:02.813563Z,7.49827487861111,92.03012113166787,25.164454386726607,0.29993338131920305,0.0036468505859375,-9.545356750488281,-16.244436264038086,high
BD_20220908_S2B_MSIL2A_20220908T042709_R133_T46RDN_20220911T113356_1,S2B_MSIL2A_20220908T042709_R133_T46RDN_20220911T113356,S1A_IW_GRDH_1SDV_20220908T115650_20220908T115715_044913_055D58_rtc,2022-09-08T04:27:09.024000Z,2022-09-08T11:57:02.813563Z,7.49827487861111,92.03012113166787,25.118460644179688,0.4905470293972332,0.01171875,-11.979377746582031,-18.366640090942383,high
BD_20220908_S2B_MSIL2A_20220908T042709_R133_T46RDN_20220911T113356_2,S2B_MSIL2A_20220908T042709_R133_T46RDN_20220911T113356,S1A_IW_GRDH_1SDV_20220908T115650_20220908T115715_044913_055D58_rtc,2022-09-08T04:27:09.024000Z,2022-09-08T11:57:02.813563Z,7.49827487861111,92.0761148742148,25.118460644179688,0.3594017028808594,0.0,-10.388202667236328,-17.139781951904297,high
BD_20220908_S2B_MSIL2A_20220908T042709_R133_T46RDN_20220911T113356_3,S2B_MSIL2A_20220908T042709_R133_T46RDN_20220911T113356,S1A_IW_GRDH_1SDV_20220908T115650_20220908T115715_044913_055D58_rtc,2022-09-08T04:27:09.024000Z,2022-09-08T11:57:02.813563Z,7.49827487861111,92.12210861676171,25.118460644179688,0.10040664672851562,0.0,-8.056087493896484,-15.148770332336426,high
BD_20220908_S2B_MSIL2A_20220908T042709_R133_T46RCN_20220911T114330_0,S2B_MSIL2A_20220908T042709_R133_T46RCN_20220911T114330,S1A_IW_GRDH_1SDV_20220908T115650_20220908T115715_044913_055D58_rtc,2022-09-08T04:27:09.024000Z,2022-09-08T11:57:02.813563Z,7.49827487861111,91.26969845714994,25.07246690163277,0.7574256857788605,0.002490997314453125,-15.726378440856934,-20.09899139404297,high
BD_20220908_S2B_MSIL2A_20220908T042709_R133_T46RCN_20220911T114330_1,S2B_MSIL2A_20220908T042709_R133_T46RCN_20220911T114330,S1A_IW_GRDH_1SDV_20220908T115650_20220908T115715_044913_055D58_rtc,2022-09-08T04:27:09.024000Z,2022-09-08T11:57:02.813563Z,7.49827487861111,91.26969845714994,25.02647315908585,0.7468032836914062,0.0,-14.003947257995605,-19.874664306640625,high
BD_20220908_S2B_MSIL2A_20220908T042709_R133_T46RCN_20220911T114330_2,S2B_MSIL2A_20220908T042709_R133_T46RCN_20220911T114330,S1A_IW_GRDH_1SDV_20220908T115650_20220908T115715_044913_055D58_rtc,2022-09-08T04:27:09.024000Z,2022-09-08T11:57:02.813563Z,7.49827487861111,91.1777109720561,24.98047941653893,0.8117523193359375,0.0,-13.758989334106445,-20.56845474243164,high
BD_20220908_S2B_MSIL2A_20220908T042709_R133_T46RCN_20220911T114330_3,S2B_MSIL2A_20220908T042709_R133_T46RCN_20220911T114330,S1A_IW_GRDH_1SDV_20220908T115650_20220908T115715_044913_055D58_rtc,2022-09-08T04:27:09.024000Z,2022-09-08T11:57:02.813563Z,7.49827487861111,91.22370471460302,24.98047941653893,0.7139968872070312,0.0,-12.860692977905273,-19.417972564697266,high
BD_20231026_S2B_MSIL2A_20231026T043849_R033_T45RYK_20241121T122521_0,S2B_MSIL2A_20231026T043849_R033_T45RYK_20241121T122521,S1A_IW_GRDH_1SDV_20231026T120537_20231026T120602_050936_0623EF_rtc,2023-10-26T04:38:49.024000Z,2023-10-26T12:05:49.771085Z,7.450207523611111,89.06877711382039,26.168842729992033,0.17776132616925144,0.0003662109375,-9.956827163696289,-16.91314697265625,high
BD_20231026_S2B_MSIL2A_20231026T043849_R033_T45RYK_20231026T084342_0,S2B_MSIL2A_20231026T043849_R033_T45RYK_20231026T084342,S1A_IW_GRDH_1SDV_20231026T120537_20231026T120602_050936_0623EF_rtc,2023-10-26T04:38:49.024000Z,2023-10-26T12:05:49.771085Z,7.450207523611111,89.02278337127346,26.168842729992033,0.09362909566476463,0.01993560791015625,-9.149430274963379,-15.101221084594727,high
BD_20231026_S2B_MSIL2A_20231026T043849_R033_T45RYK_20231026T084342_1,S2B_MSIL2A_20231026T043849_R033_T45RYK_20231026T084342,S1A_IW_GRDH_1SDV_20231026T120537_20231026T120602_050936_0623EF_rtc,2023-10-26T04:38:49.024000Z,2023-10-26T12:05:49.771085Z,7.450207523611111,89.06877711382039,26.168842729992033,0.17777048379463536,0.0005035400390625,-9.956827163696289,-16.91314697265625,high
BD_20231026_S2B_MSIL2A_20231026T043849_R033_T45RXK_20241121T122521_0,S2B_MSIL2A_20231026T043849_R033_T45RXK_20241121T122521,S1A_IW_GRDH_1SDV_20231026T120537_20231026T120602_050936_0623EF_rtc,2023-10-26T04:38:49.024000Z,2023-10-26T12:05:49.771085Z,7.450207523611111,88.60347525498614,26.278305620538976,0.033443769275397724,0.000579833984375,-9.01983642578125,-14.531865119934082,high
BD_20231026_S2B_MSIL2A_20231026T043849_R033_T45RXK_20241121T122521_1,S2B_MSIL2A_20231026T043849_R033_T45RXK_20241121T122521,S1A_IW_GRDH_1SDV_20231026T120537_20231026T120602_050936_0623EF_rtc,2023-10-26T04:38:49.024000Z,2023-10-26T12:05:49.771085Z,7.450207523611111,88.69546274007998,26.232311877992057,0.0402679443359375,0.0,-8.611091613769531,-14.622671127319336,high
BD_20231026_S2B_MSIL2A_20231026T043849_R033_T45RXK_20231026T084147_0,S2B_MSIL2A_20231026T043849_R033_T45RXK_20231026T084147,S1A_IW_GRDH_1SDV_20231026T120537_20231026T120602_050936_0623EF_rtc,2023-10-26T04:38:49.024000Z,2023-10-26T12:05:49.771085Z,7.450207523611111,88.60347525498614,26.278305620538976,0.0334933891111179,0.000579833984375,-9.01983642578125,-14.531865119934082,high
BD_20231026_S2B_MSIL2A_20231026T043849_R033_T45RXK_20231026T084147_1,S2B_MSIL2A_20231026T043849_R033_T45RXK_20231026T084147,S1A_IW_GRDH_1SDV_20231026T120537_20231026T120602_050936_0623EF_rtc,2023-10-26T04:38:49.024000Z,2023-10-26T12:05:49.771085Z,7.450207523611111,88.69546274007998,26.232311877992057,0.040325164794921875,0.0,-8.611091613769531,-14.622671127319336,high
BD_20231026_S2B_MSIL2A_20231026T043849_R033_T45RXH_20241121T122521_0,S2B_MSIL2A_20231026T043849_R033_T45RXH_20241121T122521,S1A_IW_GRDH_1SDV_20231026T120512_20231026T120537_050936_0623EF_rtc,2023-10-26T04:38:49.024000Z,2023-10-26T12:05:24.771362Z,7.443263156111111,88.8805265094969,25.04520886757204,0.13321917149289053,0.008693695068359375,-8.631150245666504,-14.750288009643555,high
BD_20231026_S2B_MSIL2A_20231026T043849_R033_T45RXH_20231026T085147_0,S2B_MSIL2A_20231026T043849_R033_T45RXH_20231026T085147,S1A_IW_GRDH_1SDV_20231026T120512_20231026T120537_050936_0623EF_rtc,2023-10-26T04:38:49.024000Z,2023-10-26T12:05:24.771362Z,7.443263156111111,88.8805265094969,25.04520886757204,0.1329855380247227,0.008472442626953125,-8.631150245666504,-14.750288009643555,high
BD_20231026_S2B_MSIL2A_20231026T043849_R033_T45QYG_20241121T122521_0,S2B_MSIL2A_20231026T043849_R033_T45QYG_20241121T122521,S1A_IW_GRDH_1SDV_20231026T120447_20231026T120512_050936_0623EF_rtc,2023-10-26T04:38:49.024000Z,2023-10-26T12:04:59.771640Z,7.436318788888889,89.27757170783825,23.741159234179698,0.06952285766601562,0.0,-8.035324096679688,-14.056329727172852,high
BD_20231026_S2B_MSIL2A_20231026T043849_R033_T45QYG_20241121T122521_1,S2B_MSIL2A_20231026T043849_R033_T45QYG_20241121T122521,S1A_IW_GRDH_1SDV_20231026T120447_20231026T120512_050936_0623EF_rtc,2023-10-26T04:38:49.024000Z,2023-10-26T12:04:59.771640Z,7.436318788888889,89.32356545038516,23.741159234179698,0.039386749267578125,0.0,-7.743465900421143,-13.917913436889648,high
BD_20231026_S2B_MSIL2A_20231026T043849_R033_T45QYG_20241121T122521_2,S2B_MSIL2A_20231026T043849_R033_T45QYG_20241121T122521,S1A_IW_GRDH_1SDV_20231026T120447_20231026T120512_050936_0623EF_rtc,2023-10-26T04:38:49.024000Z,2023-10-26T12:04:59.771640Z,7.436318788888889,89.32356545038516,23.69516549163278,0.06958770751953125,0.0,-8.573068618774414,-14.37309455871582,high
BD_20231026_S2B_MSIL2A_20231026T043849_R033_T45QYG_20241121T122521_3,S2B_MSIL2A_20231026T043849_R033_T45QYG_20241121T122521,S1A_IW_GRDH_1SDV_20231026T120447_20231026T120512_050936_0623EF_rtc,2023-10-26T04:38:49.024000Z,2023-10-26T12:04:59.771640Z,7.436318788888889,89.36955919293209,23.64917174908586,0.05123138427734375,0.0,-8.77524185180664,-14.400142669677734,high
BD_20231026_S2B_MSIL2A_20231026T043849_R033_T45QYG_20231026T082600_0,S2B_MSIL2A_20231026T043849_R033_T45QYG_20231026T082600,S1A_IW_GRDH_1SDV_20231026T120447_20231026T120512_050936_0623EF_rtc,2023-10-26T04:38:49.024000Z,2023-10-26T12:04:59.771640Z,7.436318788888889,89.27757170783825,23.74115985142767,0.0694122314453125,0.0,-8.035324096679688,-14.056329727172852,high
BD_20231026_S2B_MSIL2A_20231026T043849_R033_T45QYG_20231026T082600_1,S2B_MSIL2A_20231026T043849_R033_T45QYG_20231026T082600,S1A_IW_GRDH_1SDV_20231026T120447_20231026T120512_050936_0623EF_rtc,2023-10-26T04:38:49.024000Z,2023-10-26T12:04:59.771640Z,7.436318788888889,89.32356545038516,23.74115985142767,0.0393524169921875,0.0,-7.743465900421143,-13.917913436889648,high
BD_20231026_S2B_MSIL2A_20231026T043849_R033_T45QYG_20231026T082600_2,S2B_MSIL2A_20231026T043849_R033_T45QYG_20231026T082600,S1A_IW_GRDH_1SDV_20231026T120447_20231026T120512_050936_0623EF_rtc,2023-10-26T04:38:49.024000Z,2023-10-26T12:04:59.771640Z,7.436318788888889,89.32356545038516,23.695166108880752,0.06951522827148438,0.0,-8.573068618774414,-14.37309455871582,high
BD_20231026_S2B_MSIL2A_20231026T043849_R033_T45QYG_20231026T082600_3,S2B_MSIL2A_20231026T043849_R033_T45QYG_20231026T082600,S1A_IW_GRDH_1SDV_20231026T120447_20231026T120512_050936_0623EF_rtc,2023-10-26T04:38:49.024000Z,2023-10-26T12:04:59.771640Z,7.436318788888889,89.36955919293209,23.649172366333833,0.051280975341796875,0.0,-8.77524185180664,-14.400142669677734,high
BD_20231026_S2B_MSIL2A_20231026T043849_R033_T45QYF_20241121T122521_0,S2B_MSIL2A_20231026T043849_R033_T45QYF_20241121T122521,S1A_IW_GRDH_1SDV_20231026T120447_20231026T120512_050936_0623EF_rtc,2023-10-26T04:38:49.024000Z,2023-10-26T12:04:59.771640Z,7.436318788888889,89.42145297152462,23.37989242890906,0.08950042724609375,0.0,-8.678654670715332,-14.449872016906738,high
BD_20231026_S2B_MSIL2A_20231026T043849_R033_T45QYF_20241121T122521_1,S2B_MSIL2A_20231026T043849_R033_T45QYF_20241121T122521,S1A_IW_GRDH_1SDV_20231026T120447_20231026T120512_050936_0623EF_rtc,2023-10-26T04:38:49.024000Z,2023-10-26T12:04:59.771640Z,7.436318788888889,89.42145297152462,23.33389868636214,0.05059051513671875,0.0,-8.475273132324219,-14.29232406616211,high
BD_20231026_S2B_MSIL2A_20231026T043849_R033_T45QYF_20231026T082549_0,S2B_MSIL2A_20231026T043849_R033_T45QYF_20231026T082549,S1A_IW_GRDH_1SDV_20231026T120447_20231026T120512_050936_0623EF_rtc,2023-10-26T04:38:49.024000Z,2023-10-26T12:04:59.771640Z,7.436318788888889,89.42145297330582,23.379892420481337,0.08912277221679688,0.0,-8.678654670715332,-14.449872016906738,high
BD_20231026_S2B_MSIL2A_20231026T043849_R033_T45QYF_20231026T082549_1,S2B_MSIL2A_20231026T043849_R033_T45QYF_20231026T082549,S1A_IW_GRDH_1SDV_20231026T120447_20231026T120512_050936_0623EF_rtc,2023-10-26T04:38:49.024000Z,2023-10-26T12:04:59.771640Z,7.436318788888889,89.42145297330582,23.333898677934418,0.05035400390625,0.0,-8.475273132324219,-14.29232406616211,high
BD_20231026_S2B_MSIL2A_20231026T043849_R033_T45QYE_20241121T122521_0,S2B_MSIL2A_20231026T043849_R033_T45QYE_20241121T122521,S1A_IW_GRDH_1SDV_20231026T120447_20231026T120512_050936_0623EF_rtc,2023-10-26T04:38:49.024000Z,2023-10-26T12:04:59.771640Z,7.436318788888889,89.42896824820905,22.565851124951326,0.2676417016131206,0.009387969970703125,-10.621414184570312,-16.099266052246094,high
BD_20231026_S2B_MSIL2A_20231026T043849_R033_T45QYE_20231026T082359_0,S2B_MSIL2A_20231026T043849_R033_T45QYE_20231026T082359,S1A_IW_GRDH_1SDV_20231026T120447_20231026T120512_050936_0623EF_rtc,2023-10-26T04:38:49.024000Z,2023-10-26T12:04:59.771640Z,7.436318788888889,89.42896823381615,22.565851193050783,0.2682039255553887,0.009387969970703125,-10.621414184570312,-16.099266052246094,high
BD_20231026_S2B_MSIL2A_20231026T043849_R033_T45QXG_20241121T122521_0,S2B_MSIL2A_20231026T043849_R033_T45QXG_20241121T122521,S1A_IW_GRDH_1SDV_20231026T120512_20231026T120537_050936_0623EF_rtc,2023-10-26T04:38:49.024000Z,2023-10-26T12:05:24.771362Z,7.443263156111111,89.04528774883813,24.37722873827807,0.03607266369059132,0.01387786865234375,-7.190742492675781,-13.275672912597656,high
BD_20231026_S2B_MSIL2A_20231026T043849_R033_T45QXG_20231026T082608_0,S2B_MSIL2A_20231026T043849_R033_T45QXG_20231026T082608,S1A_IW_GRDH_1SDV_20231026T120512_20231026T120537_050936_0623EF_rtc,2023-10-26T04:38:49.024000Z,2023-10-26T12:05:24.771362Z,7.443263156111111,89.04528774883813,24.37722873827807,0.03270717120685787,0.01387786865234375,-7.190742492675781,-13.275672912597656,high
BD_20231021_S2A_MSIL2A_20231021T043821_R033_T45RYJ_20231021T091852_0,S2A_MSIL2A_20231021T043821_R033_T45RYJ_20231021T091852,S1A_IW_GRDH_1SDV_20231022T000353_20231022T000418_050870_0621AA_rtc,2023-10-21T04:38:21.024000Z,2023-10-22T00:04:05.973274Z,19.42915257611111,89.0583982690977,26.13700988617962,0.12710609852878335,0.00018310546875,-9.072038650512695,-15.639305114746094,high
BD_20231021_S2A_MSIL2A_20231021T043821_R033_T45RYJ_20231021T091852_1,S2A_MSIL2A_20231021T043821_R033_T45RYJ_20231021T091852,S1A_IW_GRDH_1SDV_20231022T000353_20231022T000418_050870_0621AA_rtc,2023-10-21T04:38:21.024000Z,2023-10-22T00:04:05.973274Z,19.42915257611111,89.1043920116446,26.13700988617962,0.1326830347605823,3.0517578125e-05,-9.109434127807617,-16.45553970336914,high
BD_20231021_S2A_MSIL2A_20231021T043821_R033_T45RYJ_20231021T091852_2,S2A_MSIL2A_20231021T043821_R033_T45RYJ_20231021T091852,S1A_IW_GRDH_1SDV_20231022T000353_20231022T000418_050870_0621AA_rtc,2023-10-21T04:38:21.024000Z,2023-10-22T00:04:05.973274Z,19.42915257611111,89.0583982690977,26.0910161436327,0.03706431119674915,0.000225067138671875,-8.370898246765137,-14.039278030395508,high
BD_20231021_S2A_MSIL2A_20231021T043821_R033_T45RYJ_20231021T091852_3,S2A_MSIL2A_20231021T043821_R033_T45RYJ_20231021T091852,S1A_IW_GRDH_1SDV_20231022T000353_20231022T000418_050870_0621AA_rtc,2023-10-21T04:38:21.024000Z,2023-10-22T00:04:05.973274Z,19.42915257611111,89.1043920116446,26.0910161436327,0.2523659064654084,0.00275421142578125,-10.065762519836426,-18.049949645996094,high
BD_20231016_S2B_MSIL2A_20231016T043749_R033_T45RYJ_20241108T183400_0,S2B_MSIL2A_20231016T043749_R033_T45RYJ_20241108T183400,S1A_IW_GRDH_1SDV_20231016T235546_20231016T235611_050797_061F38_rtc,2023-10-16T04:37:49.024000Z,2023-10-16T23:55:58.692792Z,19.302685775555556,89.16777503286477,26.033882774592637,0.07733465291416024,0.0132598876953125,-8.829315185546875,-14.378230094909668,high
BD_20231016_S2B_MSIL2A_20231016T043749_R033_T45RYJ_20241108T183400_1,S2B_MSIL2A_20231016T043749_R033_T45RYJ_20241108T183400,S1A_IW_GRDH_1SDV_20231016T235546_20231016T235611_050797_061F38_rtc,2023-10-16T04:37:49.024000Z,2023-10-16T23:55:58.692792Z,19.302685775555556,89.16777503286477,25.987889032045718,0.1318152502852607,0.000392913818359375,-9.703895568847656,-15.022743225097656,high
BD_20231016_S2B_MSIL2A_20231016T043749_R033_T45RYJ_20241108T183400_2,S2B_MSIL2A_20231016T043749_R033_T45RYJ_20241108T183400,S1A_IW_GRDH_1SDV_20231016T235546_20231016T235611_050797_061F38_rtc,2023-10-16T04:37:49.024000Z,2023-10-16T23:55:58.692792Z,19.302685775555556,89.16777503286477,25.9418952894988,0.3646969873211585,0.01615142822265625,-12.423141479492188,-17.71865463256836,high
BD_20231016_S2B_MSIL2A_20231016T043749_R033_T45RYJ_20241108T183400_3,S2B_MSIL2A_20231016T043749_R033_T45RYJ_20241108T183400,S1A_IW_GRDH_1SDV_20231016T235546_20231016T235611_050797_061F38_rtc,2023-10-16T04:37:49.024000Z,2023-10-16T23:55:58.692792Z,19.302685775555556,89.21376877541168,25.9418952894988,0.0956217771683501,0.012393951416015625,-9.919576644897461,-15.810657501220703,high
BD_20231016_S2B_MSIL2A_20231016T043749_R033_T45RYJ_20231016T094425_0,S2B_MSIL2A_20231016T043749_R033_T45RYJ_20231016T094425,S1A_IW_GRDH_1SDV_20231016T235546_20231016T235611_050797_061F38_rtc,2023-10-16T04:37:49.024000Z,2023-10-16T23:55:58.692792Z,19.302685775555556,89.16777503286477,26.033882774592637,0.07751442124286645,0.010036468505859375,-8.829315185546875,-14.378230094909668,high
BD_20231016_S2B_MSIL2A_20231016T043749_R033_T45RYJ_20231016T094425_1,S2B_MSIL2A_20231016T043749_R033_T45RYJ_20231016T094425,S1A_IW_GRDH_1SDV_20231016T235546_20231016T235611_050797_061F38_rtc,2023-10-16T04:37:49.024000Z,2023-10-16T23:55:58.692792Z,19.302685775555556,89.16777503286477,25.987889032045718,0.13187789916992188,0.0,-9.703895568847656,-15.022743225097656,high
BD_20231016_S2B_MSIL2A_20231016T043749_R033_T45RYJ_20231016T094425_2,S2B_MSIL2A_20231016T043749_R033_T45RYJ_20231016T094425,S1A_IW_GRDH_1SDV_20231016T235546_20231016T235611_050797_061F38_rtc,2023-10-16T04:37:49.024000Z,2023-10-16T23:55:58.692792Z,19.302685775555556,89.16777503286477,25.9418952894988,0.36526874271981796,0.014255523681640625,-12.423141479492188,-17.71865463256836,high
BD_20231016_S2B_MSIL2A_20231016T043749_R033_T45RYJ_20231016T094425_3,S2B_MSIL2A_20231016T043749_R033_T45RYJ_20231016T094425,S1A_IW_GRDH_1SDV_20231016T235546_20231016T235611_050797_061F38_rtc,2023-10-16T04:37:49.024000Z,2023-10-16T23:55:58.692792Z,19.302685775555556,89.21376877541168,25.9418952894988,0.09614271268342764,0.01163482666015625,-9.919576644897461,-15.810657501220703,high
BD_20231016_S2B_MSIL2A_20231016T043749_R033_T45QYF_20231016T094446_0,S2B_MSIL2A_20231016T043749_R033_T45QYF_20231016T094446,S1A_IW_GRDH_1SDV_20231016T235636_20231016T235701_050797_061F38_rtc,2023-10-16T04:37:49.024000Z,2023-10-16T23:56:48.692654Z,19.31657462611111,89.01363115360603,23.47524932872654,0.04127751188761365,0.0148468017578125,-8.505074501037598,-14.665973663330078,high
BD_20231016_S2B_MSIL2A_20231016T043749_R033_T45QYF_20231016T094446_1,S2B_MSIL2A_20231016T043749_R033_T45QYF_20231016T094446,S1A_IW_GRDH_1SDV_20231016T235636_20231016T235701_050797_061F38_rtc,2023-10-16T04:37:49.024000Z,2023-10-16T23:56:48.692654Z,19.31657462611111,89.05962489615294,23.291274358538864,0.033962249755859375,0.0,-7.778246879577637,-14.212265014648438,high
BD_20231016_S2B_MSIL2A_20231016T043749_R033_T45QYF_20231016T094446_2,S2B_MSIL2A_20231016T043749_R033_T45QYF_20231016T094446,S1A_IW_GRDH_1SDV_20231016T235636_20231016T235701_050797_061F38_rtc,2023-10-16T04:37:49.024000Z,2023-10-16T23:56:48.692654Z,19.31657462611111,89.15161238124678,23.291274358538864,0.05776214599609375,0.0,-8.330770492553711,-14.890209197998047,high
BD_20231016_S2B_MSIL2A_20231016T043749_R033_T45QYF_20231016T094446_3,S2B_MSIL2A_20231016T043749_R033_T45QYF_20231016T094446,S1A_IW_GRDH_1SDV_20231016T235636_20231016T235701_050797_061F38_rtc,2023-10-16T04:37:49.024000Z,2023-10-16T23:56:48.692654Z,19.31657462611111,89.1976061237937,23.291274358538864,0.042156219482421875,0.0,-9.094141006469727,-15.09958267211914,high
BD_20231016_S2B_MSIL2A_20231016T043749_R033_T45QYE_20231016T091545_0,S2B_MSIL2A_20231016T043749_R033_T45QYE_20231016T091545,S1A_IW_GRDH_1SDV_20231016T235636_20231016T235701_050797_061F38_rtc,2023-10-16T04:37:49.024000Z,2023-10-16T23:56:48.692654Z,19.31657462611111,88.96763311444964,22.57225602872654,0.5560203247644455,0.0105133056640625,-11.569129943847656,-17.97214126586914,high
BD_20231016_S2B_MSIL2A_20231016T043749_R033_T45QYE_20231016T091545_1,S2B_MSIL2A_20231016T043749_R033_T45QYE_20231016T091545,S1A_IW_GRDH_1SDV_20231016T235636_20231016T235701_050797_061F38_rtc,2023-10-16T04:37:49.024000Z,2023-10-16T23:56:48.692654Z,19.31657462611111,89.01362685699657,22.57225602872654,0.6291786111046371,0.01793670654296875,-12.1847562789917,-18.508115768432617,high
BD_20231016_S2B_MSIL2A_20231016T043749_R033_T45QYE_20231016T091545_2,S2B_MSIL2A_20231016T043749_R033_T45QYE_20231016T091545,S1A_IW_GRDH_1SDV_20231016T235636_20231016T235701_050797_061F38_rtc,2023-10-16T04:37:49.024000Z,2023-10-16T23:56:48.692654Z,19.31657462611111,89.01362685699657,22.52626228617962,0.5259628295898438,0.0,-11.262839317321777,-17.88552474975586,high
BD_20231016_S2B_MSIL2A_20231016T043749_R033_T45QYE_20231016T091545_3,S2B_MSIL2A_20231016T043749_R033_T45QYE_20231016T091545,S1A_IW_GRDH_1SDV_20231016T235636_20231016T235701_050797_061F38_rtc,2023-10-16T04:37:49.024000Z,2023-10-16T23:56:48.692654Z,19.31657462611111,89.05962059954348,22.52626228617962,0.8065109252929688,0.0,-14.36548137664795,-21.06423568725586,high
BD_20231016_S2B_MSIL2A_20231016T043749_R033_T45QXF_20231016T094049_0,S2B_MSIL2A_20231016T043749_R033_T45QXF_20231016T094049,S1A_IW_GRDH_1SDV_20231016T235636_20231016T235701_050797_061F38_rtc,2023-10-16T04:37:49.024000Z,2023-10-16T23:56:48.692654Z,19.31657462611111,88.94949315600822,23.431166729968346,0.09270477294921875,0.0,-8.3922700881958,-14.90349292755127,high
BD_20231016_S2B_MSIL2A_20231016T043749_R033_T45QXF_20231016T094049_1,S2B_MSIL2A_20231016T043749_R033_T45QXF_20231016T094049,S1A_IW_GRDH_1SDV_20231016T235636_20231016T235701_050797_061F38_rtc,2023-10-16T04:37:49.024000Z,2023-10-16T23:56:48.692654Z,19.31657462611111,88.81151192836745,23.385172987421427,0.04068756103515625,0.0,-9.131183624267578,-14.99029541015625,high
BD_20231016_S2B_MSIL2A_20231016T043749_R033_T45QXF_20231016T094049_2,S2B_MSIL2A_20231016T043749_R033_T45QXF_20231016T094049,S1A_IW_GRDH_1SDV_20231016T235636_20231016T235701_050797_061F38_rtc,2023-10-16T04:37:49.024000Z,2023-10-16T23:56:48.692654Z,19.31657462611111,88.85750567091438,23.385172987421427,0.03399658203125,0.0,-8.812784194946289,-14.854470252990723,high
BD_20231016_S2B_MSIL2A_20231016T043749_R033_T45QXF_20231016T094049_3,S2B_MSIL2A_20231016T043749_R033_T45QXF_20231016T094049,S1A_IW_GRDH_1SDV_20231016T235636_20231016T235701_050797_061F38_rtc,2023-10-16T04:37:49.024000Z,2023-10-16T23:56:48.692654Z,19.31657462611111,88.90349941346129,23.385172987421427,0.03143310546875,0.0,-7.374134063720703,-14.11489486694336,high
BD_20231016_S2B_MSIL2A_20231016T043749_R033_T45QXE_20241108T183400_0,S2B_MSIL2A_20231016T043749_R033_T45QXE_20241108T183400,S1A_IW_GRDH_1SDV_20231016T235636_20231016T235701_050797_061F38_rtc,2023-10-16T04:37:49.024000Z,2023-10-16T23:56:48.692654Z,19.31657462611111,88.98806011382054,22.571997496513873,0.511759179369188,0.005222320556640625,-10.869558334350586,-17.298736572265625,high
BD_20231016_S2B_MSIL2A_20231016T043749_R033_T45QXE_20231016T093000_0,S2B_MSIL2A_20231016T043749_R033_T45QXE_20231016T093000,S1A_IW_GRDH_1SDV_20231016T235636_20231016T235701_050797_061F38_rtc,2023-10-16T04:37:49.024000Z,2023-10-16T23:56:48.692654Z,19.31657462611111,88.98806011382054,22.571997496513873,0.511786022433132,0.005222320556640625,-10.869558334350586,-17.298736572265625,high
BD_20231010_S2B_MSIL2A_20231010T041709_R090_T46QCJ_20241106T012434_0,S2B_MSIL2A_20231010T041709_R090_T46QCJ_20241106T012434,S1A_IW_GRDH_1SDV_20231009T115605_20231009T115630_050688_061B7B_rtc,2023-10-10T04:17:09.024000Z,2023-10-09T11:56:18.069989Z,16.347487225277778,92.04887493946124,21.63213338617962,0.6075477600097656,0.0,-12.433076858520508,-18.131948471069336,high
BD_20231010_S2B_MSIL2A_20231010T041709_R090_T46QCJ_20241106T012434_1,S2B_MSIL2A_20231010T041709_R090_T46QCJ_20241106T012434,S1A_IW_GRDH_1SDV_20231009T115605_20231009T115630_050688_061B7B_rtc,2023-10-10T04:17:09.024000Z,2023-10-09T11:56:18.069989Z,16.347487225277778,92.04887493946124,21.586139643632702,0.4137462646020103,0.003025054931640625,-10.694548606872559,-16.67998504638672,high
BD_20231010_S2B_MSIL2A_20231010T041709_R090_T46QCJ_20231010T102303_0,S2B_MSIL2A_20231010T041709_R090_T46QCJ_20231010T102303,S1A_IW_GRDH_1SDV_20231009T115605_20231009T115630_050688_061B7B_rtc,2023-10-10T04:17:09.024000Z,2023-10-09T11:56:18.069989Z,16.347487225277778,92.04887493946124,21.63213338617962,0.6075363159179688,0.0,-12.433076858520508,-18.131948471069336,high
BD_20231010_S2B_MSIL2A_20231010T041709_R090_T46QCJ_20231010T102303_1,S2B_MSIL2A_20231010T041709_R090_T46QCJ_20231010T102303,S1A_IW_GRDH_1SDV_20231009T115605_20231009T115630_050688_061B7B_rtc,2023-10-10T04:17:09.024000Z,2023-10-09T11:56:18.069989Z,16.347487225277778,92.04887493946124,21.586139643632702,0.4135899074389399,0.003063201904296875,-10.694548606872559,-16.67998504638672,high
BD_20230928_S2A_MSIL2A_20230928T042711_R133_T46RBN_20230928T091835_0,S2A_MSIL2A_20230928T042711_R133_T46RBN_20230928T091835,S1A_IW_GRDH_1SDV_20230927T115720_20230927T115745_050513_061579_rtc,2023-09-28T04:27:11.024000Z,2023-09-27T11:57:33.061457Z,16.493878484166668,91.0784678460175,25.17539377472666,0.7572975158691406,0.0,-16.665969848632812,-20.255191802978516,high
BD_20230928_S2A_MSIL2A_20230928T042711_R133_T46RBN_20230928T091835_1,S2A_MSIL2A_20230928T042711_R133_T46RBN_20230928T091835,S1A_IW_GRDH_1SDV_20230927T115720_20230927T115745_050513_061579_rtc,2023-09-28T04:27:11.024000Z,2023-09-27T11:57:33.061457Z,16.493878484166668,90.94048661837675,25.129400032179742,0.4305839538574219,0.0,-11.45991325378418,-16.912948608398438,high
BD_20230928_S2A_MSIL2A_20230928T042711_R133_T46RBN_20230928T091835_2,S2A_MSIL2A_20230928T042711_R133_T46RBN_20230928T091835,S1A_IW_GRDH_1SDV_20230927T115720_20230927T115745_050513_061579_rtc,2023-09-28T04:27:11.024000Z,2023-09-27T11:57:33.061457Z,16.493878484166668,90.98648036092366,25.129400032179742,0.6646537780761719,0.0,-14.736963272094727,-19.05459213256836,high
BD_20230928_S2A_MSIL2A_20230928T042711_R133_T45RZH_20230928T091839_0,S2A_MSIL2A_20230928T042711_R133_T45RZH_20230928T091839,S1A_IW_GRDH_1SDV_20230927T115720_20230927T115745_050513_061579_rtc,2023-09-28T04:27:11.024000Z,2023-09-27T11:57:33.061457Z,16.493878484166668,90.94048661837677,25.12312344517974,0.5215377807617188,0.0,-12.113541603088379,-17.437192916870117,high
BD_20230928_S2A_MSIL2A_20230928T042711_R133_T45RZH_20230928T091839_1,S2A_MSIL2A_20230928T042711_R133_T45RZH_20230928T091839,S1A_IW_GRDH_1SDV_20230927T115720_20230927T115745_050513_061579_rtc,2023-09-28T04:27:11.024000Z,2023-09-27T11:57:33.061457Z,16.493878484166668,90.98648036092368,25.12312344517974,0.6820602416992188,0.0,-14.688068389892578,-19.151046752929688,high
BD_20230915_S2A_MSIL2A_20230915T041551_R090_T46QCK_20241024T214401_0,S2A_MSIL2A_20230915T041551_R090_T46QCK_20241024T214401,S1A_IW_GRDH_1SDV_20230915T115605_20230915T115630_050338_060F7B_rtc,2023-09-15T04:15:51.024000Z,2023-09-15T11:56:17.837934Z,7.674114981666667,92.08213244300818,22.08623551687384,0.06606164475475142,0.005062103271484375,-7.766878604888916,-14.17890739440918,high
BD_20230915_S2A_MSIL2A_20230915T041551_R090_T46QCK_20230915T113252_0,S2A_MSIL2A_20230915T041551_R090_T46QCK_20230915T113252,S1A_IW_GRDH_1SDV_20230915T115605_20230915T115630_050338_060F7B_rtc,2023-09-15T04:15:51.024000Z,2023-09-15T11:56:17.837934Z,7.674114981666667,92.08213244300818,22.08623551687384,0.06633515701978707,0.005023956298828125,-7.766878604888916,-14.17890739440918,high
BD_20230903_S2B_MSIL2A_20230903T042709_R133_T46RDN_20240909T045314_0,S2B_MSIL2A_20230903T042709_R133_T46RDN_20240909T045314,S1A_IW_GRDH_1SDV_20230903T115654_20230903T115719_050163_060990_rtc,2023-09-03T04:27:09.024000Z,2023-09-03T11:57:07.475598Z,7.499569888333333,92.03012113166787,25.164454386726607,0.29562706905843406,0.0090179443359375,-9.817028045654297,-16.159320831298828,high
BD_20230903_S2B_MSIL2A_20230903T042709_R133_T46RDN_20240909T045314_1,S2B_MSIL2A_20230903T042709_R133_T46RDN_20240909T045314,S1A_IW_GRDH_1SDV_20230903T115654_20230903T115719_050163_060990_rtc,2023-09-03T04:27:09.024000Z,2023-09-03T11:57:07.475598Z,7.499569888333333,92.03012113166787,25.118460644179688,0.5338284337944664,0.01171875,-12.075876235961914,-18.15036392211914,high
BD_20230903_S2B_MSIL2A_20230903T042709_R133_T46RDN_20240909T045314_2,S2B_MSIL2A_20230903T042709_R133_T46RDN_20240909T045314,S1A_IW_GRDH_1SDV_20230903T115654_20230903T115719_050163_060990_rtc,2023-09-03T04:27:09.024000Z,2023-09-03T11:57:07.475598Z,7.499569888333333,92.0761148742148,25.118460644179688,0.36984833593494054,0.010257720947265625,-10.288546562194824,-17.05532455444336,high
BD_20230903_S2B_MSIL2A_20230903T042709_R133_T46RDN_20240909T045314_3,S2B_MSIL2A_20230903T042709_R133_T46RDN_20240909T045314,S1A_IW_GRDH_1SDV_20230903T115654_20230903T115719_050163_060990_rtc,2023-09-03T04:27:09.024000Z,2023-09-03T11:57:07.475598Z,7.499569888333333,92.03012113166787,25.07246690163277,0.33010585305105855,0.019775390625,-8.47038459777832,-16.561874389648438,high
BD_20230903_S2B_MSIL2A_20230903T042709_R133_T46RDN_20230903T102509_0,S2B_MSIL2A_20230903T042709_R133_T46RDN_20230903T102509,S1A_IW_GRDH_1SDV_20230903T115654_20230903T115719_050163_060990_rtc,2023-09-03T04:27:09.024000Z,2023-09-03T11:57:07.475598Z,7.499569888333333,92.03012113166787,25.164454386726607,0.3063257832215178,0.00836181640625,-9.817028045654297,-16.159320831298828,high
BD_20230903_S2B_MSIL2A_20230903T042709_R133_T46RDN_20230903T102509_1,S2B_MSIL2A_20230903T042709_R133_T46RDN_20230903T102509,S1A_IW_GRDH_1SDV_20230903T115654_20230903T115719_050163_060990_rtc,2023-09-03T04:27:09.024000Z,2023-09-03T11:57:07.475598Z,7.499569888333333,92.03012113166787,25.118460644179688,0.534075469367589,0.01171875,-12.075876235961914,-18.15036392211914,high
BD_20230903_S2B_MSIL2A_20230903T042709_R133_T46RDN_20230903T102509_2,S2B_MSIL2A_20230903T042709_R133_T46RDN_20230903T102509,S1A_IW_GRDH_1SDV_20230903T115654_20230903T115719_050163_060990_rtc,2023-09-03T04:27:09.024000Z,2023-09-03T11:57:07.475598Z,7.499569888333333,92.0761148742148,25.118460644179688,0.37260989341902295,0.018238067626953125,-10.288546562194824,-17.05532455444336,high
BD_20230903_S2B_MSIL2A_20230903T042709_R133_T46RDN_20230903T102509_3,S2B_MSIL2A_20230903T042709_R133_T46RDN_20230903T102509,S1A_IW_GRDH_1SDV_20230903T115654_20230903T115719_050163_060990_rtc,2023-09-03T04:27:09.024000Z,2023-09-03T11:57:07.475598Z,7.499569888333333,92.03012113166787,25.07246690163277,0.3296777708592777,0.019775390625,-8.47038459777832,-16.561874389648438,high
BD_20230903_S2B_MSIL2A_20230903T042709_R133_T46RCN_20240909T045314_0,S2B_MSIL2A_20230903T042709_R133_T46RCN_20240909T045314,S1A_IW_GRDH_1SDV_20230903T115654_20230903T115719_050163_060990_rtc,2023-09-03T04:27:09.024000Z,2023-09-03T11:57:07.475598Z,7.499569888333333,91.26969799938601,25.07246690163277,0.8453903198242188,0.0,-16.64311981201172,-20.3758487701416,high
BD_20230903_S2B_MSIL2A_20230903T042709_R133_T46RCN_20240909T045314_1,S2B_MSIL2A_20230903T042709_R133_T46RCN_20240909T045314,S1A_IW_GRDH_1SDV_20230903T115654_20230903T115719_050163_060990_rtc,2023-09-03T04:27:09.024000Z,2023-09-03T11:57:07.475598Z,7.499569888333333,91.26969799938601,25.02647315908585,0.8492517017196727,0.00133514404296875,-16.507789611816406,-20.05963897705078,high
BD_20230903_S2B_MSIL2A_20230903T042709_R133_T46RCN_20240909T045314_2,S2B_MSIL2A_20230903T042709_R133_T46RCN_20240909T045314,S1A_IW_GRDH_1SDV_20230903T115654_20230903T115719_050163_060990_rtc,2023-09-03T04:27:09.024000Z,2023-09-03T11:57:07.475598Z,7.499569888333333,91.17771051429217,24.93448567399201,0.8040550169665176,0.009593963623046875,-16.516063690185547,-20.618000030517578,high
BD_20230903_S2B_MSIL2A_20230903T042709_R133_T46RCN_20230903T102529_0,S2B_MSIL2A_20230903T042709_R133_T46RCN_20230903T102529,S1A_IW_GRDH_1SDV_20230903T115654_20230903T115719_050163_060990_rtc,2023-09-03T04:27:09.024000Z,2023-09-03T11:57:07.475598Z,7.499569888333333,91.26969799938601,25.07246690163277,0.8456840515136719,0.0,-16.64311981201172,-20.3758487701416,high
BD_20230903_S2B_MSIL2A_20230903T042709_R133_T46RCN_20230903T102529_1,S2B_MSIL2A_20230903T042709_R133_T46RCN_20230903T102529,S1A_IW_GRDH_1SDV_20230903T115654_20230903T115719_050163_060990_rtc,2023-09-03T04:27:09.024000Z,2023-09-03T11:57:07.475598Z,7.499569888333333,91.26969799938601,25.02647315908585,0.8497568605587561,0.01470947265625,-16.507789611816406,-20.05963897705078,high
BD_20230903_S2B_MSIL2A_20230903T042709_R133_T46RCN_20230903T102529_2,S2B_MSIL2A_20230903T042709_R133_T46RCN_20230903T102529,S1A_IW_GRDH_1SDV_20230903T115654_20230903T115719_050163_060990_rtc,2023-09-03T04:27:09.024000Z,2023-09-03T11:57:07.475598Z,7.499569888333333,91.17771051429217,24.93448567399201,0.8062115268323694,0.0159149169921875,-16.516063690185547,-20.618000030517578,high
BD_20230901_S2A_MSIL2A_20230901T043711_R033_T45RXH_20240824T081357_0,S2A_MSIL2A_20230901T043711_R033_T45RXH_20240824T081357,S1A_IW_GRDH_1SDV_20230901T121318_20230901T121343_050134_060898_rtc,2023-09-01T04:37:11.024000Z,2023-09-01T12:13:31.215438Z,7.605608732777778,88.26113470800813,24.823946896600372,0.14894909535528006,0.0141143798828125,-8.959056854248047,-14.946990966796875,high
