HYRIV_ID,RIVER_ID,direction,UPLAND_SKM,DIS_AV_CMS,ORD_STRA,ORD_CLAS,gsw_max_occ,division,lon,lat
40877830,40877830,out_of_BD,3.3,0.152,1,5,60,Rangpur,88.38960872510108,26.614583425510713
40878357,40917784,into_BD,745.7,37.169,5,4,53,Rangpur,88.38805285441201,26.611947349638346
40878357,40917784,out_of_BD,745.7,37.169,5,4,62,Rangpur,88.39230451015207,26.607695625114918
40878577,40878577,out_of_BD,10.2,0.472,1,5,32,Rangpur,88.39752399450087,26.60247602562519
40878830,40878830,into_BD,5.9,0.278,1,5,66,Rangpur,88.38099741434552,26.598169265750435
40878831,40917784,into_BD,758.0,37.87,5,4,74,Rangpur,88.38961129768082,26.60214502421119
40878831,40917784,out_of_BD,758.0,37.87,5,4,72,Rangpur,88.38913789242885,26.602083339186564
40878831,40917784,into_BD,758.0,37.87,5,4,59,Rangpur,88.38183961287325,26.598506302848886
40879070,40879070,into_BD,5.2,0.241,1,6,72,Rangpur,88.38036707342549,26.59791667690396
40880343,40917784,out_of_BD,775.1,38.976,5,4,41,Rangpur,88.37521391716437,26.581250015157572
40880343,40917784,into_BD,775.1,38.976,5,4,72,Rangpur,88.37291666895786,26.57813041885095
40881547,40917784,out_of_BD,790.2,39.902,5,4,72,Rangpur,88.36567805022418,26.553178187913375
40882013,40917784,into_BD,805.0,40.676,5,4,50,Rangpur,88.36041666868718,26.547044728438888
40882692,41030560,into_BD,274.9,13.318,3,2,11,Rangpur,88.48541666852759,26.53206018531579
40882957,40882957,into_BD,3.3,0.148,1,5,78,Rangpur,88.35507812160739,26.5270833543089
40882958,40917784,out_of_BD,830.5,42.033,5,4,63,Rangpur,88.35747215820906,26.54080553118953
40882958,40917784,into_BD,830.5,42.033,5,4,69,Rangpur,88.3562500047534,26.527649086560356
40883488,40917784,out_of_BD,835.0,42.33,5,4,41,Rangpur,88.35250566485689,26.51917234892783
40883726,40883726,out_of_BD,7.1,0.32,1,5,38,Rangpur,88.35246069352706,26.518750005038747
40884401,40885830,into_BD,6.9,0.305,1,4,0,Rangpur,88.52107306769052,26.50857311498557
40884401,40885830,out_of_BD,6.9,0.305,1,4,0,Rangpur,88.52097821285425,26.504021845449433
40884664,40884664,out_of_BD,10.0,0.447,1,5,78,Rangpur,88.34638946151536,26.50625001420064
40884920,40917784,into_BD,867.4,44.097,5,4,75,Rangpur,88.33844214146713,26.50094256108337
40884920,40917784,out_of_BD,867.4,44.097,5,4,79,Rangpur,88.337431175528,26.499931604843486
40885351,40885830,into_BD,16.5,0.727,2,4,0,Rangpur,88.52291666945094,26.494275453227065
40885352,40885352,into_BD,2.9,0.125,1,5,0,Rangpur,88.52356770453972,26.48541669095309
40885588,40886589,into_BD,18.6,0.832,2,3,0,Rangpur,88.51041667845227,26.5106320087425
40886352,40886352,out_of_BD,5.6,0.247,1,7,0,Rangpur,88.36215723560188,26.4753428899378
40886352,40886352,into_BD,5.6,0.247,1,7,0,Rangpur,88.36458333379836,26.472751144482064
40886352,40886352,out_of_BD,5.6,0.247,1,7,0,Rangpur,88.36458333522627,26.469550229016235
40886353,40890694,out_of_BD,21.5,0.952,1,6,0,Rangpur,88.40483841140214,26.48541668035789
40886353,40890694,into_BD,21.5,0.952,1,6,0,Rangpur,88.40233153810951,26.4854166700903
40886353,40890694,out_of_BD,21.5,0.952,1,6,0,Rangpur,88.40174628865677,26.485079636188463
40886353,40890694,into_BD,21.5,0.952,1,6,0,Rangpur,88.40124321585286,26.484576579927783
40886353,40890694,out_of_BD,21.5,0.952,1,6,0,Rangpur,88.39856023408773,26.48189359236114
40886353,40890694,into_BD,21.5,0.952,1,6,0,Rangpur,88.3958706544937,26.481250045284153
40886353,40890694,out_of_BD,21.5,0.952,1,6,0,Rangpur,88.38758474055135,26.47925154640001
40886588,41030560,out_of_BD,302.1,14.702,3,2,16,Rangpur,88.48901601617057,26.5276506781025
40886588,41030560,into_BD,302.1,14.702,3,2,20,Rangpur,88.48958334878522,26.525594664419387
40886588,41030560,out_of_BD,302.1,14.702,3,2,17,Rangpur,88.4895833618424,26.524018428318236
40886588,41030560,into_BD,302.1,14.702,3,2,17,Rangpur,88.48958337692389,26.516362420990266
40886809,40886809,into_BD,3.7,0.159,1,4,0,Rangpur,88.47151002393616,26.463176765595005
40887077,40892434,into_BD,59.9,2.716,2,3,0,Rangpur,88.55625003061182,26.48468372877979
40887077,40892434,out_of_BD,59.9,2.716,2,3,0,Rangpur,88.55625002749478,26.484232380785024
40887077,40892434,into_BD,59.9,2.716,2,3,0,Rangpur,88.55460862618139,26.479608671931373
40887077,40892434,out_of_BD,59.9,2.716,2,3,0,Rangpur,88.55240972214337,26.47675696141293
40887077,40892434,into_BD,59.9,2.716,2,3,0,Rangpur,88.55375170819364,26.475415014638873
40887077,40892434,out_of_BD,59.9,2.716,2,3,0,Rangpur,88.5557646277299,26.47340206301347
40887077,40892434,into_BD,59.9,2.716,2,3,0,Rangpur,88.55625000163636,26.472215633442215
40887077,40892434,out_of_BD,59.9,2.716,2,3,1,Rangpur,88.55769989519182,26.46730023923075
40887077,40892434,into_BD,59.9,2.716,2,3,1,Rangpur,88.55820313552633,26.46679703231393
40887077,40892434,out_of_BD,59.9,2.716,2,3,0,Rangpur,88.55988057107284,26.465119658888234
40887077,40892434,into_BD,59.9,2.716,2,3,0,Rangpur,88.56458333614883,26.45794257488274
40887078,40887078,into_BD,5.8,0.249,1,4,0,Rangpur,88.56956650620393,26.45706653637989
40887287,40887287,into_BD,4.2,0.182,1,3,42,Rangpur,88.47809609476676,26.453096202231183
40887287,40887287,out_of_BD,4.2,0.182,1,3,58,Rangpur,88.48060656223176,26.4556066019344
40887287,40887287,into_BD,4.2,0.182,1,3,53,Rangpur,88.48253974986099,26.456250013050393
40887772,40887772,out_of_BD,8.3,0.347,1,4,0,Rangpur,88.97611818458124,26.446951574682988
40888223,40888223,into_BD,5.2,0.222,1,3,48,Rangpur,88.4854166754447,26.450046549582442
40888224,40888224,into_BD,3.3,0.139,1,3,54,Rangpur,88.49570312005349,26.435416698074565
40888226,40895743,into_BD,87.2,3.987,2,3,3,Rangpur,88.60208334285612,26.47050459320085
40888951,40903966,out_of_BD,50.5,2.247,1,5,0,Rangpur,88.43541697138555,26.4662111532566
40889213,40889213,into_BD,3.3,0.138,1,4,31,Rangpur,88.49280995347786,26.418750037252288
40889214,40889214,into_BD,3.5,0.147,1,3,10,Rangpur,88.49354720087834,26.422916723076007
40889484,40889708,into_BD,21.7,0.921,1,5,0,Rangpur,88.62291668458006,26.465988543571658
40889484,40889708,out_of_BD,21.7,0.921,1,5,0,Rangpur,88.6236324408045,26.459700965839737
40889485,40898080,into_BD,228.7,10.251,3,3,35,Rangpur,88.92530984947491,26.416356873810386
40889485,40898080,out_of_BD,228.7,10.251,3,3,35,Rangpur,88.92547875507796,26.41618796643038
40889486,40889486,out_of_BD,5.6,0.231,1,4,39,Rangpur,88.93096931042759,26.4145833939949
40889707,40889707,out_of_BD,9.8,0.409,1,6,0,Rangpur,88.66331094090623,26.41041684899003
40889707,40889707,into_BD,9.8,0.409,1,6,0,Rangpur,88.66431261723784,26.410416898386288
40889707,40889707,out_of_BD,9.8,0.409,1,6,0,Rangpur,88.66631597311172,26.410416976038555
40889707,40889707,into_BD,9.8,0.409,1,6,0,Rangpur,88.67908746726155,26.410416808450215
40889707,40889707,out_of_BD,9.8,0.409,1,6,0,Rangpur,88.68008916040854,26.410416746858598
40889707,40889707,into_BD,9.8,0.409,1,6,0,Rangpur,88.68147864758937,26.410645324195215
40889707,40889707,out_of_BD,9.8,0.409,1,6,0,Rangpur,88.6831543680197,26.412321082243214
40889978,40889978,into_BD,7.1,0.291,1,5,0,Rangpur,88.90979454144963,26.4068721719291
40889978,40889978,out_of_BD,7.1,0.291,1,5,0,Rangpur,88.91130644505864,26.407139810743637
40890230,40890230,into_BD,4.8,0.202,1,3,31,Rangpur,88.5023726571192,26.402372669445757
40890230,40890230,out_of_BD,4.8,0.202,1,3,47,Rangpur,88.50701228577753,26.4062500091148
40890230,40890230,into_BD,4.8,0.202,1,3,51,Rangpur,88.50978622479543,26.406250007830195
40890484,40898080,into_BD,260.8,11.645,3,3,29,Rangpur,88.93001629865134,26.411650579238366
40890694,40890694,into_BD,65.1,2.865,2,6,2,Rangpur,88.363495348177,26.467662051629397
40890694,40890694,out_of_BD,65.1,2.865,2,6,2,Rangpur,88.36282582891745,26.466992542083844
40890694,40890694,into_BD,65.1,2.865,2,6,5,Rangpur,88.36041667383043,26.463095697104034
40890694,40890694,out_of_BD,65.1,2.865,2,6,0,Rangpur,88.36041667887892,26.46039345626473
40890694,40890694,into_BD,65.1,2.865,2,6,0,Rangpur,88.36040830533759,26.45634298242769
40890694,40890694,out_of_BD,65.1,2.865,2,6,0,Rangpur,88.35295204073192,26.448785445220544
40890932,41030560,out_of_BD,421.1,20.097,4,2,39,Rangpur,88.5104166694422,26.403654650096524
40890932,41030560,into_BD,421.1,20.097,4,2,40,Rangpur,88.51041666725023,26.402300554236792
40890937,40893435,into_BD,6.2,0.251,1,4,0,Rangpur,89.02840647931296,26.407573192403557
40890938,40890938,into_BD,4.6,0.189,1,5,0,Rangpur,89.03958333982384,26.40047580597711
40890940,40896947,into_BD,4.0,0.165,1,4,0,Rangpur,89.06464829360075,26.397916697573905
40890940,40896947,out_of_BD,4.0,0.165,1,4,0,Rangpur,89.06818666926682,26.39791667790269
40890940,40896947,into_BD,4.0,0.165,1,4,0,Rangpur,89.06888042688296,26.397786246778203
40891652,40891652,into_BD,5.0,0.209,1,3,60,Rangpur,88.5129798159897,26.378686950842084
40891923,40891923,into_BD,4.6,0.193,1,4,0,Rangpur,88.45856197761348,26.372916756211108
40891923,40891923,out_of_BD,4.6,0.193,1,4,0,Rangpur,88.45627539191938,26.37291675824993
40891924,40891924,into_BD,6.2,0.256,1,3,53,Rangpur,88.51524781557346,26.3729168527514
40891924,40891924,out_of_BD,6.2,0.256,1,3,62,Rangpur,88.52052800118035,26.372916768888672
40891925,41030560,out_of_BD,441.7,21.036,4,2,55,Rangpur,88.52291666916673,26.37581018536287
40891929,40896947,out_of_BD,18.7,0.756,2,4,0,Rangpur,89.08883364883204,26.377083464031756
40892433,41030560,into_BD,450.3,21.47,4,2,64,Rangpur,88.52291666883853,26.37190100165521
40893209,41002771,into_BD,22.7,0.957,2,3,0,Rangpur,88.45208333630869,26.370990175963115
40893209,41002771,out_of_BD,22.7,0.957,2,3,0,Rangpur,88.45105337603206,26.367720125105564
40893209,41002771,into_BD,22.7,0.957,2,3,0,Rangpur,88.45088497318076,26.3675517335171
40893209,41002771,out_of_BD,22.7,0.957,2,3,0,Rangpur,88.45021136660728,26.366878165780662
40893209,41002771,into_BD,22.7,0.957,2,3,0,Rangpur,88.44802219863129,26.364689055362902
40893209,41002771,out_of_BD,22.7,0.957,2,3,0,Rangpur,88.44375000254728,26.359140913706387
40893209,41002771,into_BD,22.7,0.957,2,3,0,Rangpur,88.44375000299105,26.358234337163616
40893209,41002771,out_of_BD,22.7,0.957,2,3,0,Rangpur,88.44236167298068,26.354861715210678
40893212,40893212,out_of_BD,10.2,0.416,1,5,0,Rangpur,88.68541666950512,26.383344976831616
40893212,40893212,into_BD,10.2,0.416,1,5,0,Rangpur,88.68958333621873,26.364947233997363
40893213,40895745,into_BD,11.2,0.451,1,4,10,Rangpur,88.74791668322442,26.35467608852453
40893214,40893214,into_BD,6.2,0.248,1,5,0,Rangpur,88.74951045766723,26.353677169553894
40894403,40894403,into_BD,7.3,0.296,1,5,0,Rangpur,88.69375003881208,26.36357809413246
40894403,40894403,out_of_BD,7.3,0.296,1,5,0,Rangpur,88.69375004480092,26.36132249864804
40894403,40894403,into_BD,7.3,0.296,1,5,0,Rangpur,88.69375003575436,26.356585746476682
40894404,40894404,out_of_BD,13.5,0.532,1,4,0,Rangpur,88.99620884097136,26.331250007724446
40894404,40894404,into_BD,13.5,0.532,1,4,0,Rangpur,88.99796121178869,26.33125003071585
40894694,40899993,into_BD,280.1,12.574,3,3,0,Rangpur,88.72322341236297,26.344056758740546
40894942,40898080,out_of_BD,408.7,17.706,3,3,12,Rangpur,89.08279113853513,26.322916719125207
40894943,40894943,out_of_BD,3.8,0.153,1,4,12,Rangpur,89.08541667068957,26.323484950834427
40895210,40895210,into_BD,11.3,0.472,1,4,0,Rangpur,88.41268098299497,26.33768111672868
40895210,40895210,out_of_BD,11.3,0.472,1,4,0,Rangpur,88.41049563452572,26.335495824232297
40895210,40895210,into_BD,11.3,0.472,1,4,0,Rangpur,88.40898274856862,26.333982915864638
40895210,40895210,out_of_BD,11.3,0.472,1,4,0,Rangpur,88.40831036730943,26.333310508584816
40895210,40895210,into_BD,11.3,0.472,1,4,0,Rangpur,88.40730180984227,26.332301893557236
40895210,40895210,out_of_BD,11.3,0.472,1,4,0,Rangpur,88.40625000144276,26.331081973448917
40895210,40895210,into_BD,11.3,0.472,1,4,0,Rangpur,88.40625000513435,26.330629424218007
40895210,40895210,out_of_BD,11.3,0.472,1,4,0,Rangpur,88.40625002033822,26.328140403102775
40895505,41002771,into_BD,42.1,1.769,2,3,0,Rangpur,88.43958333617435,26.35174544753735
40895505,41002771,out_of_BD,42.1,1.769,2,3,0,Rangpur,88.43958334138374,26.351069675913656
40895505,41002771,into_BD,42.1,1.769,2,3,0,Rangpur,88.4395833566596,26.348141331709552
40895505,41002771,out_of_BD,42.1,1.769,2,3,0,Rangpur,88.40817428922347,26.316825768789208
40895741,41002771,into_BD,58.3,2.444,2,3,0,Rangpur,88.40090809362324,26.317574798678645
40895741,41002771,out_of_BD,58.3,2.444,2,3,0,Rangpur,88.39054124466091,26.314583358094854
40895741,41002771,into_BD,58.3,2.444,2,3,0,Rangpur,88.38904370082533,26.314043722187538
40895746,40898080,into_BD,420.0,18.154,3,3,18,Rangpur,89.08685261617062,26.321480927602398
40896465,40904225,into_BD,15.2,0.605,1,3,0,Rangpur,88.7581509808225,26.33731769496011
40896465,40904225,out_of_BD,15.2,0.605,1,3,0,Rangpur,88.7586756415815,26.32708334812738
40896465,40904225,into_BD,15.2,0.605,1,3,0,Rangpur,88.76018599532732,26.301852671984758
40896467,40896467,into_BD,4.8,0.189,1,3,40,Rangpur,88.92708333688643,26.303205767132
40896467,40896467,out_of_BD,4.8,0.189,1,3,31,Rangpur,88.92436221500446,26.299362258456984
40896468,40898080,out_of_BD,431.6,18.605,3,3,13,Rangpur,89.10169817973942,26.306635172874987
40896468,40898080,into_BD,431.6,18.605,3,3,19,Rangpur,89.10208333419574,26.3024696784998
40896468,40898080,out_of_BD,431.6,18.605,3,3,17,Rangpur,89.10599791556152,26.298168764163446
40896702,40896702,into_BD,6.5,0.257,1,4,0,Rangpur,88.77216370654283,26.30133043602777
40896704,40896704,out_of_BD,5.8,0.226,1,3,13,Rangpur,88.92512496041883,26.293750276028977
40896946,40898080,into_BD,452.8,19.427,3,3,16,Rangpur,89.11680168095208,26.29375001511631
40896946,40898080,out_of_BD,452.8,19.427,3,3,42,Rangpur,89.12457252757295,26.28958337200061
40896947,40896947,into_BD,48.7,1.951,2,4,0,Rangpur,89.13125004988561,26.320132291477368
40896947,40896947,out_of_BD,48.7,1.951,2,4,0,Rangpur,89.13125013127366,26.31359414650526
40896947,40896947,into_BD,48.7,1.951,2,4,0,Rangpur,89.13125014023791,26.312466879666502
40896947,40896947,out_of_BD,48.7,1.951,2,4,0,Rangpur,89.13125016289291,26.306154182846576
40896947,40896947,into_BD,48.7,1.951,2,4,0,Rangpur,89.131250150459,26.301645111068847
40896947,40896947,out_of_BD,48.7,1.951,2,4,0,Rangpur,89.13125014511081,26.300743296451284
40896947,40896947,into_BD,48.7,1.951,2,4,0,Rangpur,89.13125014047374,26.300066935430813
40896947,40896947,out_of_BD,48.7,1.951,2,4,0,Rangpur,89.13125012334365,26.29803785207464
40896947,40896947,into_BD,48.7,1.951,2,4,0,Rangpur,89.13125012114226,26.29781239834111
40896947,40896947,out_of_BD,48.7,1.951,2,4,0,Rangpur,89.13125011418046,26.29713603710778
40897175,40897175,into_BD,5.4,0.21,1,3,50,Rangpur,88.91258969393417,26.287410363613827
40897176,40948832,into_BD,10030.5,373.692,6,2,28,Rangpur,88.91875000556068,26.286689815280624
40897390,40897390,into_BD,3.5,0.143,1,4,0,Rangpur,88.3497081760513,26.281250014901563
40897391,41002771,out_of_BD,73.3,3.071,2,3,0,Rangpur,88.38328946479227,26.310416681870304
40897391,41002771,into_BD,73.3,3.071,2,3,0,Rangpur,88.38278894745198,26.31041668083845
40897391,41002771,out_of_BD,73.3,3.071,2,3,0,Rangpur,88.38203817197582,26.310416675998344
40897391,41002771,into_BD,73.3,3.071,2,3,0,Rangpur,88.38060485091096,26.309771542364274
40897391,41002771,out_of_BD,73.3,3.071,2,3,0,Rangpur,88.37825925852228,26.307425963557332
40897391,41002771,into_BD,73.3,3.071,2,3,0,Rangpur,88.37508607793737,26.306250015183032
40897391,41002771,out_of_BD,73.3,3.071,2,3,0,Rangpur,88.37333434783183,26.30625000548682
40897391,41002771,into_BD,73.3,3.071,2,3,0,Rangpur,88.37252613752098,26.305859486937283
40897396,40905830,out_of_BD,32.5,1.277,1,3,0,Rangpur,88.9579377149202,26.329562409323078
40897396,40905830,into_BD,32.5,1.277,1,3,0,Rangpur,88.98310076363788,26.30625048749248
40897396,40905830,out_of_BD,32.5,1.277,1,3,0,Rangpur,89.0184930227967,26.289840323853447
40897396,40905830,into_BD,32.5,1.277,1,3,0,Rangpur,89.02011822813793,26.289583346725877
40897396,40905830,out_of_BD,32.5,1.277,1,3,0,Rangpur,89.02875187079852,26.283748322339484
40897396,40905830,into_BD,32.5,1.277,1,3,0,Rangpur,89.03778032587219,26.281250231475717
40897396,40905830,out_of_BD,32.5,1.277,1,3,0,Rangpur,89.04779152604632,26.281250007238324
40897397,40897397,into_BD,6.0,0.232,1,4,0,Rangpur,89.04537960187206,26.28704635191007
40897397,40897397,out_of_BD,6.0,0.232,1,4,0,Rangpur,89.04464052332949,26.284526181973373
40897397,40897397,into_BD,6.0,0.232,1,4,0,Rangpur,89.0453125679905,26.283854152563105
40897397,40897397,out_of_BD,6.0,0.232,1,4,0,Rangpur,89.04783266532883,26.28133400587868
40897398,40897398,out_of_BD,4.8,0.187,1,4,27,Rangpur,89.10347309953538,26.295140065598943
40897869,40948832,out_of_BD,10055.4,376.549,6,2,40,Rangpur,88.93315809458944,26.272916709538226
40897870,40897870,out_of_BD,4.2,0.165,1,4,47,Rangpur,88.94375000565397,26.285129874725378
40897872,40897872,out_of_BD,3.8,0.15,1,3,35,Rangpur,88.95625000569018,26.27673611159509
40898077,40898077,into_BD,7.9,0.308,1,4,0,Rangpur,88.81191152523353,26.299411561934306
40898077,40898077,out_of_BD,7.9,0.308,1,4,0,Rangpur,88.81041668829525,26.277238015400894
40898077,40898077,into_BD,7.9,0.308,1,4,0,Rangpur,88.81041669069903,26.276106280437695
40898079,40902193,into_BD,8.5,0.332,1,3,0,Rangpur,88.87219869329134,26.284698720590022
40898079,40902193,out_of_BD,8.5,0.332,1,3,0,Rangpur,88.86458333361912,26.268862645018206
40898555,40905830,into_BD,44.1,1.725,2,3,0,Rangpur,89.0540467250946,26.277083348458273
40898555,40905830,out_of_BD,44.1,1.725,2,3,0,Rangpur,89.05797920521141,26.275354183907975
40898555,40905830,into_BD,44.1,1.725,2,3,12,Rangpur,89.06041668889422,26.268023741619622
40898555,40905830,out_of_BD,44.1,1.725,2,3,0,Rangpur,89.0604166855418,26.26393635882577
40899052,40899052,out_of_BD,6.9,0.266,1,3,51,Rangpur,88.9395833520533,26.26372587129686
40899513,41002771,out_of_BD,87.1,3.648,2,3,0,Rangpur,88.35208337696372,26.24989109369076
40899513,41002771,into_BD,87.1,3.648,2,3,0,Rangpur,88.3534755901339,26.246524461732736
40899513,41002771,out_of_BD,87.1,3.648,2,3,0,Rangpur,88.35482077535048,26.245179277183517
40899514,40899514,out_of_BD,11.0,0.446,1,4,0,Rangpur,88.35712579323949,26.24375001008291
40899518,40948832,into_BD,10086.9,381.578,6,2,22,Rangpur,88.980325030226,26.244675060544747
40899740,40905830,into_BD,66.4,2.586,2,3,1,Rangpur,89.06217529358281,26.258658386414083
40899991,40899991,out_of_BD,29.3,1.189,2,4,0,Rangpur,88.35787313068994,26.239583347775167
40899995,40899995,into_BD,5.6,0.221,1,5,14,Rangpur,89.67810839536591,26.236441983446436
40899995,40899995,out_of_BD,5.6,0.221,1,5,7,Rangpur,89.67911655880759,26.237450182975426
40900221,40900223,out_of_BD,11.7,0.45,1,3,53,Rangpur,88.95064564868352,26.24791670130982
40900221,40900223,into_BD,11.7,0.45,1,3,10,Rangpur,88.95999795157516,26.240002092335878
40900452,41002771,into_BD,130.1,5.4,3,3,0,Rangpur,88.35625000144621,26.239011848153794
40900452,41002771,out_of_BD,130.1,5.4,3,3,0,Rangpur,88.35603395571363,26.2352006316558
40900452,41002771,into_BD,130.1,5.4,3,3,0,Rangpur,88.35208333438254,26.230855121130723
40900452,41002771,out_of_BD,130.1,5.4,3,3,0,Rangpur,88.3520833342569,26.22742622318737
40900453,40900453,out_of_BD,2.7,0.108,1,4,0,Rangpur,88.35270833131831,26.227083345627204
40900691,40900691,out_of_BD,35.2,1.375,2,3,0,Rangpur,88.81294156226214,26.262058912531504
40900691,40900691,into_BD,35.2,1.375,2,3,0,Rangpur,88.82099302866334,26.25400782780855
40900691,40900691,out_of_BD,35.2,1.375,2,3,0,Rangpur,88.82384431863028,26.251156259656646
40900691,40900691,into_BD,35.2,1.375,2,3,0,Rangpur,88.82602462119827,26.24897559851062
40900692,40980150,into_BD,40.4,1.604,1,2,0,Rangpur,88.83958333526454,26.23163535333229
40900699,40921156,into_BD,6070.3,194.908,5,3,32,Rangpur,89.63499152575216,26.22334185144669
40901499,40901499,into_BD,4.4,0.173,1,4,29,Rangpur,89.63499755504186,26.22249762147309
40902193,40902193,into_BD,38.5,1.499,2,3,0,Rangpur,88.86458333420877,26.268637207454947
40902193,40902193,out_of_BD,38.5,1.499,2,3,0,Rangpur,88.87570581006155,26.24237258217228
40902193,40902193,into_BD,38.5,1.499,2,3,0,Rangpur,88.87537074196776,26.242037533411292
40902193,40902193,out_of_BD,38.5,1.499,2,3,0,Rangpur,88.8731928457512,26.23985970262513
40902193,40902193,into_BD,38.5,1.499,2,3,0,Rangpur,88.87000291157705,26.234163803536646
40902694,40902694,into_BD,2.9,0.115,1,4,0,Rangpur,88.24791666860847,26.190384143310997
40902944,41002771,into_BD,174.4,7.233,3,3,0,Rangpur,88.35208333637158,26.225168838665653
40902944,41002771,out_of_BD,174.4,7.233,3,3,0,Rangpur,88.35091241030305,26.221745781731823
40902944,41002771,into_BD,174.4,7.233,3,3,0,Rangpur,88.34974164050958,26.220575020253804
40902944,41002771,out_of_BD,174.4,7.233,3,3,0,Rangpur,88.3409027652759,26.218750134536645
40902944,41002771,into_BD,174.4,7.233,3,3,0,Rangpur,88.3329028131798,26.216236418920058
40902944,41002771,out_of_BD,174.4,7.233,3,3,0,Rangpur,88.33123030517699,26.214564016168286
40902944,41002771,into_BD,174.4,7.233,3,3,0,Rangpur,88.32989233285787,26.213226084338043
40902944,41002771,out_of_BD,174.4,7.233,3,3,0,Rangpur,88.32420628843381,26.2075397786277
40902944,41002771,into_BD,174.4,7.233,3,3,2,Rangpur,88.31714449113986,26.20464460825408
40902944,41002771,out_of_BD,174.4,7.233,3,3,0,Rangpur,88.30023848380402,26.19791719388757
40902944,41002771,into_BD,174.4,7.233,3,3,0,Rangpur,88.29948952819348,26.197917204081826
40902944,41002771,out_of_BD,174.4,7.233,3,3,0,Rangpur,88.28800562373227,26.197916869439325
40902944,41002771,into_BD,174.4,7.233,3,3,0,Rangpur,88.28700703059191,26.197916796777463
40902944,41002771,out_of_BD,174.4,7.233,3,3,0,Rangpur,88.28363907635051,26.196139202553525
40902944,41002771,into_BD,174.4,7.233,3,3,0,Rangpur,88.28179959543961,26.194299780179442
40902944,41002771,out_of_BD,174.4,7.233,3,3,0,Rangpur,88.27663514362415,26.18958333915632
40902944,41002771,into_BD,174.4,7.233,3,3,0,Rangpur,88.27156154604835,26.188228253953422
40902944,41002771,out_of_BD,174.4,7.233,3,3,1,Rangpur,88.26704680790863,26.187119915091397
40902944,41002771,into_BD,174.4,7.233,3,3,0,Rangpur,88.26450691659714,26.189563925870072
40902944,41002771,out_of_BD,174.4,7.233,3,3,0,Rangpur,88.2632683657461,26.18958340387334
40902944,41002771,into_BD,174.4,7.233,3,3,0,Rangpur,88.25028804930115,26.189583451790586
40902949,40903975,out_of_BD,51.0,1.942,2,3,0,Rangpur,89.14174808334188,26.214583348457577
40902949,40903975,into_BD,51.0,1.942,2,3,0,Rangpur,89.14928324046842,26.209050297062927
40902949,40903975,out_of_BD,51.0,1.942,2,3,0,Rangpur,89.14945089368138,26.208882637440166
40902955,40921156,out_of_BD,6108.2,198.946,5,3,28,Rangpur,89.68253151879287,26.21041680060805
40902955,40921156,into_BD,6108.2,198.946,5,3,31,Rangpur,89.68679761839842,26.210416761009398
40902955,40921156,out_of_BD,6108.2,198.946,5,3,32,Rangpur,89.68954150255762,26.210450222567943
40902955,40921156,into_BD,6108.2,198.946,5,3,32,Rangpur,89.68973447639203,26.210567816525604
40902955,40921156,out_of_BD,6108.2,198.946,5,3,28,Rangpur,89.69141531965019,26.212248700907217
40903200,40903200,out_of_BD,3.7,0.138,1,4,0,Rangpur,89.13471972878617,26.185416690181192
40903201,40908043,out_of_BD,4.4,0.168,1,3,0,Rangpur,89.13825846265267,26.190908258875552
40903207,40903207,into_BD,17.5,0.683,2,5,6,Rangpur,89.62771231016143,26.18895438549763
40903484,41002771,out_of_BD,179.8,7.459,3,3,0,Rangpur,88.24653697263287,26.189583346769677
40903484,41002771,into_BD,179.8,7.459,3,3,15,Rangpur,88.24276018582981,26.188593642364392
40903484,41002771,out_of_BD,179.8,7.459,3,3,2,Rangpur,88.24141581507261,26.187249405001285
40903484,41002771,into_BD,179.8,7.459,3,3,0,Rangpur,88.23906323974484,26.184896969047664
40903484,41002771,out_of_BD,179.8,7.459,3,3,2,Rangpur,88.23839109254516,26.184224839682717
40903484,41002771,into_BD,179.8,7.459,3,3,3,Rangpur,88.23654272711235,26.182376472917163
40903484,41002771,out_of_BD,179.8,7.459,3,3,2,Rangpur,88.23419034551219,26.180023982773427
40903485,40903485,out_of_BD,3.9,0.152,1,4,11,Rangpur,88.23737499954922,26.17708333600755
40903745,41002771,into_BD,185.2,7.678,3,3,2,Rangpur,88.22726184323336,26.173095184260248
40903745,41002771,out_of_BD,185.2,7.678,3,3,2,Rangpur,88.22684315742006,26.172916669960397
40903973,40903973,out_of_BD,4.4,0.167,1,4,0,Rangpur,89.14254166442757,26.16875001639351
40903973,40903973,into_BD,4.4,0.167,1,4,0,Rangpur,89.14429166213793,26.16875003316875
40903974,40908043,into_BD,13.3,0.502,2,3,0,Rangpur,89.14791666854444,26.169773364290396
40904493,40905130,into_BD,111.5,4.359,3,4,0,Rangpur,89.5974250634425,26.160908293426743
40904493,40905130,out_of_BD,111.5,4.359,3,4,0,Rangpur,89.59968987340426,26.1604167328985
40904493,40905130,into_BD,111.5,4.359,3,4,0,Rangpur,89.60971793214269,26.16041669537934
40904493,40905130,out_of_BD,111.5,4.359,3,4,0,Rangpur,89.61146017705939,26.161460213430008
40904493,40905130,into_BD,111.5,4.359,3,4,0,Rangpur,89.61330776912008,26.16330781027627
40904493,40905130,out_of_BD,111.5,4.359,3,4,1,Rangpur,89.61458334263844,26.16625886843178
40904493,40905130,into_BD,111.5,4.359,3,4,0,Rangpur,89.61458334945395,26.168068819180185
40904493,40905130,out_of_BD,111.5,4.359,3,4,0,Rangpur,89.61458335216813,26.172367450704428
40904493,40905130,into_BD,111.5,4.359,3,4,17,Rangpur,89.61458334091634,26.17576110567628
40904493,40905130,out_of_BD,111.5,4.359,3,4,17,Rangpur,89.61458333852309,26.17621359290621
40904493,40905130,into_BD,111.5,4.359,3,4,17,Rangpur,89.6147774606401,26.177277469253344
40904493,40905130,out_of_BD,111.5,4.359,3,4,0,Rangpur,89.615953255551,26.178453298343076
40904493,40905130,into_BD,111.5,4.359,3,4,0,Rangpur,89.63037236932928,26.18125003553591
40904494,40905130,out_of_BD,137.3,5.378,3,4,1,Rangpur,89.63150246598188,26.18099756058706
40904494,40905130,into_BD,137.3,5.378,3,4,0,Rangpur,89.63352215413344,26.17897802522238
40904494,40905130,out_of_BD,137.3,5.378,3,4,0,Rangpur,89.63638325818779,26.176116955739495
40904494,40905130,into_BD,137.3,5.378,3,4,0,Rangpur,89.64288256844814,26.165450802135478
40904494,40905130,out_of_BD,137.3,5.378,3,4,0,Rangpur,89.64597201593526,26.16458334837979
40904494,40905130,into_BD,137.3,5.378,3,4,0,Rangpur,89.64829678356925,26.16420323515887
40904910,40904910,into_BD,100.1,4.081,2,4,1,Rangpur,88.18448809985637,26.153011940540377
40904911,41002771,into_BD,298.0,12.35,4,3,1,Rangpur,88.2176387536373,26.167639165299146
40904911,41002771,out_of_BD,298.0,12.35,4,3,7,Rangpur,88.21495808907032,26.164958479396503
40904911,41002771,into_BD,298.0,12.35,4,3,5,Rangpur,88.20944337233868,26.160416691681487
40904911,41002771,out_of_BD,298.0,12.35,4,3,5,Rangpur,88.20819302772887,26.160416714108376
40904911,41002771,into_BD,298.0,12.35,4,3,5,Rangpur,88.20115050360269,26.15948386948997
40904911,41002771,out_of_BD,298.0,12.35,4,3,2,Rangpur,88.19174096921508,26.15625004652709
40904911,41002771,into_BD,298.0,12.35,4,3,0,Rangpur,88.18700815596257,26.153674866834557
40904920,40921156,into_BD,11342.6,322.035,6,3,34,Rangpur,89.69570259335525,26.17486999421635
40904920,40921156,out_of_BD,11342.6,322.035,6,3,23,Rangpur,89.69016940109334,26.169336701143422
40904920,40921156,into_BD,11342.6,322.035,6,3,65,Rangpur,89.68541666778798,26.16104837060631
40905594,40908043,out_of_BD,29.1,1.094,2,3,0,Rangpur,89.15208338424183,26.158773995136706
40905594,40908043,into_BD,29.1,1.094,2,3,0,Rangpur,89.15208337216555,26.14769155426583
40905594,40908043,out_of_BD,29.1,1.094,2,3,0,Rangpur,89.15208336677192,26.147013037049707
40905594,40908043,into_BD,29.1,1.094,2,3,0,Rangpur,89.15208336287782,26.146560692211516
40905594,40908043,out_of_BD,29.1,1.094,2,3,0,Rangpur,89.15208335658919,26.145882174913076
40905594,40908043,into_BD,29.1,1.094,2,3,0,Rangpur,89.15208334491487,26.14475131263927
40905594,40908043,out_of_BD,29.1,1.094,2,3,0,Rangpur,89.15285111508736,26.14298225255104
40906281,40908043,into_BD,51.1,1.914,2,3,0,Rangpur,89.17388969824319,26.130277358868806
40906281,40908043,out_of_BD,51.1,1.914,2,3,0,Rangpur,89.18507890245675,26.127083458724712
40906540,40908043,into_BD,58.0,2.173,2,3,0,Rangpur,89.20168943571751,26.127477250455584
40906540,40908043,out_of_BD,58.0,2.173,2,3,0,Rangpur,89.20374761645718,26.127083371974287
40906540,40908043,into_BD,58.0,2.173,2,3,0,Rangpur,89.21299043370156,26.124509620091402
40906542,40906542,into_BD,3.9,0.144,1,4,0,Rangpur,89.21630075620291,26.12536603260405
40906542,40906542,out_of_BD,3.9,0.144,1,4,0,Rangpur,89.21697642002997,26.12469035080513
40906542,40906542,into_BD,3.9,0.144,1,4,0,Rangpur,89.21714533475266,26.124521429717703
40906543,40908043,out_of_BD,71.3,2.667,2,3,0,Rangpur,89.22544191406828,26.12291670490189
40906544,40906544,into_BD,6.9,0.259,1,4,0,Rangpur,89.22922573747707,26.122916681762252
40906544,40906544,out_of_BD,6.9,0.259,1,4,0,Rangpur,89.22746140434153,26.122916671652167
40907531,40907531,into_BD,4.4,0.169,1,4,33,Rangpur,88.16295916487917,26.106250014400434
40907532,41002771,out_of_BD,415.4,17.171,4,3,32,Rangpur,88.17708336172562,26.125488712522404
40907532,41002771,into_BD,415.4,17.171,4,3,20,Rangpur,88.1770833525645,26.121427193243367
40907532,41002771,out_of_BD,415.4,17.171,4,3,29,Rangpur,88.1732083485033,26.114875374857156
40907532,41002771,into_BD,415.4,17.171,4,3,31,Rangpur,88.16684413845384,26.108511054228266
40907538,40909498,out_of_BD,4.2,0.159,1,6,0,Rangpur,89.62295832967625,26.106250030476854
40907539,40907539,out_of_BD,3.1,0.116,1,7,0,Rangpur,89.62708333657186,26.10752314851048
40907830,40908043,into_BD,87.3,3.263,2,3,0,Rangpur,89.22750343434605,26.12249667807115
40907830,40908043,out_of_BD,87.3,3.263,2,3,0,Rangpur,89.22918380788182,26.120816707924998
40907830,40908043,into_BD,87.3,3.263,2,3,1,Rangpur,89.23741693253724,26.112584489705092
40907830,40908043,out_of_BD,87.3,3.263,2,3,0,Rangpur,89.23976903862655,26.110232316198026
40907830,40908043,into_BD,87.3,3.263,2,3,0,Rangpur,89.24044105137074,26.109560257553866
40907830,40908043,out_of_BD,87.3,3.263,2,3,0,Rangpur,89.24077705481515,26.109224226720173
40907830,40908043,into_BD,87.3,3.263,2,3,1,Rangpur,89.24447296389776,26.10552782104903
40907831,40907831,into_BD,3.7,0.136,1,5,0,Rangpur,89.2481686611982,26.102335356140273
40908281,41002771,out_of_BD,422.7,17.471,4,3,26,Rangpur,88.16305503045827,26.10055514228451
40908281,41002771,into_BD,422.7,17.471,4,3,30,Rangpur,88.16255092739128,26.10005106508566
40908281,41002771,out_of_BD,422.7,17.471,4,3,30,Rangpur,88.15835023486846,26.0958503756186
40908288,40908043,out_of_BD,130.1,4.848,2,3,0,Rangpur,89.24867075103218,26.101329323824242
40908288,40908043,into_BD,130.1,4.848,2,3,0,Rangpur,89.24900589648571,26.10099420685887
40908288,40908043,out_of_BD,130.1,4.848,2,3,0,Rangpur,89.25151942553256,26.098480797684743
40908288,40908043,into_BD,130.1,4.848,2,3,0,Rangpur,89.256222087846,26.09381136972206
40908288,40908043,out_of_BD,130.1,4.848,2,3,0,Rangpur,89.25694196143102,26.093750048472007
40908288,40908043,into_BD,130.1,4.848,2,3,0,Rangpur,89.26119240956173,26.093750273155788
40908288,40908043,out_of_BD,130.1,4.848,2,3,0,Rangpur,89.26369268097423,26.093750346619874
40908292,40909977,into_BD,11.0,0.413,1,5,0,Rangpur,89.5959368646629,26.108229976758704
40908292,40909977,out_of_BD,11.0,0.413,1,5,0,Rangpur,89.59727913955963,26.106887747535612
40908292,40909977,into_BD,11.0,0.413,1,5,0,Rangpur,89.59979582121201,26.10437102525464
40908292,40909977,out_of_BD,11.0,0.413,1,5,0,Rangpur,89.60208333912826,26.095445360116372
40909271,41002771,into_BD,435.3,17.979,4,3,24,Rangpur,88.16069592527285,26.089304803301655
40909271,41002771,out_of_BD,435.3,17.979,4,3,7,Rangpur,88.16103145286996,26.088969309174576
40909271,41002771,into_BD,435.3,17.979,4,3,31,Rangpur,88.16455437459408,26.08544655659402
40909271,41002771,out_of_BD,435.3,17.979,4,3,7,Rangpur,88.16707061529283,26.082930232937308
40909271,41002771,into_BD,435.3,17.979,4,3,36,Rangpur,88.16874804800727,26.081252650593978
40909498,40909498,into_BD,14.5,0.543,2,6,0,Rangpur,89.63125000839145,26.096955247549392
40909498,40909498,out_of_BD,14.5,0.543,2,6,0,Rangpur,89.63125000662859,26.095824531516175
40909724,41002771,out_of_BD,496.4,20.379,4,3,22,Rangpur,88.18037520338859,26.073791501865593
40909725,40909725,out_of_BD,3.5,0.131,1,4,6,Rangpur,88.18133445508074,26.06883446067596
40909741,40910211,into_BD,42.6,1.618,1,4,33,Rangpur,89.60185157576467,26.12685213399908
40909741,40910211,out_of_BD,42.6,1.618,1,4,33,Rangpur,89.60285658437715,26.127857229876977
40909741,40910211,into_BD,42.6,1.618,1,4,0,Rangpur,89.6033590950803,26.128359775772882
40909744,40909744,out_of_BD,6.9,0.254,1,4,1,Rangpur,89.79641432952997,26.07141437421752
40909975,40909977,into_BD,49.4,1.851,3,5,0,Rangpur,89.64908410265981,26.06575080827542
40910207,40915400,out_of_BD,12.1,0.448,1,3,0,Rangpur,89.25508852829067,26.065744869287894
40910207,40915400,into_BD,12.1,0.448,1,3,0,Rangpur,89.25626178552031,26.064571661671675
40910207,40915400,out_of_BD,12.1,0.448,1,3,0,Rangpur,89.26956833106338,26.06123502793208
40910207,40915400,into_BD,12.1,0.448,1,3,0,Rangpur,89.27642314047858,26.064583341377748
40910208,40910208,into_BD,4.2,0.156,1,4,0,Rangpur,89.28150199456995,26.060668689483002
40910629,40909745,out_of_BD,6.0,0.217,1,3,40,Rangpur,89.78825742849922,26.050757545332264
40910629,40909745,into_BD,6.0,0.217,1,3,2,Rangpur,89.797515668621,26.060016179070573
40910629,40909745,out_of_BD,6.0,0.217,1,3,7,Rangpur,89.79818905148696,26.060689515947406
40910857,41002771,into_BD,508.5,20.885,4,3,6,Rangpur,88.18133390145718,26.068666103130447
40910857,41002771,out_of_BD,508.5,20.885,4,3,32,Rangpur,88.18519323647992,26.06480677532063
40910857,41002771,into_BD,508.5,20.885,4,3,45,Rangpur,88.18541666974566,26.062849473844874
40910857,41002771,out_of_BD,508.5,20.885,4,3,35,Rangpur,88.17756209034224,26.048395442626738
40910857,41002771,into_BD,508.5,20.885,4,3,35,Rangpur,88.17703207263905,26.047946322102522
40911132,40915400,out_of_BD,23.7,0.873,2,3,0,Rangpur,89.28125000496786,26.059173513711738
40911132,40915400,into_BD,23.7,0.873,2,3,0,Rangpur,89.28125000694351,26.058495430210936
40911132,40915400,out_of_BD,23.7,0.873,2,3,0,Rangpur,89.28125000834767,26.05465295609206
40911132,40915400,into_BD,23.7,0.873,2,3,1,Rangpur,89.28437507728125,26.048958298581045
40911132,40915400,out_of_BD,23.7,0.873,2,3,0,Rangpur,89.28936765744969,26.047916669626158
40911132,40915400,into_BD,23.7,0.873,2,3,0,Rangpur,89.29061289219922,26.046887149986865
40911132,40915400,out_of_BD,23.7,0.873,2,3,0,Rangpur,89.29111608598016,26.046383966750447
40911132,40915400,into_BD,23.7,0.873,2,3,0,Rangpur,89.29178700423398,26.04571305226675
40911132,40915400,out_of_BD,23.7,0.873,2,3,0,Rangpur,89.29598016270405,26.045980210301423
40911132,40915400,into_BD,23.7,0.873,2,3,0,Rangpur,89.2969865512009,26.046986584379145
40911132,40915400,out_of_BD,23.7,0.873,2,3,0,Rangpur,89.29732201781879,26.047322041229293
40911132,40915400,into_BD,23.7,0.873,2,3,0,Rangpur,89.29782522129473,26.04782522540211
40911132,40915400,out_of_BD,23.7,0.873,2,3,0,Rangpur,89.30103317502697,26.047916768241603
40911133,40911133,out_of_BD,3.7,0.134,1,4,11,Rangpur,89.4080799680374,26.041920051755554
40911134,40911134,into_BD,17.9,0.655,2,3,11,Rangpur,89.42269100880785,26.04397566944046
40911134,40911134,out_of_BD,17.9,0.655,2,3,11,Rangpur,89.42336179507325,26.044195146719407
40911134,40911134,into_BD,17.9,0.655,2,3,9,Rangpur,89.42436798889263,26.04520136579131
40911134,40911134,out_of_BD,17.9,0.655,2,3,10,Rangpur,89.42537419974333,26.04620757951033
40911376,40911376,into_BD,9.4,0.351,1,4,27,Rangpur,88.17054116816277,26.04791668148106
40911636,40911636,out_of_BD,10.4,0.379,2,3,40,Rangpur,89.43324649134702,26.037413205903807
40911873,41002771,out_of_BD,522.0,21.42,4,3,35,Rangpur,88.17291667683683,26.041888329447822
40911873,41002771,into_BD,522.0,21.42,4,3,34,Rangpur,88.17424479127449,26.038255333234357
40912124,40911636,into_BD,5.4,0.196,1,3,14,Rangpur,89.43140129587844,26.026932146015298
40912125,40912125,out_of_BD,16.2,0.583,1,3,19,Rangpur,89.80149118183878,26.03899387458834
40912125,40912125,into_BD,16.2,0.583,1,3,11,Rangpur,89.80383733119034,26.041340048125168
40912125,40912125,out_of_BD,16.2,0.583,1,3,8,Rangpur,89.80735672891626,26.044859251915998
40912383,40918556,into_BD,136.7,5.102,3,4,0,Rangpur,89.5839311784962,26.024402286760143
40913090,40915400,into_BD,55.7,2.044,2,3,0,Rangpur,89.33289844218626,26.029602159577184
40913090,40915400,out_of_BD,55.7,2.044,2,3,0,Rangpur,89.33340014469145,26.029100350381615
40913090,40915400,into_BD,55.7,2.044,2,3,0,Rangpur,89.33541666795651,26.026420267814903
40913090,40915400,out_of_BD,55.7,2.044,2,3,0,Rangpur,89.3363292720038,26.02200410004351
40913090,40915400,into_BD,55.7,2.044,2,3,0,Rangpur,89.33699827783575,26.021335108797892
40913090,40915400,out_of_BD,55.7,2.044,2,3,2,Rangpur,89.33833626639283,26.019997114404998
40913090,40915400,into_BD,55.7,2.044,2,3,0,Rangpur,89.34690129871943,26.01559891407474
40913090,40915400,out_of_BD,55.7,2.044,2,3,0,Rangpur,89.34773754079703,26.014762685012226
40913090,40915400,into_BD,55.7,2.044,2,3,0,Rangpur,89.35191857073976,26.01058144679657
40913090,40915400,out_of_BD,55.7,2.044,2,3,0,Rangpur,89.35483102398419,26.01041683907952
40913090,40915400,into_BD,55.7,2.044,2,3,0,Rangpur,89.37204355992058,26.010416727130604
40913091,40913091,into_BD,8.1,0.296,1,4,0,Rangpur,89.37291666884447,26.011885225565564
40913320,41002771,out_of_BD,725.5,29.47,4,3,31,Rangpur,88.18125000233374,26.03023705747062
40913320,41002771,into_BD,725.5,29.47,4,3,24,Rangpur,88.16731461074525,26.021481319425252
40913320,41002771,out_of_BD,725.5,29.47,4,3,39,Rangpur,88.16143275175877,26.018750102482223
40913320,41002771,into_BD,725.5,29.47,4,3,35,Rangpur,88.15066862058575,26.01733532894954
40913320,41002771,out_of_BD,725.5,29.47,4,3,21,Rangpur,88.14791666737676,26.014465776391383
40913320,41002771,into_BD,725.5,29.47,4,3,21,Rangpur,88.14791667214503,26.013565417625504
40913327,40913327,out_of_BD,18.5,0.657,2,3,10,Rangpur,89.81481934069102,26.018986404693035
40913536,40913536,out_of_BD,13.7,0.495,1,3,19,Rangpur,89.44925265059626,26.00758602569281
40913761,40926634,into_BD,11150.7,222.281,5,2,36,Rangpur,89.83125000571096,26.011163786039624
40913762,40913762,into_BD,5.2,0.185,1,3,11,Rangpur,89.84709066004243,26.001257357458872
40914006,40916357,into_BD,7.3,0.266,1,3,0,Rangpur,89.50208334239333,26.002603844407478
40914244,40915400,out_of_BD,74.6,2.732,2,3,1,Rangpur,89.37528777728537,26.01041678426609
40914244,40915400,into_BD,74.6,2.732,2,3,0,Rangpur,89.37853246315413,26.010416881974812
40914244,40915400,out_of_BD,74.6,2.732,2,3,0,Rangpur,89.37928123815723,26.010416894148793
40914244,40915400,into_BD,74.6,2.732,2,3,6,Rangpur,89.37978042177187,26.010416900103504
40914244,40915400,out_of_BD,74.6,2.732,2,3,0,Rangpur,89.38776738994754,26.01041676022882
40914244,40915400,into_BD,74.6,2.732,2,3,0,Rangpur,89.3910432857296,26.008956765701345
40914713,41002771,out_of_BD,737.7,30.017,4,3,47,Rangpur,88.14098990598798,25.99791668016625
40914713,41002771,into_BD,737.7,30.017,4,3,59,Rangpur,88.13935650684408,25.99768984973703
40914732,40926634,out_of_BD,11161.3,222.655,5,2,52,Rangpur,89.83639788618743,25.986398068763805
40914732,40926634,into_BD,11161.3,222.655,5,2,63,Rangpur,89.83319095401858,25.983191092154406
40915182,40930737,into_BD,5236.2,221.423,5,2,9,Rangpur,89.47708339642351,25.99722222883431
40915182,40930737,out_of_BD,5236.2,221.423,5,2,22,Rangpur,89.4770834464526,25.986595619089584
40915182,40930737,into_BD,5236.2,221.423,5,2,24,Rangpur,89.477083435969,25.982978046931127
40915631,40915631,out_of_BD,7.1,0.248,1,4,57,Rangpur,89.85644886449244,25.968551145654942
40916134,40916134,into_BD,227.8,8.759,3,4,4,Rangpur,88.11498193933184,25.960018500495668
40916135,41002771,out_of_BD,749.1,30.527,4,3,45,Rangpur,88.12798387168142,25.977983903113152
40916135,41002771,into_BD,749.1,30.527,4,3,23,Rangpur,88.1270833378757,25.976265311227454
40916358,40916358,into_BD,15.4,0.55,1,4,0,Rangpur,89.53901042346448,25.977083348739765
40916360,40926634,out_of_BD,11176.2,223.171,5,2,60,Rangpur,89.83957323707102,25.96866067476721
40916360,40926634,into_BD,11176.2,223.171,5,2,39,Rangpur,89.83958334075182,25.965951370904943
40916360,40926634,out_of_BD,11176.2,223.171,5,2,9,Rangpur,89.82990682120024,25.95490686336173
40916360,40926634,into_BD,11176.2,223.171,5,2,11,Rangpur,89.82604237037684,25.952083344595042
40916603,40916857,out_of_BD,9.3,0.328,1,3,7,Rangpur,89.56306583483398,25.971399273629867
40916603,40916857,into_BD,9.3,0.328,1,3,0,Rangpur,89.56222846324766,25.97056188548024
40916603,40916857,out_of_BD,9.3,0.328,1,3,0,Rangpur,89.55954893319061,25.969617770544115
40916603,40916857,into_BD,9.3,0.328,1,3,0,Rangpur,89.54375000125619,25.968059978899436
40917078,40917326,into_BD,18.3,0.626,1,4,52,Rangpur,89.87953069784119,25.94619749101701
40917325,40919271,into_BD,139.5,4.955,3,3,37,Rangpur,89.85625000108469,25.94310287554731
40917574,41002771,out_of_BD,984.8,39.698,4,3,35,Rangpur,88.11875000985476,25.954095022182926
40917574,41002771,into_BD,984.8,39.698,4,3,9,Rangpur,88.11475147096908,25.943918144807242
40919526,41002771,out_of_BD,1107.6,44.432,4,3,2,Rangpur,88.08958335389997,25.913284202907487
40919526,41002771,into_BD,1107.6,44.432,4,3,57,Rangpur,88.0931494127684,25.90685061582052
40919754,40919754,into_BD,5.0,0.172,1,4,4,Rangpur,88.08987956525553,25.89791667064288
40921906,41002771,out_of_BD,1128.2,45.387,4,3,26,Rangpur,88.09801407028873,25.893652827853938
40921906,41002771,into_BD,1128.2,45.387,4,3,61,Rangpur,88.102083357852,25.887855516601082
40921906,41002771,out_of_BD,1128.2,45.387,4,3,0,Rangpur,88.10208336372187,25.870945389733468
40921906,41002771,into_BD,1128.2,45.387,4,3,1,Rangpur,88.10262894494431,25.86820447528869
40921906,41002771,out_of_BD,1128.2,45.387,4,3,2,Rangpur,88.1058058753803,25.865027893275474
40921906,41002771,into_BD,1128.2,45.387,4,3,55,Rangpur,88.11032016211671,25.86051363904266
40923557,41002771,out_of_BD,1268.3,50.637,4,3,41,Rangpur,88.10780272712563,25.83958357367324
40925191,41067217,into_BD,469117.2,20365.5,8,1,77,Rangpur,89.8293333350169,25.802083348198412
40926363,40929738,out_of_BD,41.5,1.401,2,4,2,Rangpur,88.14791666780188,25.781661026497314
40926364,40926364,into_BD,6.8,0.231,1,6,0,Rangpur,88.26640641576338,25.78359374135606
40926364,40926364,out_of_BD,6.8,0.231,1,6,0,Rangpur,88.26925723961659,25.78074298680217
40926364,40926364,into_BD,6.8,0.231,1,6,0,Rangpur,88.27520948477817,25.777083348178405
40926853,40926853,into_BD,5.2,0.173,1,5,0,Rangpur,88.14874089317796,25.776259188944568
40926853,40926853,out_of_BD,5.2,0.173,1,5,0,Rangpur,88.14638458204763,25.777083347284385
40927882,40928584,out_of_BD,107.6,3.78,2,5,0,Rangpur,88.27708333642114,25.775167272131903
40928107,40928107,out_of_BD,15.1,0.508,1,6,0,Rangpur,88.29862659902832,25.764583356465945
40928583,40937199,out_of_BD,413.3,15.437,3,4,10,Rangpur,88.23958335241161,25.808945996212206
40928583,40937199,into_BD,413.3,15.437,3,4,3,Rangpur,88.23172381844273,25.798390524687825
40928583,40937199,out_of_BD,413.3,15.437,3,4,0,Rangpur,88.22722570054334,25.79791666864726
40929253,40958077,out_of_BD,28.4,0.971,2,4,0,Rangpur,88.34322879440195,25.730728814582395
40929749,40933574,into_BD,472.5,16.532,3,2,57,Rangpur,89.83138476244002,25.722916841884686
40932677,40932677,into_BD,7.0,0.234,1,5,0,Rangpur,88.40227129451611,25.67689539227913
40932677,40932677,out_of_BD,7.0,0.234,1,5,0,Rangpur,88.40714089014064,25.67202599434334
40932677,40932677,into_BD,7.0,0.234,1,5,0,Rangpur,88.41704051035242,25.668750134044302
40932677,40932677,out_of_BD,7.0,0.234,1,5,0,Rangpur,88.41954099758824,25.668750106073052
40932678,40974760,out_of_BD,774.8,30.109,4,4,0,Rangpur,88.42291666966021,25.670672232206307
40933806,40944461,into_BD,49.1,1.625,2,3,0,Rangpur,89.8529951191731,25.685416868865556
40934043,40934043,out_of_BD,8.1,0.273,1,5,0,Rangpur,88.45404221380281,25.64791666928993
40934598,40938327,into_BD,53.0,1.804,2,3,4,Rangpur,89.87936063571686,25.637694016288656
40934823,40934823,into_BD,10.4,0.356,1,4,0,Rangpur,89.88139397441813,25.631250001986405
40936274,40936274,into_BD,16.5,0.565,1,4,5,Rangpur,89.88217757272443,25.617822465405414
40937416,40937416,out_of_BD,8.7,0.293,1,6,0,Rangpur,88.48591156388495,25.585911583128873
40937416,40937416,into_BD,8.7,0.293,1,6,0,Rangpur,88.48366842552218,25.58541670621544
40938327,40938327,out_of_BD,118.6,4.028,2,3,2,Rangpur,89.87518158797208,25.58315179996843
40938860,40938860,out_of_BD,3.7,0.125,1,3,2,Rangpur,89.86865113441965,25.56455864233562
40939584,40946426,out_of_BD,258.1,9.216,3,5,0,Rangpur,88.47708333396902,25.585303816837367
40939585,40939585,out_of_BD,5.6,0.188,1,6,0,Rangpur,88.50057977067381,25.550580047786408
40939592,40946433,into_BD,779.5,31.376,4,2,1,Rangpur,89.86681220296461,25.558478916872573
40941009,40941009,out_of_BD,4.6,0.155,1,6,9,Rangpur,88.53676995978071,25.53406387316394
40941009,40941009,into_BD,4.6,0.155,1,6,1,Rangpur,88.5399549474905,25.53087907341048
40941509,40942013,out_of_BD,27.1,0.951,2,3,0,Rangpur,88.76875000241655,25.521589876236774
40941765,40941510,out_of_BD,11.6,0.4,1,4,0,Rangpur,88.8102392578625,25.510594192301244
40941765,40941510,into_BD,11.6,0.4,1,4,0,Rangpur,88.78514254418198,25.518750114809713
40941765,40941510,out_of_BD,11.6,0.4,1,4,0,Rangpur,88.77884169085446,25.5163417358782
40942012,41030560,out_of_BD,2525.4,123.816,4,2,53,Rangpur,88.76041676264224,25.525548120532804
40942012,41030560,into_BD,2525.4,123.816,4,2,64,Rangpur,88.7604167667084,25.522145171358755
40942012,41030560,out_of_BD,2525.4,123.816,4,2,64,Rangpur,88.76041670761921,25.51329749815288
40942012,41030560,into_BD,2525.4,123.816,4,2,67,Rangpur,88.76197935629224,25.50885402980473
40942013,40942013,into_BD,44.5,1.555,3,3,36,Rangpur,88.76517853362701,25.5068452492342
40942023,40942023,into_BD,90.9,3.495,3,3,0,Rangpur,89.86613296767578,25.546367083677747
40942242,40942242,into_BD,107.8,4.07,2,3,16,Rangpur,89.85907800736675,25.51041695518748
40942759,40942759,into_BD,4.8,0.168,1,3,15,Rangpur,89.84951506802985,25.493750157883564
40943007,40943007,into_BD,27.3,0.921,2,3,73,Rangpur,88.76458333469738,25.49434499950338
40943255,40943493,out_of_BD,181.9,6.538,3,5,2,Rangpur,88.54791671730008,25.5182875123054
40943255,40943493,into_BD,181.9,6.538,3,5,2,Rangpur,88.5479167315007,25.51602938748879
40943255,40943493,out_of_BD,181.9,6.538,3,5,5,Rangpur,88.54791673990276,25.512416386775662
40943256,40982115,out_of_BD,866.1,35.912,4,4,29,Rangpur,88.57532277491832,25.50865652023964
40943257,40943257,out_of_BD,16.7,0.569,1,3,0,Rangpur,88.73292877933237,25.504571725316417
40943257,40943257,into_BD,16.7,0.569,1,3,0,Rangpur,88.74089236333883,25.492441018492954
40943257,40943257,out_of_BD,16.7,0.569,1,3,76,Rangpur,88.74375000244424,25.488242669410216
40943258,41030560,out_of_BD,2602.7,126.756,4,2,72,Rangpur,88.7522404473826,25.493907475343985
40943739,40943987,out_of_BD,98.6,3.386,2,5,0,Rangpur,88.64614444071294,25.481250014529735
40944463,40944463,into_BD,9.1,0.318,1,4,12,Rangpur,89.8494071976968,25.48125001362674
40944738,40944736,into_BD,25.0,0.895,2,3,6,Rangpur,89.85158787248113,25.468254558955746
40944980,40944980,into_BD,4.8,0.163,1,5,0,Rangpur,88.83878044632107,25.459613826095698
40946434,40946434,into_BD,10.9,0.385,1,4,10,Rangpur,89.84668169624206,25.46165183708079
40947190,40947190,into_BD,13.0,0.445,1,5,50,Rangpur,89.82708334187872,25.41881661610975
40947190,40947190,out_of_BD,13.0,0.445,1,5,70,Rangpur,89.83034561670372,25.4303456487632
40947190,40947190,into_BD,13.0,0.445,1,5,54,Rangpur,89.8312500043011,25.432517825860575
40947190,40947190,out_of_BD,13.0,0.445,1,5,42,Rangpur,89.83489913081532,25.443232484683783
40947190,40947190,into_BD,13.0,0.445,1,5,71,Rangpur,89.8354166680592,25.44463515400955
40947634,40945449,into_BD,16.5,0.578,1,4,70,Rangpur,89.83650566208001,25.446827828104496
40948619,40948619,into_BD,3.1,0.108,1,4,31,Mymensingh,89.82437499860295,25.393750011980913
40949507,40949507,into_BD,9.7,0.321,1,5,0,Rangpur,88.83914168164617,25.377083497846943
40950727,40954756,into_BD,103.4,3.838,3,2,4,Mymensingh,89.82030799442867,25.36302547180108
40954510,41049520,into_BD,12.8,0.459,1,3,15,Mymensingh,89.83958333656064,25.320135380127635
40954510,41049520,out_of_BD,12.8,0.459,1,3,10,Mymensingh,89.84006506717496,25.318268288460605
40954510,41049520,into_BD,12.8,0.459,1,3,1,Mymensingh,89.83250558376746,25.29500567978588
40954511,40961460,into_BD,34.5,1.395,2,6,0,Mymensingh,89.94791666858332,25.294090909331373
40954758,40954758,out_of_BD,5.0,0.212,1,7,0,Mymensingh,89.94954558538807,25.293750014044754
40954758,40954758,into_BD,5.0,0.212,1,7,0,Mymensingh,89.94829257080659,25.29375000484113
40955572,40992285,out_of_BD,458.9,16.699,3,3,11,Rangpur,88.98541667709942,25.30161768457281
40955572,40992285,into_BD,458.9,16.699,3,3,10,Rangpur,88.98541667271135,25.29935801771633
40955572,40992285,out_of_BD,458.9,16.699,3,3,8,Rangpur,88.9854166701831,25.298680117557797
40955573,40955573,out_of_BD,4.7,0.158,1,4,0,Rangpur,89.00656229326944,25.277395639335417
40955830,40956572,out_of_BD,13.0,0.433,1,5,1,Rangpur,88.95208333763352,25.302702058969462
40955836,40955836,into_BD,26.8,1.028,1,8,0,Mymensingh,89.90151892445752,25.305686202346823
40955836,40955836,out_of_BD,26.8,1.028,1,8,0,Mymensingh,89.89550529088952,25.29967264624266
40955836,40955836,into_BD,26.8,1.028,1,8,0,Mymensingh,89.89500418134617,25.299171507820084
40955836,40955836,out_of_BD,26.8,1.028,1,8,0,Mymensingh,89.89233166618395,25.296498746850567
40955836,40955836,into_BD,26.8,1.028,1,8,0,Mymensingh,89.8895833420015,25.292046657436654
40956077,40957061,into_BD,26.2,0.974,2,7,18,Mymensingh,89.8767937859869,25.285706430654038
40956080,40970465,into_BD,98.5,4.336,2,5,0,Mymensingh,89.99797011432786,25.27709604090697
40956081,40956081,into_BD,79.6,3.733,2,6,22,Mymensingh,90.0116265239643,25.277083345480456
40956315,40992285,into_BD,469.0,17.039,3,3,12,Rajshahi,89.00208335387518,25.268560607792846
40956316,40956316,into_BD,55.3,1.883,2,4,21,Rajshahi,89.00481770637147,25.264583346650923
40956317,40956317,out_of_BD,3.7,0.125,1,5,0,Rajshahi,89.0073749971149,25.264583352938992
40956570,40971208,out_of_BD,193.3,6.555,2,4,0,Rangpur,88.86041667695768,25.354760571237726
40956571,40968745,out_of_BD,124.5,4.175,2,4,0,Rangpur,88.91875000265935,25.312297185809346
40956819,40956316,out_of_BD,51.4,1.751,2,4,10,Rajshahi,89.00700193662507,25.26383142952511
40958087,40962726,into_BD,14.0,0.682,1,6,0,Mymensingh,90.06458335782075,25.25171056768834
40959765,40961463,into_BD,102.1,5.488,2,7,8,Mymensingh,90.18125000738905,25.21850446821252
40959983,40959983,out_of_BD,17.7,0.545,1,4,0,Rajshahi,88.6854166686389,25.20948414126585
40960002,40960002,into_BD,3.5,0.567,1,5,0,Sylhet,91.26801692776336,25.20551719500621
40960002,40960002,out_of_BD,3.5,0.567,1,5,5,Sylhet,91.25992406300138,25.2025759589074
40960216,40960494,into_BD,7.4,0.225,1,6,0,Rajshahi,88.61633696196547,25.20383711108919
40960223,40970016,into_BD,472.4,27.12,4,6,0,Mymensingh,90.24842486272561,25.202591549602907
40960237,40960237,into_BD,1.7,0.234,1,6,18,Sylhet,91.07261890315685,25.198214451723295
40960237,40960237,out_of_BD,1.7,0.234,1,6,0,Sylhet,91.07695876176714,25.197916668369952
40960492,40982115,into_BD,1492.2,56.97,4,4,37,Rajshahi,88.44008233737613,25.209917686273705
40960492,40982115,out_of_BD,1492.2,56.97,4,4,42,Rajshahi,88.4409155042458,25.209084544549334
40960492,40982115,into_BD,1492.2,56.97,4,4,47,Rajshahi,88.44375002330491,25.19769221668819
40960495,40960494,out_of_BD,20.8,0.632,2,6,0,Rajshahi,88.60829825150442,25.19791668140567
40960495,40960494,into_BD,20.8,0.632,2,6,0,Rajshahi,88.6032676573947,25.194934360909347
40960495,40960494,out_of_BD,20.8,0.632,2,6,0,Rajshahi,88.60135101309301,25.193750018906314
40960498,40968745,into_BD,185.1,6.174,3,4,0,Rajshahi,88.93548887812446,25.202026479778766
40960499,40960499,out_of_BD,4.9,0.16,1,5,1,Rajshahi,88.94761983173362,25.193750003898362
40960499,40960499,into_BD,4.9,0.16,1,5,0,Rajshahi,88.94412449917857,25.193750004819726
40960519,40960519,into_BD,1.6,0.238,1,6,0,Sylhet,91.18958334000163,25.200635244196643
40960520,40960520,into_BD,1.4,0.209,1,7,0,Sylhet,91.19375000664434,25.201438670766677
40960521,40960521,into_BD,1.2,0.18,1,8,0,Sylhet,91.19791667188454,25.201788950502834
40960523,40960523,into_BD,1.2,0.18,1,6,0,Sylhet,91.20208333918168,25.201336052103965
40960525,40960525,into_BD,1.6,0.242,1,6,0,Sylhet,91.21041668104913,25.200699873201724
40960529,40960529,into_BD,2.1,0.336,1,6,0,Sylhet,91.22291666785266,25.199189815097903
40960531,40960531,into_BD,2.5,0.401,1,6,0,Sylhet,91.23541666809999,25.198973068254592
40960748,40971208,into_BD,272.9,9.125,3,4,0,Rajshahi,88.8479166774904,25.210011393510268
40960748,40971208,out_of_BD,272.9,9.125,3,4,0,Rajshahi,88.84964219852056,25.204524522064208
40960748,40971208,into_BD,272.9,9.125,3,4,0,Rajshahi,88.85208333580145,25.200643722805555
40960749,40960749,into_BD,7.8,0.25,1,5,0,Rajshahi,88.87274655888348,25.189753556281847
40960749,40960749,out_of_BD,7.8,0.25,1,5,0,Rajshahi,88.87091035929654,25.191589753684635
40960749,40960749,into_BD,7.8,0.25,1,5,0,Rajshahi,88.86476683720572,25.193750002480815
40960762,40963438,into_BD,173.3,8.884,3,6,10,Mymensingh,90.12291667247992,25.225076886544453
40960770,40961199,into_BD,3.1,0.474,1,5,0,Sylhet,91.18125001903314,25.198521036018317
40960775,40974513,into_BD,2490.1,311.534,5,4,86,Sylhet,91.25208335159752,25.198601602617426
40960776,40960776,into_BD,3.3,0.535,1,5,0,Sylhet,91.27246017495925,25.201626881688675
40960970,40960970,into_BD,10.5,0.309,1,5,38,Rajshahi,88.44288118693225,25.18541671329182
40960982,40960982,into_BD,4.9,0.297,1,8,0,Mymensingh,90.33477303042675,25.190227014189666
40960982,40960982,out_of_BD,4.9,0.297,1,8,0,Mymensingh,90.3357035887697,25.18958333710176
40960984,41008103,into_BD,2269.7,140.987,5,4,30,Mymensingh,90.65044243873741,25.191225002027867
40960985,40960985,into_BD,8.9,0.679,1,5,0,Mymensingh,90.66363266855471,25.192799810143807
40960985,40960985,out_of_BD,8.9,0.679,1,5,0,Mymensingh,90.66096063129167,25.19012739424302
40960985,40960985,into_BD,8.9,0.679,1,5,87,Mymensingh,90.65625000072153,25.185981174392364
40960987,40961193,into_BD,2.3,0.343,1,8,25,Sylhet,91.14375002419936,25.196147093862454
40960989,40962479,into_BD,13.4,2.017,2,7,8,Sylhet,91.16041669647396,25.19707881120212
40960999,40969798,into_BD,825.1,111.953,5,4,89,Sylhet,92.01654669204318,25.18738007443062
40961000,40961000,into_BD,2.1,0.286,1,7,0,Sylhet,92.04037499883181,25.185416699462042
40961001,40965009,into_BD,3.3,0.437,2,6,0,Sylhet,92.04375000098143,25.1859848489362
40961175,40961175,out_of_BD,6.8,0.204,1,7,0,Rajshahi,88.58958335045295,25.185609258902517
40961175,40961175,into_BD,6.8,0.204,1,7,0,Rajshahi,88.59099113335732,25.190991173855874
40961175,40961175,out_of_BD,6.8,0.204,1,7,0,Rajshahi,88.59316477557195,25.19316479742754
40961176,40968745,out_of_BD,194.4,6.481,3,4,0,Rajshahi,88.94375000126453,25.1931775946895
40961176,40968745,into_BD,194.4,6.481,3,4,1,Rajshahi,88.946849448844,25.186483926710917
40961176,40968745,out_of_BD,194.4,6.481,3,4,0,Rajshahi,88.94791666832268,25.182051371788294
40961177,40961177,out_of_BD,9.1,0.301,1,5,0,Rajshahi,88.94952876262776,25.18125004815634
40961184,40961184,into_BD,4.1,0.241,1,8,0,Mymensingh,90.28125000328826,25.195263672352983
40961185,40967761,into_BD,7.0,0.418,1,7,0,Mymensingh,90.2895833707484,25.19401222576459
40961186,40974256,into_BD,92.8,7.826,3,5,18,Mymensingh,90.78037039183414,25.184537090312848
40961188,40961993,into_BD,1.2,0.151,1,7,0,Sylhet,91.04791666928506,25.189495648123582
40961189,40961189,into_BD,1.9,0.255,1,8,0,Sylhet,91.05208334837607,25.190022789702503
40961190,40961190,into_BD,1.6,0.226,1,8,1,Sylhet,91.13541668105034,25.19420754830265
40961191,40961191,into_BD,1.4,0.199,1,9,0,Sylhet,91.13958333470482,25.195491536769467
40961200,40962741,into_BD,33.4,5.528,3,5,0,Sylhet,91.30516227092028,25.182337879105056
40961202,40961202,into_BD,1.4,0.224,1,7,0,Sylhet,91.31458333570306,25.18368055615515
40961203,40961201,into_BD,3.3,0.546,1,6,0,Sylhet,91.32297229854892,25.18125011660609
40961218,40961218,into_BD,4.9,0.692,1,5,9,Sylhet,91.99791666732128,25.18317816459297
40961221,40961221,into_BD,7.0,0.909,2,7,0,Sylhet,92.05625000006653,25.18530092595678
40961449,40962948,into_BD,85.8,2.629,2,6,41,Rajshahi,88.51475048264076,25.20225048960246
40961450,40965705,into_BD,195.1,5.988,3,5,7,Rajshahi,88.53958338028777,25.189478474856134
40961467,40961467,into_BD,17.9,1.455,2,6,0,Mymensingh,90.76875000522186,25.182633073382878
40961474,40962972,into_BD,15.7,1.949,1,6,0,Sylhet,91.0131225109673,25.182711007597433
40961475,40961475,into_BD,7.8,0.986,1,7,0,Sylhet,91.02291667501412,25.186678901839052
40961479,40964479,into_BD,44.1,6.317,3,6,0,Sylhet,91.11041666908186,25.19492966018463
40961480,40961480,into_BD,4.9,0.699,1,8,6,Sylhet,91.11875000054178,25.194272064727013
40961487,40961486,into_BD,3.7,0.6,1,5,1,Sylhet,91.27708333379458,25.197436879944053
40961495,40961495,into_BD,3.5,0.604,2,6,37,Sylhet,91.75438744813387,25.17708334783679
40961496,40961496,into_BD,1.2,0.2,1,7,37,Sylhet,91.75582745242946,25.177505899814836
40961497,40967512,into_BD,340.0,57.673,4,5,16,Sylhet,91.75633680267548,25.177170139998395
40961498,40961498,into_BD,1.6,0.244,1,6,0,Sylhet,91.89791667417379,25.179907131495906
40961500,40961500,into_BD,1.4,0.213,1,6,0,Sylhet,91.90208333982432,25.18061523696326
40961502,40961502,into_BD,5.4,0.847,2,6,0,Sylhet,91.91458333359637,25.181678900629464
40961503,40971486,into_BD,59.0,7.31,3,5,42,Sylhet,92.07350280570226,25.184830552533327
40961503,40971486,out_of_BD,59.0,7.31,3,5,34,Sylhet,92.07873025899198,25.18125003721416
40961503,40971486,into_BD,59.0,7.31,3,5,31,Sylhet,92.07997436027942,25.181250053171354
40961503,40971486,out_of_BD,59.0,7.31,3,5,37,Sylhet,92.08495076899668,25.18125001238672
40961503,40971486,into_BD,59.0,7.31,3,5,40,Sylhet,92.0861078957237,25.180558799435108
40961504,40961504,into_BD,18.6,2.228,2,6,0,Sylhet,92.09375000060282,25.177649134916564
40961729,40963948,into_BD,10.7,0.646,1,8,0,Mymensingh,90.29791669416656,25.191092479987987
40961730,40961730,into_BD,6.4,0.389,1,9,2,Mymensingh,90.31041668182081,25.188372889012268
40961733,40961733,into_BD,2.5,0.183,1,7,0,Mymensingh,90.61458333430893,25.17371956551266
40961735,40962734,into_BD,3.5,0.271,1,5,0,Mymensingh,90.68640951516286,25.173909549742394
40961735,40962734,out_of_BD,3.5,0.271,1,5,0,Mymensingh,90.68624185590559,25.17374188616396
40961735,40962734,into_BD,3.5,0.271,1,5,0,Mymensingh,90.68590653875873,25.173406558524075
40961735,40962734,out_of_BD,3.5,0.271,1,5,0,Mymensingh,90.68315524924054,25.17291668124004
40961736,40961737,into_BD,3.5,0.482,1,7,0,Sylhet,91.08958334959374,25.19625606196773
40961749,40963720,into_BD,8.0,1.315,2,5,0,Sylhet,91.84323965685569,25.176573183212504
40961750,40962255,into_BD,1.6,0.252,1,7,0,Sylhet,91.86458334054967,25.175514561011543
40961751,40961751,into_BD,1.2,0.187,1,8,0,Sylhet,91.86875000146665,25.174944560307857
40961752,40962492,into_BD,64.3,10.365,3,5,24,Sylhet,91.88541666719898,25.177341154888076
40961753,40961753,into_BD,6.4,0.994,2,5,0,Sylhet,91.92708333828601,25.180403175299443
40961755,40961755,into_BD,1.9,0.295,1,5,0,Sylhet,91.93133428639261,25.181165717702527
40961755,40961755,out_of_BD,1.9,0.295,1,5,0,Sylhet,91.93369425815342,25.178805791960286
40961755,40961755,into_BD,1.9,0.295,1,5,0,Sylhet,91.93403138952907,25.178468656334683
40961757,40961757,into_BD,1.0,0.146,1,5,0,Sylhet,91.93958333386003,25.178587963180448
40961759,40961759,into_BD,1.0,0.146,1,5,0,Sylhet,91.94375000070467,25.178356481773715
40961761,40961761,into_BD,32.4,4.944,3,5,1,Sylhet,91.95302649428668,25.178026921701782
40961971,41030560,into_BD,3225.9,146.802,4,2,60,Rajshahi,88.75625009951852,25.182500007560396
40961986,40964982,into_BD,5.8,0.417,1,6,0,Mymensingh,90.5908566361056,25.175810140961026
40961987,40961987,into_BD,2.9,0.21,1,7,0,Mymensingh,90.60625001924052,25.17638346681036
40961992,40961992,into_BD,2.3,0.301,1,8,0,Sylhet,91.03858868012706,25.186411443332876
40961995,40968772,into_BD,58.8,7.719,3,5,0,Sylhet,91.0770833338797,25.19780326251922
40962002,40967780,into_BD,540.1,91.37,4,4,27,Sylhet,91.38431596386194,25.1698507434855
40962003,40962003,into_BD,2.5,0.425,1,5,17,Sylhet,91.38728149163167,25.168750014507225
40962010,40962010,into_BD,0.8,0.135,1,7,2,Sylhet,91.6062500006924,25.17442129651098
40962010,40962010,out_of_BD,0.8,0.135,1,7,0,Sylhet,91.60625000014934,25.16886574078688
40962011,40962011,out_of_BD,1.2,0.202,1,6,0,Sylhet,91.60667227730148,25.169172304915442
40962012,40964490,into_BD,6.0,1.048,2,5,0,Sylhet,91.61522635682633,25.173560105334236
40962012,40964490,out_of_BD,6.0,1.048,2,5,0,Sylhet,91.61187949635355,25.17021301090622
40962015,40962015,into_BD,12.6,2.18,2,6,0,Sylhet,91.74443149699479,25.16875002721377
40962016,40967512,out_of_BD,345.8,58.718,4,5,20,Sylhet,91.75625000114782,25.17627314854971
40962016,40967512,into_BD,345.8,58.718,4,5,29,Sylhet,91.75625000284383,25.17141203803225
40962017,40962017,into_BD,1.4,0.209,1,5,0,Sylhet,91.91875000136653,25.181399596875607
40962023,40962023,into_BD,1.2,0.169,1,5,0,Sylhet,91.96875000317775,25.17656250135155
40962025,40962025,into_BD,4.5,0.655,1,5,0,Sylhet,91.9729166852854,25.17520252808377
40962027,40962027,into_BD,1.0,0.14,1,6,0,Sylhet,91.9770833345472,25.17326388940934
40962028,40969798,out_of_BD,852.7,115.896,5,4,10,Sylhet,91.99405500037304,25.181250003980146
40962028,40969798,into_BD,852.7,115.896,5,4,13,Sylhet,91.98657733779245,25.17407777055975
40962030,40962030,into_BD,3.3,0.396,1,6,0,Sylhet,92.11351862176856,25.168750054818982
40962224,40968488,into_BD,19.4,1.045,1,6,0,Mymensingh,90.13958333637729,25.223530818196974
40962226,40964982,out_of_BD,14.2,1.021,2,6,0,Mymensingh,90.61794396323822,25.172916675829505
40962226,40964982,into_BD,14.2,1.021,2,6,0,Mymensingh,90.6187500005421,25.17251749127814
40962229,40962968,into_BD,3.5,0.283,1,6,0,Mymensingh,90.74375000204542,25.16537716261468
40962231,40963709,into_BD,5.0,0.611,1,6,0,Sylhet,91.00208337705907,25.18051727421667
40962233,40962233,into_BD,11.3,1.866,1,6,0,Sylhet,91.3503994982715,25.175399602589383
40962240,40962240,into_BD,3.1,0.539,1,7,0,Sylhet,91.58541668059549,25.17206653449303
40962241,40964218,into_BD,8.4,1.455,2,6,0,Sylhet,91.59375002175946,25.173894747403097
40962242,40962242,into_BD,1.0,0.168,1,6,0,Sylhet,91.60208333451375,25.17443387717658
40962243,40964490,into_BD,8.2,1.418,2,5,0,Sylhet,91.60355899552002,25.166059040064365
40962249,40962987,into_BD,3.1,0.525,1,6,37,Sylhet,91.79375000042525,25.168084415869558
40962251,40962251,into_BD,2.7,0.456,1,8,0,Sylhet,91.79904104098378,25.16875001155718
40962251,40962251,out_of_BD,2.7,0.456,1,8,0,Sylhet,91.79954076302506,25.1687500139517
40962251,40962251,into_BD,2.7,0.456,1,8,0,Sylhet,91.80208333361523,25.168335229893774
40962252,40962252,into_BD,5.0,0.848,2,7,0,Sylhet,91.80625000058207,25.1718910329154
40962252,40962252,out_of_BD,5.0,0.848,2,7,0,Sylhet,91.80625000073206,25.170295602360003
40962252,40962252,into_BD,5.0,0.848,2,7,0,Sylhet,91.80604457740098,25.168544586573514
40962253,40962990,into_BD,2.7,0.443,1,6,0,Sylhet,91.85625000875876,25.172737474171296
40962468,40970017,into_BD,362.5,23.278,4,5,44,Mymensingh,90.50904486300499,25.174288517509005
40962472,40963953,into_BD,13.0,1.023,1,6,0,Mymensingh,90.71041666863364,25.168002313211854
40962473,40962473,into_BD,4.5,0.357,1,7,0,Mymensingh,90.72262528869295,25.16429196775477
40962474,40971979,into_BD,85.4,8.485,2,6,0,Mymensingh,90.88541667099261,25.16678620631058
40962475,40962475,into_BD,3.5,0.36,1,7,2,Mymensingh,90.89791666800338,25.166290456449378
40962476,40962476,into_BD,9.1,0.998,2,8,0,Mymensingh,90.95010111548508,25.170732270578718
40962477,40963956,into_BD,90.9,10.19,3,7,31,Sylhet,90.97291666786832,25.17565245226174
40962489,40962489,into_BD,2.5,0.425,1,7,0,Sylhet,91.78009000026643,25.165743391786087
40962491,40962491,into_BD,2.7,0.434,1,7,0,Sylhet,91.8770833348723,25.175196151611697
40962499,40962499,into_BD,1.7,0.207,1,7,5,Sylhet,92.12708333381337,25.16166001585677
40962500,40962498,into_BD,1.9,0.229,1,6,0,Sylhet,92.13071704739325,25.160416673206804
40962731,40962731,into_BD,5.8,0.394,1,6,0,Mymensingh,90.49561652195153,25.16688379235893
40962734,40962734,into_BD,10.1,0.776,2,5,0,Mymensingh,90.67599038600535,25.175990422860224
40962736,40962736,into_BD,1.9,0.205,1,7,0,Mymensingh,90.91875000788019,25.16416439074927
40962743,40966470,into_BD,22.3,3.799,3,4,0,Sylhet,91.42291667055474,25.161458334390066
40962946,40982115,out_of_BD,1526.0,58.047,4,4,18,Rajshahi,88.44375000262642,25.182600120763777
40962946,40982115,into_BD,1526.0,58.047,4,4,19,Rajshahi,88.44558478131614,25.179415668432412
40962963,40962965,into_BD,19.0,1.264,2,6,0,Mymensingh,90.46275635519623,25.15391036408754
40962964,40962964,into_BD,4.7,0.312,1,7,0,Mymensingh,90.47291667279544,25.157413454935266
40962971,40963702,into_BD,2.7,0.247,1,9,0,Mymensingh,90.81875001169782,25.163590497007178
40962980,40968509,into_BD,138.9,24.244,4,4,0,Sylhet,91.57412484605906,25.167541863495345
40962981,40964490,out_of_BD,10.5,1.822,2,5,0,Sylhet,91.6011601144097,25.153006588146397
40962983,40968274,into_BD,39.0,6.825,3,5,3,Sylhet,91.71264168864357,25.15819180716782
40962983,40968274,out_of_BD,39.0,6.825,3,5,0,Sylhet,91.71632348370977,25.154510020964498
40962983,40968274,into_BD,39.0,6.825,3,5,0,Sylhet,91.71816429799888,25.152669089579238
40962984,40962984,into_BD,2.5,0.432,1,6,25,Sylhet,91.7228444157522,25.15208339194861
40962988,40964495,into_BD,23.3,3.9,3,5,0,Sylhet,91.82086716342916,25.174966323607386
40962994,40963205,into_BD,52.4,5.965,3,6,0,Sylhet,92.13810760660347,25.15477431837012
40962994,40963205,out_of_BD,52.4,5.965,3,6,0,Sylhet,92.13602428797361,25.152690979200063
40962994,40963205,into_BD,52.4,5.965,3,6,0,Sylhet,92.13567707506283,25.15234375328199
40963178,40966971,into_BD,51.9,4.773,2,7,0,Mymensingh,90.83958333778209,25.16235778285348
40963207,40963207,into_BD,1.6,0.18,1,7,0,Sylhet,92.13541666769241,25.150347222744752
40963446,40963446,into_BD,4.1,0.395,1,8,0,Mymensingh,90.86458334954638,25.161122468756638
40963462,40963462,out_of_BD,5.1,0.864,1,5,0,Sylhet,91.55296450760993,25.148798103209497
40963464,40963464,out_of_BD,1.4,0.233,1,6,0,Sylhet,91.61455852869621,25.143750059144622
40963464,40963464,into_BD,1.4,0.233,1,6,0,Sylhet,91.61232638429344,25.143750089054606
40963464,40963464,out_of_BD,1.4,0.233,1,6,0,Sylhet,91.60662202315663,25.14375001261789
40963680,40963680,into_BD,9.5,0.307,1,5,0,Rajshahi,88.89791672128678,25.18252337880659
40963681,40968745,into_BD,251.1,8.326,3,4,0,Rajshahi,88.93921167150663,25.177083343371514
40963681,40968745,out_of_BD,251.1,8.326,3,4,0,Rajshahi,88.9241011930263,25.169935241003024
40963681,40968745,into_BD,251.1,8.326,3,4,0,Rajshahi,88.9204326486622,25.1662666465338
40963682,40963682,out_of_BD,23.1,0.752,2,5,0,Rajshahi,88.93958333413111,25.176744513276862
40963698,40963698,into_BD,10.9,0.751,1,6,0,Mymensingh,90.53541673489794,25.173148574509746
40963701,40965219,into_BD,13.0,1.154,2,8,0,Mymensingh,90.80265240425518,25.173485760118997
40963714,40963714,into_BD,1.6,0.265,1,7,0,Sylhet,91.53125000072971,25.145254629843414
40963715,40964217,into_BD,1.2,0.199,1,5,0,Sylhet,91.53804257554435,25.146376015369412
40963971,40963971,into_BD,7.8,1.321,2,6,0,Sylhet,91.45208334948794,25.152825643930086
40963972,40965739,into_BD,15.0,2.545,2,5,0,Sylhet,91.46831402310889,25.15164776254561
40963973,40966986,into_BD,5.8,0.991,1,4,0,Sylhet,91.50500767845921,25.144992365168303
40963976,40964223,into_BD,4.1,0.699,2,5,0,Sylhet,91.66573070391506,25.136564129771585
40963976,40964223,out_of_BD,4.1,0.699,2,5,58,Sylhet,91.66403930847186,25.13541667331928
40964199,40964199,into_BD,13.4,0.956,1,7,19,Mymensingh,90.5770833689894,25.17162714195749
40964219,40964490,into_BD,18.8,3.255,2,5,4,Sylhet,91.60312476231759,25.14062509054451
40964224,40964224,out_of_BD,3.7,0.621,1,6,35,Sylhet,91.66480984080847,25.13125000779044
40964239,40964239,into_BD,3.1,0.345,1,5,83,Sylhet,92.18780974951615,25.133023677591932
40964240,40973749,into_BD,757.6,81.008,4,4,77,Sylhet,92.19083546039013,25.135416678982214
40964465,40966705,into_BD,62.7,3.988,3,7,0,Mymensingh,90.3437500064589,25.180104535092823
40964469,40964469,into_BD,24.5,1.702,2,6,0,Mymensingh,90.54936602789422,25.17436607096772
40964471,40964471,into_BD,6.8,0.48,1,6,28,Mymensingh,90.56875000243181,25.17338446178305
40964492,40969796,into_BD,510.2,86.645,4,4,0,Sylhet,91.65208333388806,25.127893518696467
40964718,40967481,into_BD,29.7,1.939,2,7,0,Mymensingh,90.41041667338392,25.15575999377896
40964736,40964736,into_BD,3.7,0.62,1,5,0,Sylhet,91.49375000073613,25.136931790749646
40964740,40964740,into_BD,4.1,0.692,1,7,0,Sylhet,91.68726385796928,25.137736608295416
40964741,40965512,into_BD,31.1,5.375,3,6,0,Sylhet,91.7000005930812,25.147916681323046
40965013,40965013,into_BD,4.5,0.479,1,5,0,Sylhet,92.21124019912791,25.117926541709526
40965246,40965246,out_of_BD,1.9,0.216,1,5,0,Sylhet,92.17729042447468,25.122709682615294
40965246,40965246,into_BD,1.9,0.216,1,5,1,Sylhet,92.17779939606216,25.12220071800004
40965525,40965525,out_of_BD,4.1,0.459,1,5,0,Sylhet,92.16041666675424,25.133220436021343
40965525,40965525,into_BD,4.1,0.459,1,5,0,Sylhet,92.16041666789022,25.129833515882932
40965525,40965525,out_of_BD,4.1,0.459,1,5,0,Sylhet,92.16041666730304,25.128027157849726
40965525,40965525,into_BD,4.1,0.459,1,5,0,Sylhet,92.15994579516254,25.126612503841397
40967523,40974538,into_BD,15.4,1.563,2,4,0,Sylhet,92.26918037827747,25.08168039654455
40967524,40967524,into_BD,3.3,0.325,1,4,0,Sylhet,92.33541666682225,25.07734218991154
40967524,40967524,out_of_BD,3.3,0.325,1,4,0,Sylhet,92.33637362759136,25.077083370546926
40968049,40969303,into_BD,10.9,1.136,2,5,0,Sylhet,92.22869937055681,25.095366084025812
40968529,41019050,into_BD,667.0,69.527,5,3,83,Sylhet,92.34791667125504,25.07354452365592
40968529,41019050,out_of_BD,667.0,69.527,5,3,73,Sylhet,92.34791666685281,25.060530822043823
40969043,41019050,into_BD,719.8,74.603,5,3,73,Sylhet,92.3478322724783,25.060332280392284
40969043,41019050,out_of_BD,719.8,74.603,5,3,74,Sylhet,92.34209373834038,25.054593904504426
40969043,41019050,into_BD,719.8,74.603,5,3,64,Sylhet,92.33829883492605,25.052083345796163
40969564,40970265,into_BD,30.5,3.046,2,4,0,Sylhet,92.29791666726486,25.072175081828764
40969767,40969767,into_BD,83.6,2.428,3,5,10,Rajshahi,88.44618130017899,25.08298560683794
40969767,40969767,out_of_BD,83.6,2.428,3,5,11,Rajshahi,88.44791668724923,25.080437189242435
40969767,40969767,into_BD,83.6,2.428,3,5,26,Rajshahi,88.44791683979055,25.07253678687076
40969767,40969767,out_of_BD,83.6,2.428,3,5,45,Rajshahi,88.45166618422415,25.040000502529455
40969768,40982115,out_of_BD,1964.6,71.554,4,4,43,Rajshahi,88.45216661140266,25.039666614911887
40970498,40972021,into_BD,15.6,1.485,2,5,0,Sylhet,92.40044060882317,25.03377410891931
40970923,40982115,into_BD,2055.9,74.255,4,4,30,Rajshahi,88.4520833353338,25.036300682302205
40970923,40982115,out_of_BD,2055.9,74.255,4,4,51,Rajshahi,88.44453636973294,25.027870412651353
40970923,40982115,into_BD,2055.9,74.255,4,4,54,Rajshahi,88.44001818478289,25.02335209045915
40970923,40982115,out_of_BD,2055.9,74.255,4,4,45,Rajshahi,88.43884685700661,25.02218065840434
40971445,40971445,into_BD,9.1,0.258,1,5,47,Rajshahi,88.4250782788886,25.016588443423384
40971445,40971445,out_of_BD,9.1,0.258,1,5,47,Rajshahi,88.42607858348539,25.015588123968815
40973025,40970493,into_BD,83.2,7.948,3,4,88,Sylhet,92.41650449162162,24.99150454061547
40973470,40982115,into_BD,2168.1,77.492,4,4,44,Rajshahi,88.42633344075607,25.0096668004701
40973470,40982115,out_of_BD,2168.1,77.492,4,4,52,Rajshahi,88.42450040799747,25.007833783447538
40973470,40982115,into_BD,2168.1,77.492,4,4,50,Rajshahi,88.42333396067424,25.00666731011601
40973470,40982115,out_of_BD,2168.1,77.492,4,4,39,Rajshahi,88.41233002937327,24.987330705713827
40974036,40973533,into_BD,45.5,4.106,3,5,85,Sylhet,92.42100472405201,24.974828659595065
40974276,40973533,out_of_BD,31.3,2.813,3,5,89,Sylhet,92.44170949667202,24.96662388725432
40974277,40974277,into_BD,12.5,1.133,2,6,87,Sylhet,92.44987234833995,24.966539156641964
40974278,40974277,into_BD,7.6,0.689,2,6,82,Sylhet,92.46234660553566,24.968750014496
40974278,40974277,out_of_BD,7.6,0.689,2,6,86,Sylhet,92.45852086756985,24.97064584928942
40974759,41002771,out_of_BD,5764.8,198.542,5,3,62,Rajshahi,88.20550531741054,24.95967201010683
40974759,41002771,into_BD,5764.8,198.542,5,3,51,Rajshahi,88.2091091429173,24.960416840199855
40974759,41002771,out_of_BD,5764.8,198.542,5,3,65,Rajshahi,88.22620623119542,24.960416725771235
40974765,40974765,out_of_BD,140.3,3.974,3,5,48,Rajshahi,88.39483288449475,24.96766715833086
40974991,41002771,into_BD,5749.8,198.14,5,3,71,Rajshahi,88.18954203828652,24.95215015854533
40975052,40975052,out_of_BD,3.9,0.35,1,6,90,Sylhet,92.43125000222932,24.966130315139
40975053,40973533,into_BD,16.9,1.504,2,5,87,Sylhet,92.45625000034947,24.954467922556006
40975245,41002771,into_BD,8104.5,279.207,5,3,73,Rajshahi,88.23125000287669,24.95476784081504
40975245,41002771,out_of_BD,8104.5,279.207,5,3,69,Rajshahi,88.23364738859743,24.94968599930377
40976121,40976864,into_BD,99.8,9.816,3,4,74,Sylhet,92.48692781934584,24.941094531570403
40976121,40976864,out_of_BD,99.8,9.816,3,4,84,Sylhet,92.48541666699799,24.937788403838116
40976309,40982115,into_BD,2360.5,82.91,4,4,52,Rajshahi,88.3701663605703,24.945166752802127
40976585,40976585,out_of_BD,11.9,1.039,2,5,82,Sylhet,92.48479311639169,24.935416674078258
40976821,40976821,out_of_BD,17.3,0.478,1,5,55,Rajshahi,88.39562525318004,24.941874801876647
40977050,41002771,into_BD,8133.7,279.997,5,3,70,Rajshahi,88.23541666897547,24.94690288996011
40977050,41002771,out_of_BD,8133.7,279.997,5,3,74,Rajshahi,88.25160242598298,24.931250005979322
40977050,41002771,into_BD,8133.7,279.997,5,3,8,Rajshahi,88.26041666896339,24.919763809573674
40977098,40973533,out_of_BD,9.7,0.859,1,5,88,Sylhet,92.44891035317698,24.939583343912084
40977341,40977341,out_of_BD,2.1,0.2,1,3,84,Sylhet,92.29791666725916,24.915149456892415
40977342,41064598,out_of_BD,28231.9,1395.859,6,2,87,Sylhet,92.30039062463027,24.914583347374364
40977567,41064598,into_BD,28237.1,1396.349,6,2,83,Sylhet,92.29228510789791,24.914583384349978
40977567,41064598,out_of_BD,28237.1,1396.349,6,2,85,Sylhet,92.2876934548312,24.9126935033857
40977770,40977770,into_BD,94.0,2.589,3,5,30,Rajshahi,88.3312500264691,24.919540726020937
40978022,40972963,out_of_BD,66.0,1.75,2,4,0,Rajshahi,88.16616233149809,24.94633847679494
40978024,41002771,out_of_BD,8152.0,280.488,5,3,15,Rajshahi,88.26133812953405,24.917828575531015
40978071,40979494,into_BD,296.4,28.823,4,3,86,Sylhet,92.49375000032109,24.917049453044797
40978071,40979494,out_of_BD,296.4,28.823,4,3,55,Sylhet,92.49460838748028,24.913724978854525
40978267,40978267,out_of_BD,5.5,0.147,1,5,8,Rajshahi,88.27390207354095,24.89693133236509
40978513,40978513,into_BD,9.3,0.247,1,5,1,Rajshahi,88.160416668507,24.898646532211224
40979249,41064598,into_BD,28259.3,1398.439,6,2,84,Sylhet,92.28265847608941,24.90765851991451
40979249,41064598,out_of_BD,28259.3,1398.439,6,2,84,Sylhet,92.26820834349581,24.906250522803706
40979249,41064598,into_BD,28259.3,1398.439,6,2,84,Sylhet,92.25427871055967,24.90822134001724
40979249,41064598,out_of_BD,28259.3,1398.439,6,2,86,Sylhet,92.23785350089318,24.904520329465452
40979249,41064598,into_BD,28259.3,1398.439,6,2,86,Sylhet,92.23382383777559,24.902083369320245
40979252,40979252,out_of_BD,6.4,0.551,2,4,38,Sylhet,92.49162091930005,24.881250014530558
40979253,40979494,into_BD,303.8,29.455,4,3,77,Sylhet,92.4968235325831,24.90099023733552
40979253,40979494,out_of_BD,303.8,29.455,4,3,70,Sylhet,92.49375000076233,24.89729675486827
40979684,40979684,into_BD,13.4,0.354,1,5,5,Rajshahi,88.15895487073679,24.872916678450476
40979686,41002771,into_BD,8172.2,281.032,5,3,69,Rajshahi,88.2605102494588,24.877177092944954
40979742,41064598,out_of_BD,28143.3,1387.84,6,2,90,Sylhet,92.37279280389853,24.87291667007153
40979742,41064598,into_BD,28143.3,1387.84,6,2,20,Sylhet,92.37130645087525,24.872916702919667
40979742,41064598,out_of_BD,28143.3,1387.84,6,2,88,Sylhet,92.36059983106425,24.876900563958127
40979742,41064598,into_BD,28143.3,1387.84,6,2,88,Sylhet,92.35893026526715,24.878570185428586
40979742,41064598,out_of_BD,28143.3,1387.84,6,2,82,Sylhet,92.32668517057027,24.894148729377655
40979742,41064598,into_BD,28143.3,1387.84,6,2,84,Sylhet,92.32418044652442,24.896653113729865
40979742,41064598,out_of_BD,28143.3,1387.84,6,2,83,Sylhet,92.30693619725177,24.905563863978045
40979742,41064598,into_BD,28143.3,1387.84,6,2,84,Sylhet,92.30625000045312,24.90848518518097
40979961,40979961,out_of_BD,2.3,0.201,1,3,84,Sylhet,92.44375000027816,24.871849259014134
40979962,41064598,out_of_BD,25959.3,1251.37,6,2,85,Sylhet,92.4479387401119,24.87287474273556
40980139,40982115,out_of_BD,2527.9,87.502,4,4,41,Rajshahi,88.33541669148167,24.898006025682964
40980139,40982115,into_BD,2527.9,87.502,4,4,54,Rajshahi,88.33125008261,24.87079453544854
40980182,41064598,into_BD,25952.1,1250.749,6,2,87,Sylhet,92.47312931070556,24.868537365718442
40980182,41064598,out_of_BD,25952.1,1250.749,6,2,87,Sylhet,92.47248893796734,24.86875000535443
40980182,41064598,into_BD,25952.1,1250.749,6,2,86,Sylhet,92.46575987272561,24.871740168117544
40980183,41064598,into_BD,25936.5,1249.448,6,2,88,Sylhet,92.49265192644238,24.87598540150745
40980183,41064598,out_of_BD,25936.5,1249.448,6,2,76,Sylhet,92.49011798448775,24.87345168242175
40980449,41064598,out_of_BD,28120.1,1385.77,6,2,86,Sylhet,92.37621083004568,24.86962285605747
40980449,41064598,into_BD,28120.1,1385.77,6,2,90,Sylhet,92.37300113457967,24.87283221095269
40980453,41064598,into_BD,25963.4,1251.72,6,2,83,Sylhet,92.4413069542619,24.866307001866076
40980453,41064598,out_of_BD,25963.4,1251.72,6,2,81,Sylhet,92.43958333350682,24.86098683077803
40980689,41064598,out_of_BD,26775.8,1303.759,6,2,84,Sylhet,92.41920484395682,24.856250186324097
40980689,41064598,into_BD,26775.8,1303.759,6,2,82,Sylhet,92.41200694126964,24.85882643966887
40980690,41064598,into_BD,25976.2,1252.795,6,2,86,Sylhet,92.43476562483609,24.856250007660606
40980691,40980691,out_of_BD,1.6,0.134,1,4,86,Sylhet,92.43541666670586,24.85636479096583
40980692,41064598,into_BD,25968.6,1252.161,6,2,84,Sylhet,92.43932290849942,24.860156253328434
40980692,41064598,out_of_BD,25968.6,1252.161,6,2,86,Sylhet,92.43550346937866,24.856336806713916
40980939,40980939,into_BD,1317.2,79.672,4,3,89,Sylhet,92.38541666670974,24.852199074104867
40980941,41064598,out_of_BD,26782.5,1304.33,6,2,83,Sylhet,92.40914108420168,24.859141185849573
40980941,41064598,into_BD,26782.5,1304.33,6,2,84,Sylhet,92.40284859297053,24.852848658356855
40981669,40981669,into_BD,3.7,0.311,1,3,86,Sylhet,92.40208333371338,24.85037068263804
40981670,40981670,into_BD,794.9,50.566,4,3,87,Sylhet,92.43125000079985,24.855456346397148
40981890,40981890,out_of_BD,5.6,0.519,1,4,50,Sylhet,92.24233945459925,24.843750022841075
40981890,40981890,into_BD,5.6,0.519,1,4,4,Sylhet,92.24798508893159,24.83951511338321
40981890,40981890,out_of_BD,5.6,0.519,1,4,71,Sylhet,92.2506615240884,24.83683859045466
40981891,40980937,into_BD,68.8,6.191,3,3,68,Sylhet,92.25486315410149,24.83819653076647
40981891,40980937,out_of_BD,68.8,6.191,3,3,61,Sylhet,92.25435772292883,24.837691104635613
40982157,40980937,into_BD,75.2,6.78,3,3,1,Sylhet,92.25208333364085,24.83460648166138
40982157,40980937,out_of_BD,75.2,6.78,3,3,1,Sylhet,92.25208333375011,24.83414351876238
40982432,40982432,out_of_BD,3.7,0.328,1,4,6,Sylhet,92.25654478419646,24.83095523625121
40982432,40982432,into_BD,3.7,0.328,1,4,7,Sylhet,92.2556918424653,24.831250006736543
40982432,40982432,out_of_BD,3.7,0.328,1,4,7,Sylhet,92.25345207788747,24.831250012809203
40983201,40980937,into_BD,82.4,7.424,3,3,4,Sylhet,92.2509945201707,24.830161224487597
40984107,40984107,into_BD,14.2,0.372,1,4,10,Rajshahi,88.10887376680482,24.807792951827164
40984108,40996764,into_BD,220.6,5.796,3,3,15,Rajshahi,88.13125005856556,24.8051192464905
40987302,40986087,out_of_BD,10.3,0.867,1,4,0,Sylhet,92.28441486429763,24.763581566514688
40988456,40987564,out_of_BD,19.9,1.621,2,4,0,Sylhet,92.29117776985429,24.7286779357916
40988456,40987564,into_BD,19.9,1.621,2,4,0,Sylhet,92.2937500002913,24.732063597151768
40988456,40987564,out_of_BD,19.9,1.621,2,4,0,Sylhet,92.29561593007968,24.73728281911322
40990091,40993769,into_BD,166.6,4.355,3,3,14,Rajshahi,88.04626854486668,24.707898174969273
40993028,41037693,into_BD,928900.4,13313.694,8,2,70,Rajshahi,88.02525023943572,24.652083347653488
40993028,41037693,out_of_BD,928900.4,13313.694,8,2,82,Rajshahi,88.03149723514775,24.647669652715326
40993766,41037693,into_BD,928942.3,13314.785,8,2,86,Rajshahi,88.04116334907816,24.64217012060729
40994774,40994776,out_of_BD,5.7,0.425,1,4,0,Sylhet,92.24225881603063,24.614583494784753
40997648,41003436,out_of_BD,13.9,0.359,1,3,2,Rajshahi,88.08125000940086,24.583235623903136
40997649,40997649,out_of_BD,11.1,0.287,1,4,4,Rajshahi,88.09185411018011,24.56268748654327
40999690,40999690,out_of_BD,183.0,12.362,4,4,0,Sylhet,92.18405383641266,24.52291667933066
40999690,40999690,into_BD,183.0,12.362,4,4,0,Sylhet,92.18331047461805,24.52291668104945
40999690,40999690,out_of_BD,183.0,12.362,4,4,0,Sylhet,92.1813356067132,24.522932098131758
40999690,40999690,into_BD,183.0,12.362,4,4,0,Sylhet,92.18046651912881,24.523700215738284
40999690,40999690,out_of_BD,183.0,12.362,4,4,0,Sylhet,92.1689860721516,24.53125000307573
40999690,40999690,into_BD,183.0,12.362,4,4,0,Sylhet,92.16272078670845,24.528946018999115
41000225,40999690,out_of_BD,137.5,9.09,4,4,0,Sylhet,92.19233341110998,24.516000035122904
41000225,40999690,into_BD,137.5,9.09,4,4,0,Sylhet,92.19083345873904,24.517500056633615
41000714,41000714,into_BD,3.9,0.264,1,6,0,Sylhet,92.19375000005601,24.514469120170805
41000715,40999690,out_of_BD,124.6,8.204,4,4,1,Sylhet,92.20562457549377,24.506250007336252
41000715,40999690,into_BD,124.6,8.204,4,4,0,Sylhet,92.19788770298838,24.510445830277032
41000715,40999690,out_of_BD,124.6,8.204,4,4,0,Sylhet,92.19535444769635,24.512979009975393
41000715,40999690,into_BD,124.6,8.204,4,4,0,Sylhet,92.19417222703869,24.51416114476432
41000992,40999690,into_BD,117.0,7.694,4,4,4,Sylhet,92.21309098211964,24.50357573048117
41000993,41000993,into_BD,56.0,3.841,3,5,6,Sylhet,92.22977407146796,24.508940782129198
41000993,41000993,out_of_BD,56.0,3.841,3,5,11,Sylhet,92.21917042635073,24.502503777125085
41001229,41001229,into_BD,3.7,0.246,1,5,0,Sylhet,92.20625000015787,24.505905316954173
41001638,41037693,out_of_BD,929691.8,13328.959,8,2,39,Rajshahi,88.14791682188883,24.50547357493463
41002103,41002103,into_BD,4.5,0.298,1,4,0,Sylhet,92.1531935286082,24.48125006482417
41002585,40989440,into_BD,472.9,26.509,4,3,3,Sylhet,92.1562500003433,24.47371555339861
41002585,40989440,out_of_BD,472.9,26.509,4,3,3,Sylhet,92.15625000051668,24.475541579901662
41002585,40989440,into_BD,472.9,26.509,4,3,3,Sylhet,92.15587192354982,24.47746142627526
41002585,40989440,out_of_BD,472.9,26.509,4,3,3,Sylhet,92.1557035465928,24.47762980951793
41002585,40989440,into_BD,472.9,26.509,4,3,0,Sylhet,92.15300945417131,24.480323913717825
41003033,40989440,out_of_BD,442.5,24.594,4,3,1,Sylhet,92.15625000051666,24.47029168647296
41003641,41003641,out_of_BD,8.2,0.208,1,3,97,Rajshahi,88.21374432730495,24.45708906343617
41003642,41037693,into_BD,929861.3,13255.708,8,2,81,Rajshahi,88.23643674400684,24.453103442709846
41004338,40989440,into_BD,429.8,23.775,4,3,0,Sylhet,92.16433273259544,24.439833945350518
41004338,40989440,out_of_BD,429.8,23.775,4,3,0,Sylhet,92.16041666952728,24.454069930394322
41004338,40989440,into_BD,429.8,23.775,4,3,0,Sylhet,92.1604166668885,24.456108513950667
41005004,41005004,into_BD,14.7,0.368,1,3,24,Rajshahi,88.26041667853315,24.446995397556133
41005027,41005027,out_of_BD,83.5,5.022,3,4,0,Sylhet,92.16416064915107,24.439160666600912
41005510,40989440,into_BD,337.9,18.218,3,3,0,Sylhet,92.16784324005577,24.436323460577654
41005510,40989440,out_of_BD,337.9,18.218,3,3,0,Sylhet,92.16633868860944,24.43782802669636
41005725,41005725,out_of_BD,19.0,1.179,2,5,0,Sylhet,92.13496830109015,24.41919838473591
41005726,41005027,into_BD,53.4,3.241,3,4,0,Sylhet,92.15511707465622,24.425950549849894
41005727,41005727,into_BD,28.7,1.696,2,5,0,Sylhet,92.16458333495179,24.42088700118052
41007194,40996114,into_BD,2272.3,108.074,5,3,75,Sylhet,91.98933187002227,24.385668141317005
41007195,41007195,out_of_BD,9.8,0.606,1,4,43,Sylhet,92.00276669913433,24.389583437015965
41007195,41007195,into_BD,9.8,0.606,1,4,7,Sylhet,91.99535891100183,24.38958339117886
41007195,41007195,out_of_BD,9.8,0.606,1,4,7,Sylhet,91.99333568694995,24.389169037316154
41007195,41007195,into_BD,9.8,0.606,1,4,37,Sylhet,91.99200149146147,24.387834871117892
41007195,41007195,out_of_BD,9.8,0.606,1,4,56,Sylhet,91.99083409332268,24.386667466612444
41007397,41005027,into_BD,28.2,1.674,2,4,0,Sylhet,92.1158373379426,24.38250410216715
41007397,41005027,out_of_BD,28.2,1.674,2,4,0,Sylhet,92.12152246841588,24.388189241406643
41007397,41005027,into_BD,28.2,1.674,2,4,0,Sylhet,92.12291666776686,24.396762566067867
41007397,41005027,out_of_BD,28.2,1.674,2,4,0,Sylhet,92.13279577824525,24.414583346716395
41007580,41037693,out_of_BD,941662.9,13532.647,8,2,14,Rajshahi,88.42934105682096,24.383159115254244
41007827,41007829,out_of_BD,89.7,2.23,3,3,61,Rajshahi,88.40208333586796,24.374160995286555
41007870,41007869,out_of_BD,5.7,0.345,1,4,0,Sylhet,92.02677100401344,24.381250173715575
41007872,41005027,into_BD,14.7,0.862,2,4,0,Sylhet,92.10976675852685,24.381250122131476
41007872,41005027,out_of_BD,14.7,0.862,2,4,0,Sylhet,92.11026076595854,24.38125011665224
41008571,41007829,into_BD,75.1,1.867,3,3,43,Rajshahi,88.36875002505373,24.372672816248258
41008613,40996114,into_BD,2217.0,104.808,5,3,7,Sylhet,91.98149999232635,24.360666669706237
41008613,40996114,out_of_BD,2217.0,104.808,5,3,7,Sylhet,91.98349996620338,24.36266668005638
41008766,41037693,into_BD,941790.3,13500.121,8,2,13,Rajshahi,88.44832600427468,24.37708385101106
41009468,41009468,into_BD,21.5,0.533,2,3,66,Rajshahi,88.4895833361995,24.35455190611618
41009469,41037693,out_of_BD,941853.0,13492.22,8,2,65,Rajshahi,88.49783145014564,24.352168766973325
41009469,41037693,into_BD,941853.0,13492.22,8,2,57,Rajshahi,88.50244712285588,24.347916696360983
41009496,41009496,into_BD,20.5,1.185,2,4,7,Sylhet,91.98360771923696,24.360416680733366
41009496,41009496,out_of_BD,20.5,1.185,2,4,7,Sylhet,91.98162227136243,24.360416671325225
41009715,41009715,into_BD,16.8,1.0,1,4,37,Sylhet,91.95625000019058,24.35656362965765
41009715,41009715,out_of_BD,16.8,1.0,1,4,1,Sylhet,91.97814877576154,24.368750053530977
41009716,40996114,out_of_BD,2194.9,103.538,5,3,3,Sylhet,91.98125000583164,24.355292722806276
41010606,41010606,into_BD,22.1,1.254,2,4,74,Sylhet,91.97470964222035,24.333043022052898
41010607,40996114,into_BD,2169.3,102.116,5,3,77,Sylhet,91.99375000031041,24.323483442129987
41011467,41011467,into_BD,117.2,2.88,3,3,16,Rajshahi,88.53474440735154,24.33057790977964
41011912,41011912,out_of_BD,16.2,0.405,1,4,12,Rajshahi,88.66533705302106,24.314583404482864
41011912,41011912,into_BD,16.2,0.405,1,4,26,Rajshahi,88.66657055710682,24.314583418804396
41011912,41011912,out_of_BD,16.2,0.405,1,4,8,Rajshahi,88.67295374917441,24.31451864879125
41011913,41011913,into_BD,292.6,7.16,3,3,93,Rajshahi,88.71041666948521,24.30826080047856
41014750,41014750,into_BD,16.8,0.418,1,3,98,Rajshahi,88.7389672778161,24.243750015693667
41014751,41037693,out_of_BD,942435.1,13500.322,8,2,98,Rajshahi,88.71458334126498,24.30435309029075
41014751,41037693,into_BD,942435.1,13500.322,8,2,97,Rajshahi,88.7395833551259,24.247693463238722
41015785,41015785,into_BD,4.3,0.106,1,3,93,Rajshahi,88.73495832924675,24.222916691459723
41016263,41008347,into_BD,12.9,0.674,1,4,0,Sylhet,91.76041667560467,24.239076957972344
41016264,41003028,into_BD,597.4,27.682,3,4,0,Sylhet,91.83125000076541,24.216550926203624
41016447,41016447,out_of_BD,53.1,2.709,3,4,0,Sylhet,91.66879273135281,24.227095591677998
41016447,41016447,into_BD,53.1,2.709,3,4,0,Sylhet,91.66875000033602,24.227532202689133
41016447,41016447,out_of_BD,53.1,2.709,3,4,0,Sylhet,91.668750000796,24.229791496690886
41016447,41016447,into_BD,53.1,2.709,3,4,0,Sylhet,91.66875000053257,24.230469284764258
41016449,41016449,out_of_BD,3.3,0.173,1,6,0,Sylhet,91.81060162334913,24.218565255648418
41016449,41016449,into_BD,3.3,0.173,1,6,0,Sylhet,91.81278582639915,24.216381145329017
41016449,41016449,out_of_BD,3.3,0.173,1,6,0,Sylhet,91.81816200765678,24.211004725394996
41016450,41016450,into_BD,9.8,0.506,2,5,0,Sylhet,91.8206246835461,24.210416680774248
41016450,41016450,out_of_BD,9.8,0.506,2,5,0,Sylhet,91.82137455726064,24.2104166799554
41016450,41016450,into_BD,9.8,0.506,2,5,0,Sylhet,91.8235638292149,24.211063853876453
41016450,41016450,out_of_BD,9.8,0.506,2,5,0,Sylhet,91.82962521617483,24.214583346895175
41016656,40996539,into_BD,43.7,2.189,2,3,0,Sylhet,91.65079965179595,24.21170052939585
41016656,40996539,out_of_BD,43.7,2.189,2,3,0,Sylhet,91.65063194138763,24.21186823451512
41016656,40996539,into_BD,43.7,2.189,2,3,0,Sylhet,91.64962566967567,24.212874460869635
41016656,40996539,out_of_BD,43.7,2.189,2,3,0,Sylhet,91.64828394935968,24.214216084378194
41016656,40996539,into_BD,43.7,2.189,2,3,0,Sylhet,91.64791666681649,24.21476768244078
41016659,41016659,into_BD,3.3,0.169,1,7,0,Sylhet,91.92215748128156,24.20625010955819
41017956,41017956,into_BD,251.4,6.079,3,3,83,Khulna,88.73390607114179,24.202083346560656
41018181,41018181,into_BD,9.4,0.476,1,4,0,Sylhet,91.65960010298458,24.190399928529278
41018181,41018181,out_of_BD,9.4,0.476,1,4,0,Sylhet,91.65625000301145,24.195074127435877
41018396,41012818,into_BD,29.0,1.442,2,5,0,Sylhet,91.86883397520788,24.17699936205106
41018396,41012818,out_of_BD,29.0,1.442,2,5,0,Sylhet,91.86838120797542,24.177083337926938
41018396,41012818,into_BD,29.0,1.442,2,5,0,Sylhet,91.86764169438597,24.177083344450647
41018396,41012818,out_of_BD,29.0,1.442,2,5,0,Sylhet,91.86665567651227,24.177083347568423
41018396,41012818,into_BD,29.0,1.442,2,5,0,Sylhet,91.85879228451411,24.18125001354641
41018396,41012818,out_of_BD,29.0,1.442,2,5,0,Sylhet,91.85829926079396,24.181250014233562
41018396,41012818,into_BD,29.0,1.442,2,5,0,Sylhet,91.85625000056991,24.18230992260763
41018396,41012818,out_of_BD,29.0,1.442,2,5,0,Sylhet,91.84585731437326,24.191642735390786
41018396,41012818,into_BD,29.0,1.442,2,5,0,Sylhet,91.84597559414306,24.195975640909687
41018823,41012818,into_BD,14.5,0.717,1,5,0,Sylhet,91.9132462476318,24.165921018873384
41018823,41012818,out_of_BD,14.5,0.717,1,5,0,Sylhet,91.8737805925912,24.17291667602374
41019296,40996539,into_BD,30.7,1.53,2,3,0,Sylhet,91.6993370070336,24.16316310582172
41019296,40996539,out_of_BD,30.7,1.53,2,3,0,Sylhet,91.68125000017626,24.1773078239878
41019296,40996539,into_BD,30.7,1.53,2,3,0,Sylhet,91.68125000047121,24.177759966797595
41019296,40996539,out_of_BD,30.7,1.53,2,3,0,Sylhet,91.68065665156702,24.181843515218272
41019462,41019462,out_of_BD,19.4,0.476,1,4,36,Khulna,88.73212940960534,24.181250123923828
41019704,41014080,into_BD,34.5,1.686,2,4,0,Sylhet,91.64366666932635,24.148000001254378
41019911,40996539,out_of_BD,10.4,0.509,1,3,0,Sylhet,91.73760025176972,24.143750029095635
41019911,40996539,into_BD,10.4,0.509,1,3,0,Sylhet,91.7343936199068,24.144773083672217
41019911,40996539,out_of_BD,10.4,0.509,1,3,0,Sylhet,91.72113656805888,24.15208339587975
41019911,40996539,into_BD,10.4,0.509,1,3,0,Sylhet,91.72015071262197,24.1520834215817
41019911,40996539,out_of_BD,10.4,0.509,1,3,0,Sylhet,91.71965778502235,24.152083432043455
41019911,40996539,into_BD,10.4,0.509,1,3,0,Sylhet,91.719164857502,24.15208344091238
41019911,40996539,out_of_BD,10.4,0.509,1,3,0,Sylhet,91.71891839377156,24.15208344474954
41019911,40996539,into_BD,10.4,0.509,1,3,0,Sylhet,91.70833294152212,24.154167108341877
41019911,40996539,out_of_BD,10.4,0.509,1,3,0,Sylhet,91.70633331896285,24.156166684945035
41020127,41020127,into_BD,3.7,0.183,1,6,0,Sylhet,91.63958333467954,24.14242229121724
41020127,41020127,out_of_BD,3.7,0.183,1,6,0,Sylhet,91.64332827263664,24.147494956275303
41020350,41020350,out_of_BD,5.3,0.256,1,6,0,Sylhet,91.88421389469804,24.14078614605954
41021659,41021659,out_of_BD,19.4,0.471,1,4,8,Khulna,88.70711611817305,24.118750009400415
41022321,41022552,out_of_BD,19.2,0.943,1,5,0,Sylhet,91.45303921452205,24.097916827618334
41022321,41022552,into_BD,19.2,0.943,1,5,0,Sylhet,91.44860693751217,24.097916821276627
41022321,41022552,out_of_BD,19.2,0.943,1,5,0,Sylhet,91.44836070012849,24.097916817153926
41022321,41022552,into_BD,19.2,0.943,1,5,0,Sylhet,91.44786822543325,24.097916807717866
41022321,41022552,out_of_BD,19.2,0.943,1,5,0,Sylhet,91.4422055123059,24.09946120109371
41022321,41022552,into_BD,19.2,0.943,1,5,0,Sylhet,91.44087336247016,24.100793347018417
41022321,41022552,out_of_BD,19.2,0.943,1,5,0,Sylhet,91.42944983703687,24.106250013946028
41022321,41022552,into_BD,19.2,0.943,1,5,0,Sylhet,91.42551978235073,24.107813673230627
41022321,41022552,out_of_BD,19.2,0.943,1,5,0,Sylhet,91.40198859649574,24.110322493418415
41022552,41022552,into_BD,35.3,1.727,2,5,0,Sylhet,91.37549722695952,24.096330718406904
41022553,41021678,into_BD,20.0,0.974,1,5,0,Sylhet,91.48994761757028,24.09411433146751
41022555,41022755,into_BD,40.2,1.941,2,4,0,Sylhet,91.63830837036652,24.104975076575418
41022555,41022755,out_of_BD,40.2,1.941,2,4,0,Sylhet,91.62708333366372,24.09749129257268
41022555,41022755,into_BD,40.2,1.941,2,4,0,Sylhet,91.62708333393367,24.09703780265851
41022555,41022755,out_of_BD,40.2,1.941,2,4,0,Sylhet,91.62708333417821,24.09635756773827
41022754,41009710,into_BD,1230.7,52.858,4,3,0,Sylhet,91.60005980342775,24.095773676658236
41022756,41022755,into_BD,54.5,2.629,2,4,25,Sylhet,91.61825026650301,24.093750105980263
41022756,41022755,out_of_BD,54.5,2.629,2,4,15,Sylhet,91.61725499308935,24.093750085915502
41022756,41022755,into_BD,54.5,2.629,2,4,11,Sylhet,91.61675735651374,24.09375007345227
41022756,41022755,out_of_BD,54.5,2.629,2,4,0,Sylhet,91.61218341100142,24.091350123089267
41023815,41022554,into_BD,4.5,0.217,1,6,0,Sylhet,91.51945010505987,24.081950670833248
41024005,41017956,into_BD,135.1,3.249,3,3,64,Khulna,88.73083391879098,24.064999433753947
41024005,41017956,out_of_BD,135.1,3.249,3,3,37,Khulna,88.7235235204094,24.06875005579252
41024005,41017956,into_BD,135.1,3.249,3,3,21,Khulna,88.70208342180366,24.094334134302713
41024005,41017956,out_of_BD,135.1,3.249,3,3,28,Khulna,88.70208337695396,24.120770155037444
41024025,41024024,into_BD,18.4,0.892,1,4,0,Sylhet,91.37599715094129,24.090669702670493
41024028,41024028,into_BD,33.9,1.619,3,5,0,Sylhet,91.54891334315995,24.073913376926097
41024206,41009710,into_BD,1163.8,49.659,4,3,0,Sylhet,91.59454078285053,24.080459247811678
41024206,41009710,out_of_BD,1163.8,49.659,4,3,51,Sylhet,91.59814894893329,24.08564913421539
41024373,41017956,out_of_BD,101.2,2.435,3,3,5,Khulna,88.73503615434808,24.060797196716518
41024610,41024205,into_BD,35.3,1.694,2,4,0,Sylhet,91.39221261803233,24.056250589502948
41024833,41024833,out_of_BD,8.0,0.192,1,4,1,Khulna,88.72708334569174,24.048204883388195
41024833,41024833,into_BD,8.0,0.192,1,4,0,Khulna,88.72708334907563,24.05272212012688
41024833,41024833,out_of_BD,8.0,0.192,1,4,0,Khulna,88.72708333841646,24.055432461249726
41024833,41024833,into_BD,8.0,0.192,1,4,0,Khulna,88.72742284943396,24.05625000890703
41024853,41021039,into_BD,29.6,1.407,2,4,0,Sylhet,91.57369921489655,24.0763009775685
41025711,41025711,into_BD,27.1,1.291,2,5,0,Sylhet,91.39264324195663,24.03125001106084
41026820,41026820,into_BD,7.8,0.371,1,4,0,Sylhet,91.37943078580176,24.010416744458144
41027484,41027484,into_BD,10.4,0.247,1,4,0,Khulna,88.7283952642919,23.99791667893573
41027485,41017956,out_of_BD,70.2,1.687,2,3,1,Khulna,88.73125000308967,24.010022222566338
41027485,41017956,into_BD,70.2,1.687,2,3,1,Khulna,88.73131304996566,24.01045220348819
41027699,41027699,out_of_BD,31.2,1.46,2,5,2,Sylhet,91.30831382354337,23.993750014158934
41027699,41027699,into_BD,31.2,1.46,2,5,5,Sylhet,91.30396407838796,23.99603597118279
41027700,41034516,into_BD,160.6,7.483,3,3,3,Sylhet,91.37364047541044,24.00135958798879
41027700,41034516,out_of_BD,160.6,7.483,3,3,3,Sylhet,91.37313871689068,24.001861303840943
41027700,41034516,into_BD,160.6,7.483,3,3,0,Sylhet,91.37298587844663,24.002033701932724
41027900,41027699,into_BD,21.0,0.982,2,5,0,Sylhet,91.32933639782078,23.991496985185005
41027900,41027699,out_of_BD,21.0,0.982,2,5,21,Sylhet,91.3242645332489,23.993750050713913
41027900,41027699,into_BD,21.0,0.982,2,5,14,Sylhet,91.3235266539593,23.993750055427203
41027900,41027699,out_of_BD,21.0,0.982,2,5,0,Sylhet,91.31515910627343,23.990159128156726
41027900,41027699,into_BD,21.0,0.982,2,5,0,Sylhet,91.31382792587004,23.990338770496482
41028118,41017956,into_BD,47.5,1.144,2,3,0,Khulna,88.73399263167123,23.99517408294609
41028119,41028119,out_of_BD,16.1,0.392,1,4,1,Khulna,88.76790345533698,23.985416675869626
41028137,41028137,into_BD,2.7,0.128,1,6,1,Sylhet,91.31041666759613,23.992507180743264
41028138,41028138,out_of_BD,6.5,0.303,1,6,0,Sylhet,91.33433279791016,23.989583344232752
41029259,41029259,into_BD,8.6,0.402,1,5,0,Chattogram,91.29601263903129,23.97065407726866
41029682,41017956,out_of_BD,20.6,0.49,1,3,2,Khulna,88.76167479164155,23.982508161179382
41029909,41033049,into_BD,105.4,4.835,2,4,0,Chattogram,91.28958333777041,23.968266536029265
41031351,41029492,into_BD,35.1,1.611,2,5,0,Chattogram,91.27424006286957,23.929927192692944
41032199,41032199,into_BD,11.4,0.267,1,3,0,Khulna,88.70625000169223,23.915347641746287
41032199,41032199,out_of_BD,11.4,0.267,1,3,0,Khulna,88.70465093755813,23.912984376892133
41032199,41032199,into_BD,11.4,0.267,1,3,0,Khulna,88.70415207894146,23.91248554104143
41032199,41032199,out_of_BD,11.4,0.267,1,3,0,Khulna,88.69966252229521,23.90799596882808
41032826,41031545,out_of_BD,44.4,1.04,2,2,0,Khulna,88.70041539721545,23.899584653810884
41033678,41033678,into_BD,13.0,0.589,1,5,0,Chattogram,91.23663809926553,23.902083406861646
41034100,41100788,into_BD,234.3,5.502,3,1,8,Khulna,88.64375000092913,23.868863636427974
41034101,41034101,into_BD,7.3,0.168,1,2,0,Khulna,88.64803567546215,23.868869015953976
41035588,41036807,into_BD,40.1,0.909,2,2,0,Khulna,88.58726978279562,23.843750171172484
41035607,41035607,into_BD,28.7,1.295,2,5,1,Chattogram,91.25208333406448,23.842922437296703
41036021,41036021,into_BD,9.6,0.217,1,3,0,Khulna,88.58664645528759,23.831250031719648
41036200,41034122,into_BD,443.6,19.899,4,4,4,Chattogram,91.25200274647396,23.83549745259477
41038734,41038734,out_of_BD,31.4,0.706,1,2,0,Khulna,88.5645728052978,23.785406223032247
41038734,41038734,into_BD,31.4,0.706,1,2,0,Khulna,88.58165616870356,23.793750004972974
41038746,41038746,into_BD,30.2,1.35,1,5,26,Chattogram,91.23541667051451,23.81213822949958
41038972,41035809,into_BD,114.9,5.122,3,4,5,Chattogram,91.23073314406525,23.777600210868485
41040659,41040659,into_BD,15.3,0.682,1,5,9,Chattogram,91.18958333747543,23.75096118536047
41040660,41040660,into_BD,41.9,1.868,2,5,5,Chattogram,91.22109688888962,23.743750013824908
41042828,41042828,into_BD,7.1,0.342,1,3,0,Chattogram,92.28541666720035,23.707177517707436
41042828,41042828,out_of_BD,7.1,0.342,1,3,0,Chattogram,92.28573403988464,23.705932640360427
41043428,41043428,out_of_BD,4.3,0.211,1,4,0,Chattogram,92.23422396888107,23.68660962465845
41043623,41044687,into_BD,8.5,0.378,1,5,0,Chattogram,91.19587762063708,23.69162242890594
41043624,41043624,into_BD,6.3,0.282,1,6,13,Chattogram,91.20643116583533,23.685597843949548
41043634,41081566,into_BD,151.9,7.249,3,2,0,Chattogram,92.28958333469713,23.69711758072054
41043842,41043842,into_BD,12.8,0.63,2,3,0,Chattogram,92.29019745721736,23.681250007043182
41044894,41035404,into_BD,433.3,19.65,4,4,0,Chattogram,91.20116216828808,23.657171199136084
41045120,41045120,out_of_BD,13.0,0.632,1,3,0,Chattogram,92.27708333380747,23.654233476511052
41045121,41081566,out_of_BD,170.2,8.151,3,2,0,Chattogram,92.28958333372373,23.680007472941156
41045121,41081566,into_BD,170.2,8.151,3,2,0,Chattogram,92.28958333379936,23.679103816774433
41045121,41081566,out_of_BD,170.2,8.151,3,2,0,Chattogram,92.28541666830887,23.667272844274617
41045538,41044481,into_BD,7.7,0.348,1,5,0,Chattogram,91.16054321540835,23.651956799447053
41045553,41045553,out_of_BD,16.1,0.798,2,3,0,Chattogram,92.27400002544108,23.646833344941356
41045974,41081566,into_BD,202.4,9.738,3,2,0,Chattogram,92.27968993444976,23.64114344397329
41045974,41081566,out_of_BD,202.4,9.738,3,2,0,Chattogram,92.28125000036233,23.638503447771214
41046628,41081566,into_BD,219.3,10.59,3,2,0,Chattogram,92.29375000007592,23.626904067289598
41046629,41046629,into_BD,3.0,0.15,1,3,0,Chattogram,92.29662499912206,23.62291669793375
41046819,41046819,out_of_BD,6.7,0.339,1,3,0,Chattogram,92.27816298207176,23.62816301766333
41046819,41046819,into_BD,6.7,0.339,1,3,0,Chattogram,92.2803272979028,23.63032732986786
41046819,41046819,out_of_BD,6.7,0.339,1,3,0,Chattogram,92.28406528073072,23.63125001226272
41048047,41048047,out_of_BD,17.1,0.373,1,4,13,Khulna,88.58824307807699,23.603423668483398
41048070,41048070,into_BD,14.9,0.686,1,6,0,Chattogram,91.16035975283673,23.614526599399774
41048269,41048269,into_BD,3.1,0.145,1,7,7,Chattogram,91.16875000264906,23.593171296878968
41048270,41048270,into_BD,2.6,0.118,1,6,0,Chattogram,91.17322629144996,23.59405970701424
41049143,41049948,into_BD,18.5,0.858,2,5,0,Chattogram,91.1868327370559,23.57566756787647
41049143,41049948,out_of_BD,18.5,0.858,2,5,0,Chattogram,91.17917082298072,23.583329424200336
41049143,41049948,into_BD,18.5,0.858,2,5,1,Chattogram,91.17573937807569,23.58541667888506
41049332,41081566,out_of_BD,239.4,11.625,3,2,0,Chattogram,92.29267023175501,23.621836934015278
41049332,41081566,into_BD,239.4,11.625,3,2,0,Chattogram,92.29193940724501,23.595560748542617
41049332,41081566,out_of_BD,239.4,11.625,3,2,0,Chattogram,92.2932682224635,23.594231967018292
41049332,41081566,into_BD,239.4,11.625,3,2,0,Chattogram,92.2972545071537,23.590245549033067
41049332,41081566,out_of_BD,239.4,11.625,3,2,0,Chattogram,92.30159623147941,23.589583339102383
41049332,41081566,into_BD,239.4,11.625,3,2,0,Chattogram,92.30625000323333,23.582045054340085
41049332,41081566,out_of_BD,239.4,11.625,3,2,0,Chattogram,92.30625000329837,23.57639807115446
41049332,41081566,into_BD,239.4,11.625,3,2,0,Chattogram,92.30751018137794,23.571656525750868
41049332,41081566,out_of_BD,239.4,11.625,3,2,0,Chattogram,92.3090049612531,23.570161748377103
41050779,41050348,into_BD,25.6,1.2,2,4,0,Chattogram,91.21250689428939,23.5500070293395
41050779,41050348,out_of_BD,25.6,1.2,2,4,0,Chattogram,91.20932518916719,23.547916692093686
41050779,41050348,into_BD,25.6,1.2,2,4,0,Chattogram,91.20343062655672,23.547916696944547
41051012,41081566,into_BD,362.1,17.899,4,2,0,Chattogram,92.31041668165764,23.55981532611684
41051012,41081566,out_of_BD,362.1,17.899,4,2,0,Chattogram,92.31041668277693,23.554839047637913
41051012,41081566,into_BD,362.1,17.899,4,2,0,Chattogram,92.31041667743109,23.5489579871798
41051012,41081566,out_of_BD,362.1,17.899,4,2,0,Chattogram,92.31041667389754,23.546922234454637
41051012,41081566,into_BD,362.1,17.899,4,2,0,Chattogram,92.31025440946047,23.543587749711378
41052285,41056858,into_BD,8.9,0.42,1,2,0,Chattogram,91.20488399309752,23.53405069931386
41052285,41056858,out_of_BD,8.9,0.42,1,2,0,Chattogram,91.20208333752635,23.528484479594322
41052285,41056858,into_BD,8.9,0.42,1,2,0,Chattogram,91.20000753895745,23.52291668061713
41053127,41053127,into_BD,208.1,4.506,3,2,0,Khulna,88.73080225791767,23.50253109548392
41053574,41100788,out_of_BD,1892.8,44.971,4,1,21,Khulna,88.78676560464038,23.506250030381544
41053574,41100788,into_BD,1892.8,44.971,4,1,19,Khulna,88.78750138982342,23.506250042007064
41053574,41100788,out_of_BD,1892.8,44.971,4,1,3,Khulna,88.79791666942899,23.499942814774005
41053574,41100788,into_BD,1892.8,44.971,4,1,3,Khulna,88.79666972240527,23.48666365470829
41053574,41100788,out_of_BD,1892.8,44.971,4,1,3,Khulna,88.7973347623132,23.485998596103936
41053587,41055522,into_BD,4.9,0.236,1,2,6,Chattogram,91.23659444202988,23.49076117039363
41053802,41053802,into_BD,20.9,1.0,1,3,0,Chattogram,91.22310475327241,23.514771786536095
41054222,41054222,into_BD,16.5,0.357,2,2,6,Khulna,88.7898347006019,23.47316805356049
41054222,41054222,out_of_BD,16.5,0.357,2,2,22,Khulna,88.79754375569503,23.480877117708815
41054479,41081566,out_of_BD,458.3,23.101,4,2,0,Chattogram,92.3073544757812,23.535416677534077
41054479,41081566,into_BD,458.3,23.101,4,2,0,Chattogram,92.31116930556239,23.53466409068764
41054479,41081566,out_of_BD,458.3,23.101,4,2,0,Chattogram,92.31416405317047,23.531669469665893
41054479,41081566,into_BD,458.3,23.101,4,2,0,Chattogram,92.31665957240295,23.52917390483236
41054479,41081566,out_of_BD,458.3,23.101,4,2,0,Chattogram,92.31715866492995,23.52867478670534
41054479,41081566,into_BD,458.3,23.101,4,2,0,Chattogram,92.31458333505091,23.51785001062664
41054479,41081566,out_of_BD,458.3,23.101,4,2,0,Chattogram,92.31875000408976,23.508715244731356
41054479,41081566,into_BD,458.3,23.101,4,2,0,Chattogram,92.31875000820035,23.506678564335896
41054479,41081566,out_of_BD,458.3,23.101,4,2,0,Chattogram,92.31875000975249,23.50577337287935
41054479,41081566,into_BD,458.3,23.101,4,2,0,Chattogram,92.31875001339428,23.503057797883287
41054479,41081566,out_of_BD,458.3,23.101,4,2,0,Chattogram,92.31875001488687,23.494458470864153
41054479,41081566,into_BD,458.3,23.101,4,2,0,Chattogram,92.31875001349744,23.49287438328053
41054479,41081566,out_of_BD,458.3,23.101,4,2,0,Chattogram,92.3187500075471,23.488801013740787
41054479,41081566,into_BD,458.3,23.101,4,2,0,Chattogram,92.31875000112053,23.485859134425695
41054479,41081566,out_of_BD,458.3,23.101,4,2,0,Chattogram,92.32274968522616,23.481416988787988
41054479,41081566,into_BD,458.3,23.101,4,2,0,Chattogram,92.32291666696868,23.480345680222612
41054479,41081566,out_of_BD,458.3,23.101,4,2,0,Chattogram,92.32016963458855,23.471497074963956
41054479,41081566,into_BD,458.3,23.101,4,2,0,Chattogram,92.32283098452865,23.46883568598237
41054479,41081566,out_of_BD,458.3,23.101,4,2,0,Chattogram,92.32303621059128,23.46875125996312
41054853,41100788,into_BD,1920.7,45.578,4,1,15,Khulna,88.7996669786246,23.48366684367249
41054886,41081566,into_BD,591.2,30.336,4,2,0,Chattogram,92.32883337764217,23.46700000218127
41054886,41081566,out_of_BD,591.2,30.336,4,2,0,Chattogram,92.32950004902382,23.466333330798562
41054886,41081566,into_BD,591.2,30.336,4,2,0,Chattogram,92.32966661764104,23.462999994392625
41055303,41090466,into_BD,2245.6,100.193,4,1,41,Chattogram,91.25146914192275,23.464583340332698
41055310,41081566,out_of_BD,602.4,30.978,4,2,0,Chattogram,92.32708333338005,23.460302297931765
41055310,41081566,into_BD,602.4,30.978,4,2,0,Chattogram,92.32708333348378,23.456642497546987
41055310,41081566,out_of_BD,602.4,30.978,4,2,0,Chattogram,92.33116594321993,23.452167393882824
41055721,41055721,into_BD,8.7,0.426,1,2,0,Chattogram,91.25342290770395,23.459077135071283
41055721,41055721,out_of_BD,8.7,0.426,1,2,69,Chattogram,91.252083334234,23.461532238631353
41055724,41054884,out_of_BD,8.7,0.447,1,2,0,Chattogram,91.91540273925688,23.447097310134033
41055725,41055725,into_BD,3.0,0.153,1,4,0,Chattogram,91.94375000011198,23.454052058907905
41056412,41056412,into_BD,12.6,0.623,1,2,0,Chattogram,91.26851285738577,23.43125027640891
41056655,41056655,out_of_BD,7.7,0.453,2,3,0,Chattogram,92.34166656891026,23.43333337364532
41056869,41056869,out_of_BD,31.7,1.823,2,3,0,Chattogram,92.33087414757082,23.43541672181902
41057321,41057321,out_of_BD,11.4,0.245,1,2,0,Khulna,88.75571501918706,23.41821511068611
41058197,41058197,out_of_BD,14.4,0.307,1,2,49,Khulna,88.75968976470467,23.406250031072705
41058197,41058197,into_BD,14.4,0.307,1,2,13,Khulna,88.75311361893249,23.403113775641618
41058197,41058197,out_of_BD,14.4,0.307,1,2,10,Khulna,88.75046193541445,23.400462077047266
41058218,41061835,into_BD,21.3,1.058,2,3,0,Chattogram,91.27617003745034,23.41367006805591
41058661,41081566,into_BD,719.2,37.834,4,2,0,Chattogram,92.35294503578724,23.398778399286353
41058661,41081566,out_of_BD,719.2,37.834,4,2,0,Chattogram,92.3543317536861,23.391501626877435
41058661,41081566,into_BD,719.2,37.834,4,2,0,Chattogram,92.35616659913696,23.38966673792468
41058854,41058854,into_BD,7.5,0.376,1,5,0,Chattogram,91.27898589381205,23.38731927146884
41058867,41058867,into_BD,7.5,0.452,1,3,0,Chattogram,92.3573289212649,23.390662289876712
41059104,41056641,out_of_BD,20.7,1.063,2,2,0,Chattogram,91.78967142647333,23.397828577518492
41059306,41058853,into_BD,18.7,0.944,2,4,0,Chattogram,91.29314371438745,23.37708336448056
41059306,41058853,out_of_BD,18.7,0.944,2,4,0,Chattogram,91.29118035590672,23.377083449208587
41059306,41058853,into_BD,18.7,0.944,2,4,0,Chattogram,91.27989107768397,23.3770834578072
41059749,41081566,out_of_BD,731.6,38.599,4,2,2,Chattogram,92.35625000150712,23.384039072873055
41059749,41081566,into_BD,731.6,38.599,4,2,0,Chattogram,92.35769253763932,23.37980750536565
41059749,41081566,out_of_BD,731.6,38.599,4,2,0,Chattogram,92.3583186813343,23.374985393927133
41059749,41081566,into_BD,731.6,38.599,4,2,0,Chattogram,92.35682219301648,23.373488881446953
41059749,41081566,out_of_BD,731.6,38.599,4,2,0,Chattogram,92.3571743064908,23.371992392961783
41059934,41059934,out_of_BD,7.3,0.156,1,2,0,Khulna,88.76342417604756,23.371757603025245
41060188,41060188,out_of_BD,35.5,2.135,3,3,0,Chattogram,92.36041666692601,23.367954166116665
41060361,41060361,into_BD,3.4,0.17,1,3,0,Chattogram,91.3185221966004,23.360189294678218
41060584,41062075,into_BD,55.2,2.811,3,2,0,Chattogram,91.31766413110465,23.353169239791896
41060780,41060780,out_of_BD,7.7,0.162,1,2,0,Khulna,88.73614788617589,23.352083401993628
41060780,41060780,into_BD,7.7,0.162,1,2,0,Khulna,88.7437500020662,23.348933552468996
41060781,41110806,into_BD,95.2,2.022,2,1,0,Khulna,88.76041666910847,23.3617649708164
41060781,41110806,out_of_BD,95.2,2.022,2,1,0,Khulna,88.74615193955479,23.350318646861563
41060781,41110806,into_BD,95.2,2.022,2,1,0,Khulna,88.74482672091929,23.34899341948365
41060805,41081566,into_BD,777.1,41.374,4,2,0,Chattogram,92.36642223181146,23.368750044676183
41060805,41081566,out_of_BD,777.1,41.374,4,2,0,Chattogram,92.36999773065781,23.36750236600188
41060805,41081566,into_BD,777.1,41.374,4,2,0,Chattogram,92.3713279505149,23.366172211700018
41060805,41081566,out_of_BD,777.1,41.374,4,2,0,Chattogram,92.37708333361265,23.357161383960896
41060805,41081566,into_BD,777.1,41.374,4,2,0,Chattogram,92.37774386165302,23.355589496984088
41060805,41081566,out_of_BD,777.1,41.374,4,2,0,Chattogram,92.38106917294525,23.35226416826208
41060805,41081566,into_BD,777.1,41.374,4,2,0,Chattogram,92.38125000027166,23.35119797151631
41060805,41081566,out_of_BD,777.1,41.374,4,2,0,Chattogram,92.38125000031768,23.35097167467398
41061390,41081566,into_BD,816.7,43.826,4,2,0,Chattogram,92.37568145420403,23.338181495168822
41062080,41081566,out_of_BD,837.6,45.134,4,2,0,Chattogram,92.36875000022229,23.326417886209164
41062495,41063682,into_BD,4.9,0.255,1,2,0,Chattogram,91.29020624360277,23.31937293292112
41062507,41062507,out_of_BD,3.0,0.185,1,3,0,Chattogram,92.36565655035317,23.32291667726037
41062706,41062706,into_BD,4.7,0.245,1,3,0,Chattogram,91.30677897102682,23.315112346738324
41062712,41062712,out_of_BD,3.2,0.199,1,4,0,Chattogram,92.36875000417803,23.318701174644755
41062890,41062890,into_BD,9.5,0.491,1,3,0,Chattogram,91.31396678064843,23.30625000698491
41062892,41081566,into_BD,848.0,45.806,4,2,0,Chattogram,92.36950008947207,23.322166707440577
41062892,41081566,out_of_BD,848.0,45.806,4,2,0,Chattogram,92.37766718452407,23.31400023594866
41062892,41081566,into_BD,848.0,45.806,4,2,0,Chattogram,92.3820003392244,23.30966682120887
41062893,41062893,into_BD,19.3,1.229,2,3,0,Chattogram,92.38652105678716,23.30625001078557
41063271,41110806,out_of_BD,137.7,2.916,2,1,0,Khulna,88.74375006052608,23.3275147300698
41063271,41110806,into_BD,137.7,2.916,2,1,0,Khulna,88.74765913046703,23.31900754824296
41063271,41110806,out_of_BD,137.7,2.916,2,1,1,Khulna,88.7451075047788,23.31177420793902
41063271,41110806,into_BD,137.7,2.916,2,1,0,Khulna,88.73048969126657,23.30965638270197
41063271,41110806,out_of_BD,137.7,2.916,2,1,0,Khulna,88.72600191984769,23.30625005400472
41063271,41110806,into_BD,137.7,2.916,2,1,4,Khulna,88.70774310298134,23.303576474460456
41063285,41067886,into_BD,9.7,0.505,1,2,0,Chattogram,91.31548246319568,23.301184388946403
41063289,41063290,out_of_BD,3.5,0.187,1,4,0,Chattogram,91.75146189583637,23.302705069461297
41063291,41064610,out_of_BD,10.4,0.55,1,3,0,Chattogram,91.7640047326182,23.301504754171532
41064146,41064146,into_BD,5.1,0.27,1,3,0,Chattogram,91.30273776589478,23.286071169821017
41064147,41066790,into_BD,49.9,2.579,3,2,0,Chattogram,91.41433334068444,23.281500003583385
41064148,41064148,into_BD,8.5,0.444,1,3,0,Chattogram,91.41458333420637,23.282495043869012
41064373,41064373,into_BD,6.7,0.357,1,4,0,Chattogram,91.76001923452992,23.28125001797125
41064374,41064610,into_BD,24.4,1.287,2,3,0,Chattogram,91.76041667300834,23.289368545080947
41064621,41081566,out_of_BD,874.6,47.529,4,2,0,Chattogram,92.38541666971548,23.302510293341783
41064621,41081566,into_BD,874.6,47.529,4,2,0,Chattogram,92.38502563262011,23.293358981529824
41064621,41081566,out_of_BD,874.6,47.529,4,2,0,Chattogram,92.38280204140653,23.288031406571662
41064621,41081566,into_BD,874.6,47.529,4,2,0,Chattogram,92.38958333426717,23.274389891147457
41064813,41081566,out_of_BD,916.3,50.194,4,2,0,Chattogram,92.39050002227766,23.27200001014763
41065015,41065015,into_BD,10.6,0.563,1,3,0,Chattogram,91.31654372485832,23.28125009192949
41065015,41065015,out_of_BD,10.6,0.563,1,3,0,Chattogram,91.31041666709221,23.276635639129335
41065015,41065015,into_BD,10.6,0.563,1,3,0,Chattogram,91.31041666767517,23.274369572948565
41065020,41081334,out_of_BD,81.4,4.299,3,2,0,Chattogram,91.76875000233527,23.27094907485269
41065232,41065232,into_BD,5.3,0.282,1,3,2,Chattogram,91.40940219323758,23.269764509128095
41065232,41065232,out_of_BD,5.3,0.282,1,3,4,Chattogram,91.41666512808247,23.260416680495428
41065233,41066790,out_of_BD,62.7,3.25,3,2,0,Chattogram,91.41875000272478,23.27192824937736
41065233,41066790,into_BD,62.7,3.25,3,2,0,Chattogram,91.41875000482379,23.271016441437556
41065233,41066790,out_of_BD,62.7,3.25,3,2,0,Chattogram,91.41875000613669,23.270332585415876
41065468,41065705,into_BD,3.7,0.199,1,3,0,Chattogram,91.39699874892696,23.256250095750048
41065469,41065469,out_of_BD,2.8,0.147,1,4,0,Chattogram,91.40211155202398,23.260388545499694
41065469,41065469,into_BD,2.8,0.147,1,4,0,Chattogram,91.40616554444529,23.25633446136491
41065470,41065470,into_BD,6.5,0.344,1,2,0,Chattogram,91.43339710469115,23.262436277002806
41065471,41087861,into_BD,649.5,33.288,4,1,0,Chattogram,91.4475485708633,23.260416993238255
41065479,41081334,into_BD,86.4,4.556,3,2,0,Chattogram,91.77516675877847,23.258166710505396
41065706,41066790,into_BD,69.0,3.584,3,2,6,Chattogram,91.41875000015501,23.256412138237614
41065706,41066790,out_of_BD,69.0,3.584,3,2,6,Chattogram,91.41853294170565,23.25603295050588
41065706,41066790,into_BD,69.0,3.584,3,2,6,Chattogram,91.41836486854353,23.255864883493413
41065922,41110806,out_of_BD,178.5,3.773,2,1,39,Khulna,88.70625000859778,23.29171240615132
41065937,41081334,out_of_BD,96.6,5.102,3,2,0,Chattogram,91.77708333523591,23.254745371008863
41066169,41066992,into_BD,21.9,1.163,2,3,0,Chattogram,91.32647342461651,23.252083340243505
41066173,41081334,into_BD,102.9,5.439,3,2,0,Chattogram,91.77733334066167,23.247666670154185
41066599,41066599,into_BD,4.3,0.234,1,4,0,Chattogram,91.32370543795683,23.235416675149317
41066600,41066600,into_BD,6.3,0.344,1,3,0,Chattogram,91.78257948848342,23.23541681036002
41066606,41066606,into_BD,2.0,0.129,1,4,0,Chattogram,92.39444037052314,23.236107138694916
41066606,41066606,out_of_BD,2.0,0.129,1,4,10,Chattogram,92.40047328394176,23.23958334643201
41066804,41065944,into_BD,6.5,0.422,1,4,0,Chattogram,92.37291666674673,23.23563117698863
41067199,41067199,into_BD,7.9,0.176,1,3,3,Khulna,88.91467016569774,23.227068370519493
41067222,41067222,into_BD,11.2,0.604,1,2,0,Chattogram,91.39224258578774,23.243750118621058
41067440,41078529,out_of_BD,90.1,1.928,2,2,8,Khulna,88.8312501241971,23.237351341981803
41067463,41067887,into_BD,8.5,0.459,1,3,0,Chattogram,91.3237686716339,23.22291669825016
41067664,41067664,into_BD,3.4,0.184,1,3,0,Chattogram,91.78958333348649,23.218537998211886
41067872,41067872,into_BD,7.9,0.18,1,3,0,Khulna,88.96875001466645,23.220547444790288
41067889,41067889,into_BD,10.5,0.57,1,2,0,Chattogram,91.38152459318488,23.21041709336391
41067892,41070167,into_BD,14.8,0.8,1,3,0,Chattogram,91.46531143261427,23.235416679465423
41067892,41070167,out_of_BD,14.8,0.8,1,3,0,Chattogram,91.45208333590946,23.221274212586568
41067892,41070167,into_BD,14.8,0.8,1,3,0,Chattogram,91.45208333740311,23.218779471383783
41067893,41067893,into_BD,5.1,0.279,1,4,0,Chattogram,91.4769452794507,23.218611957728065
41068119,41068119,into_BD,6.3,0.347,1,3,0,Chattogram,91.78721984871919,23.206250037440363
41068515,41068515,out_of_BD,28.0,0.647,2,2,0,Khulna,88.98592939006944,23.202596074688493
41068515,41068515,into_BD,28.0,0.647,2,2,7,Khulna,88.98692635039392,23.203593055498356
41068537,41068537,into_BD,9.1,0.497,1,4,0,Chattogram,91.32380202927551,23.209531641688617
41068544,41081334,out_of_BD,166.4,8.85,3,2,0,Chattogram,91.79375000050605,23.198263889060797
41068919,41068515,out_of_BD,12.0,0.275,1,2,0,Khulna,88.96389010272068,23.19305680625104
41068919,41068515,into_BD,12.0,0.275,1,2,0,Khulna,88.98285070798273,23.197916713889942
41068939,41068939,into_BD,2.4,0.13,1,5,0,Chattogram,91.47649998451821,23.193166672614254
41069111,41069111,into_BD,3.6,0.197,1,3,0,Chattogram,91.3785962250128,23.18541674462643
41069112,41069113,into_BD,3.4,0.185,1,2,0,Chattogram,91.37936109544091,23.189583347009993
41069114,41069330,out_of_BD,5.7,0.313,1,4,1,Chattogram,91.48125001171886,23.198366082371628
41069114,41069330,into_BD,5.7,0.313,1,4,0,Chattogram,91.48125000259901,23.190404489371186
41069115,41072229,into_BD,16.2,0.883,2,2,0,Chattogram,91.50362035514544,23.191120396612035
41069115,41072229,out_of_BD,16.2,0.883,2,2,0,Chattogram,91.50208333416067,23.18666863892274
41069117,41069117,into_BD,2.8,0.154,1,3,0,Chattogram,91.79375000069186,23.186758159910237
41069117,41069117,out_of_BD,2.8,0.154,1,3,0,Chattogram,91.79375000079166,23.187436201622074
41069331,41069331,into_BD,2.8,0.152,1,3,0,Chattogram,91.48774937500451,23.191417308275298
41069332,41072229,into_BD,22.7,1.242,2,2,0,Chattogram,91.50183349724935,23.185166840617725
41069333,41069333,into_BD,4.9,0.272,1,3,0,Chattogram,91.5068885279806,23.18125003674809
41069333,41069333,out_of_BD,4.9,0.272,1,3,0,Chattogram,91.50250153869224,23.184998478701452
41069530,41069530,into_BD,3.2,0.175,1,3,4,Chattogram,91.32456298048676,23.177083545394535
41069950,41070166,into_BD,3.8,0.209,1,2,0,Chattogram,91.32457729705952,23.168750046192287
41070403,41070403,into_BD,8.9,0.495,1,2,0,Chattogram,91.38316041380561,23.16458345730933
41070408,41070408,into_BD,2.8,0.153,1,4,0,Chattogram,91.49675827284179,23.16759170609568
41070408,41070408,out_of_BD,2.8,0.153,1,4,0,Chattogram,91.49375000073113,23.161435496806085
41070409,41081334,into_BD,187.7,9.963,3,2,0,Chattogram,91.79482925187261,23.188504167683014
41070409,41081334,out_of_BD,187.7,9.963,3,2,0,Chattogram,91.80163643997948,23.181696932165124
41070409,41081334,into_BD,187.7,9.963,3,2,0,Chattogram,91.80625000008236,23.16052972143601
41070644,41070407,into_BD,23.9,1.328,2,3,0,Chattogram,91.49099996895097,23.157666675511607
41070645,41070645,into_BD,7.5,0.422,1,3,0,Chattogram,91.8061752876287,23.15629420253042
41070860,41070407,into_BD,18.2,1.009,2,3,0,Chattogram,91.5059924067239,23.152340937767722
41070860,41070407,out_of_BD,18.2,1.009,2,3,0,Chattogram,91.5043276257512,23.15400575539466
41071285,41071285,into_BD,2.2,0.123,1,3,0,Chattogram,91.80979166612357,23.143750011154857
41071286,41081334,out_of_BD,215.0,11.451,3,2,0,Chattogram,91.81251082828716,23.14584420642439
41071286,41081334,into_BD,215.0,11.451,3,2,0,Chattogram,91.81150562261416,23.1448389905448
41071294,41071294,out_of_BD,3.9,0.258,1,3,0,Chattogram,92.36029412248578,23.14375000157174
41071295,41082865,out_of_BD,23.1,1.506,1,2,0,Chattogram,92.353077736135,23.20525563146704
41071295,41082865,into_BD,23.1,1.506,1,2,0,Chattogram,92.35285367245861,23.194520366588108
41071295,41082865,out_of_BD,23.1,1.506,1,2,0,Chattogram,92.35273538868942,23.188931302855252
41071295,41082865,into_BD,23.1,1.506,1,2,0,Chattogram,92.35625000121337,23.18432538151514
41071295,41082865,out_of_BD,23.1,1.506,1,2,0,Chattogram,92.35625000369221,23.180256228517035
41071295,41082865,into_BD,23.1,1.506,1,2,0,Chattogram,92.35625000372085,23.17822165123461
41071295,41082865,out_of_BD,23.1,1.506,1,2,0,Chattogram,92.3578324530382,23.171334257984906
41071295,41082865,into_BD,23.1,1.506,1,2,0,Chattogram,92.36135235274806,23.1530190510964
41071295,41082865,out_of_BD,23.1,1.506,1,2,0,Chattogram,92.36042807560189,23.151997249533128
41071295,41082865,into_BD,23.1,1.506,1,2,0,Chattogram,92.36041666834781,23.147932207143082
41071295,41082865,out_of_BD,23.1,1.506,1,2,0,Chattogram,92.36041666834353,23.147706141948436
41071295,41082865,into_BD,23.1,1.506,1,2,0,Chattogram,92.3604166672442,23.14454122854719
41071295,41082865,out_of_BD,23.1,1.506,1,2,0,Chattogram,92.36041666675617,23.143863032654128
41071521,41073059,into_BD,8.9,0.498,1,2,0,Chattogram,91.32755783940192,23.156250085119037
41071783,41071783,into_BD,4.1,0.234,1,3,0,Chattogram,91.33610043771942,23.13541681647254
41071784,41071071,into_BD,6.9,0.391,1,2,1,Chattogram,91.39124917683372,23.13958336858169
41072242,41082865,into_BD,33.5,2.193,2,2,0,Chattogram,92.35736911245351,23.136535814830854
41072242,41082865,out_of_BD,33.5,2.193,2,2,0,Chattogram,92.35680391700171,23.134862796324988
41072242,41082865,into_BD,33.5,2.193,2,2,0,Chattogram,92.3611538089903,23.130513039773287
41072243,41072243,into_BD,8.3,0.55,2,3,0,Chattogram,92.36593137223662,23.127083345379386
41072434,41074026,into_BD,7.1,0.405,1,3,0,Chattogram,91.39643006319976,23.12708387110818
41072626,41072626,into_BD,3.0,0.17,1,4,0,Chattogram,91.39599015513512,23.118750026414602
41072824,41072824,into_BD,15.8,0.893,1,2,0,Chattogram,91.51066517527744,23.135416692369535
41073032,41073032,out_of_BD,15.6,0.356,2,3,30,Khulna,88.89666502975669,23.111668346714065
41073061,41073061,into_BD,3.2,0.182,1,4,0,Chattogram,91.40070055499721,23.114583455639984
41073328,41074482,into_BD,4.9,0.282,1,3,0,Chattogram,91.34126990874222,23.12043704086735
41073558,41073558,into_BD,27.2,1.539,1,2,0,Chattogram,91.51987003287893,23.11570340111593
41073813,41081334,out_of_BD,243.4,12.954,3,2,0,Chattogram,91.8111917469479,23.119525107386785
41073813,41081334,into_BD,243.4,12.954,3,2,0,Chattogram,91.81607117046184,23.108928873267402
41073813,41081334,out_of_BD,243.4,12.954,3,2,0,Chattogram,91.81660154263731,23.10410158731888
41073813,41081334,into_BD,243.4,12.954,3,2,0,Chattogram,91.81458333385156,23.101204597782463
41074029,41074029,into_BD,2.0,0.114,1,3,0,Chattogram,91.81382316741099,23.097156543724907
41074261,41076434,into_BD,7.3,0.416,1,2,0,Chattogram,91.52264799095616,23.093481334990255
41074691,41074691,into_BD,3.6,0.206,1,3,0,Chattogram,91.35972557556019,23.08472567361922
41074694,41081334,out_of_BD,248.5,13.205,3,2,0,Chattogram,91.81466638584111,23.09783361787726
41074694,41081334,into_BD,248.5,13.205,3,2,0,Chattogram,91.82167099437355,23.082495712167276
41074695,41074695,out_of_BD,105.4,5.973,3,3,0,Chattogram,91.83254485259245,23.0950450142057
41074695,41074695,into_BD,105.4,5.973,3,3,3,Chattogram,91.82955967628284,23.092059825725137
41074695,41074695,out_of_BD,105.4,5.973,3,3,0,Chattogram,91.82806713742958,23.090567211928022
41074695,41074695,into_BD,105.4,5.973,3,3,0,Chattogram,91.82711918995301,23.08955507964916
41074911,41082865,out_of_BD,75.6,4.965,3,2,0,Chattogram,92.36132955817729,23.10117047393976
41074911,41082865,into_BD,75.6,4.965,3,2,0,Chattogram,92.37570777062002,23.08679252206234
41074911,41082865,out_of_BD,75.6,4.965,3,2,0,Chattogram,92.38135071782902,23.08114965252526
41075113,41075113,into_BD,11.7,0.669,1,3,0,Chattogram,91.52824565959457,23.07824569526001
41075321,41076660,into_BD,3.6,0.207,1,2,0,Chattogram,91.36875000229317,23.071180556118463
41075322,41075322,into_BD,2.6,0.15,1,3,0,Chattogram,91.37185019362647,23.068750071815135
41075334,41082865,into_BD,95.7,6.309,3,2,0,Chattogram,92.38541666692419,23.069097222396273
41075335,41075335,into_BD,3.0,0.198,1,3,0,Chattogram,92.38554045537477,23.068750001583258
41075548,41081334,out_of_BD,474.4,25.963,4,2,0,Chattogram,91.8110275037555,23.068750006874364
41075548,41081334,into_BD,474.4,25.963,4,2,0,Chattogram,91.80866636925913,23.066999746090964
41075548,41081334,out_of_BD,474.4,25.963,4,2,0,Chattogram,91.80588432278917,23.06458334737541
41075548,41081334,into_BD,474.4,25.963,4,2,0,Chattogram,91.80294166555606,23.064583429567953
41075548,41081334,out_of_BD,474.4,25.963,4,2,2,Chattogram,91.79705635915683,23.064583429531222
41075548,41081334,into_BD,474.4,25.963,4,2,0,Chattogram,91.79411371000866,23.064583347302147
41075548,41081334,out_of_BD,474.4,25.963,4,2,0,Chattogram,91.78816797229236,23.070165529382646
41075551,41082865,out_of_BD,99.7,6.574,3,2,0,Chattogram,92.38733336526425,23.066833347934075
41075736,41078529,into_BD,239.3,5.245,3,2,2,Khulna,88.8895833801174,23.108294444575154
41075971,41075971,into_BD,17.0,0.384,1,3,8,Khulna,88.86391201564861,23.077754801235837
41075981,41075756,out_of_BD,9.9,0.581,1,3,0,Chattogram,91.39423748356744,23.056737501802026
41075981,41075756,into_BD,9.9,0.581,1,3,8,Chattogram,91.40839146130702,23.060416733810637
41075981,41075756,out_of_BD,9.9,0.581,1,3,3,Chattogram,91.41302646852652,23.06302650986302
41075981,41075756,into_BD,9.9,0.581,1,3,1,Chattogram,91.41620304352567,23.06458338911928
41076227,41082865,into_BD,106.4,7.025,3,2,0,Chattogram,92.39117475425616,23.053674797046575
41076228,41076228,into_BD,3.0,0.199,1,3,0,Chattogram,92.39220833258311,23.05208336342578
41076665,41081334,into_BD,513.1,27.987,4,2,0,Chattogram,91.77366837673141,23.067998318080942
41076665,41081334,out_of_BD,513.1,27.987,4,2,5,Chattogram,91.77708333610308,23.06196731613584
41076665,41081334,into_BD,513.1,27.987,4,2,0,Chattogram,91.77708333373002,23.05651583385339
41076665,41081334,out_of_BD,513.1,27.987,4,2,8,Chattogram,91.78125000037753,23.048486036042746
41076665,41081334,into_BD,513.1,27.987,4,2,8,Chattogram,91.7816656840286,23.04750099971458
41076898,41082865,out_of_BD,111.1,7.343,3,2,0,Chattogram,92.38958333471057,23.049484602184446
41076898,41082865,into_BD,111.1,7.343,3,2,0,Chattogram,92.38748976471541,23.041656476667818
41076899,41076899,into_BD,4.1,0.278,1,4,0,Chattogram,92.38627989275017,23.039583353717273
41077135,41077135,into_BD,25.3,1.441,1,3,39,Chattogram,91.76875001210854,23.04162645862636
41077135,41077135,out_of_BD,25.3,1.441,1,3,28,Chattogram,91.76875000472815,23.037110246763785
41077136,41081334,into_BD,774.6,43.629,4,2,26,Chattogram,91.77377450715758,23.0354167192293
41077136,41081334,out_of_BD,774.6,43.629,4,2,32,Chattogram,91.77009803771455,23.035416696437736
41077137,41081334,into_BD,527.7,28.776,4,2,5,Chattogram,91.78088235271956,23.03541667108215
41077137,41081334,out_of_BD,527.7,28.776,4,2,0,Chattogram,91.77843137194651,23.035416678679297
41077138,41081334,out_of_BD,518.6,28.263,4,2,0,Chattogram,91.78200604903866,23.036172742172166
41077141,41077141,out_of_BD,3.0,0.196,1,3,0,Chattogram,92.38281734095798,23.03541667954313
41077142,41082865,out_of_BD,134.5,8.883,3,2,0,Chattogram,92.38541666670973,23.039467592621687
41077626,41079028,into_BD,6.3,0.37,1,2,0,Chattogram,91.54902036017614,23.03652039465668
41077626,41079028,out_of_BD,6.3,0.37,1,2,0,Chattogram,91.54791666825628,23.034432972504604
41077869,41078133,into_BD,30.2,1.756,1,2,0,Chattogram,91.52545954061175,23.0562500130658
41077873,41077873,out_of_BD,8.3,0.492,1,3,5,Chattogram,91.78149920618328,23.03516748253335
41077882,41082865,into_BD,139.2,9.2,3,2,0,Chattogram,92.38299133835514,23.02465804905027
41078134,41078134,into_BD,18.2,1.065,1,3,0,Chattogram,91.54278929064965,23.038622927906207
41078134,41078134,out_of_BD,18.2,1.065,1,3,23,Chattogram,91.53648650610099,23.03851353040489
41078134,41078134,into_BD,18.2,1.065,1,3,7,Chattogram,91.53449604833772,23.03866274547175
41078135,41078135,into_BD,19.8,1.15,2,3,46,Chattogram,91.7520833368085,23.020453294509746
41078136,41081334,into_BD,804.0,45.155,4,2,36,Chattogram,91.76783322716973,23.03450004189612
41078136,41081334,out_of_BD,804.0,45.155,4,2,7,Chattogram,91.7609994919268,23.027666867128385
41078136,41081334,into_BD,804.0,45.155,4,2,32,Chattogram,91.75883284121159,23.025500194154155
41078528,41110806,into_BD,626.1,13.445,3,1,1,Khulna,88.87402268730042,23.013477352588634
41078528,41110806,out_of_BD,626.1,13.445,3,1,12,Khulna,88.87666974072131,23.010830277568754
41078529,41078529,out_of_BD,458.1,10.342,4,2,0,Khulna,88.87710881994485,23.043697365335486
41078529,41078529,into_BD,458.1,10.342,4,2,13,Khulna,88.87708349621983,23.022942722916156
41078529,41078529,out_of_BD,458.1,10.342,4,2,12,Khulna,88.8770833403134,23.01075520891945
41078559,41082865,out_of_BD,149.3,9.869,3,2,0,Chattogram,92.38125000019221,23.018177647810713
41078801,41081334,out_of_BD,829.5,46.521,4,2,28,Chattogram,91.74349975302763,23.010166763989908
41079028,41079028,into_BD,23.5,1.388,2,2,0,Chattogram,91.54097855134196,23.02291667888852
41079031,41079031,out_of_BD,2.4,0.142,1,3,50,Chattogram,91.74143986647285,23.006250013546417
41079238,41079238,out_of_BD,245.9,14.873,3,3,0,Chattogram,91.7789142679632,23.02941911217961
41079438,41082865,into_BD,162.3,10.742,3,2,0,Chattogram,92.38324285874947,23.004076237203208
41079438,41082865,out_of_BD,162.3,10.742,3,2,0,Chattogram,92.38224649458263,23.001086872742565
41079630,41079630,into_BD,10.5,0.621,1,3,4,Chattogram,91.71433392414345,22.989832753217655
41079631,41081334,out_of_BD,863.7,48.507,4,2,0,Chattogram,91.71985293484633,22.989583453614536
41079631,41081334,into_BD,863.7,48.507,4,2,0,Chattogram,91.71666666305688,22.98958340184175
41079632,41081334,into_BD,837.6,46.922,4,2,53,Chattogram,91.738495925981,23.005162626922257
41079645,41082865,into_BD,166.1,10.993,3,2,0,Chattogram,92.38533333083133,22.993666667707213
41079836,41079836,into_BD,5.3,0.357,1,3,0,Chattogram,92.38235982782794,22.989583344039403
41080061,41080061,into_BD,3.4,0.201,1,3,50,Chattogram,91.65016228229469,22.9834956596387
41080063,41081334,out_of_BD,876.1,49.247,4,2,24,Chattogram,91.7118339149179,22.986833954745453
41080063,41081334,into_BD,876.1,49.247,4,2,50,Chattogram,91.70616569001926,22.98533236020271
41080271,41080706,into_BD,14.0,0.84,2,3,0,Chattogram,91.55625000533449,22.996671197141552
41080271,41080706,out_of_BD,14.0,0.84,2,3,0,Chattogram,91.55625002029247,22.98353714334686
41080271,41080706,into_BD,14.0,0.84,2,3,0,Chattogram,91.5562500158519,22.981499098628685
41080272,41080272,into_BD,3.2,0.192,1,4,0,Chattogram,91.55751189973029,22.97834527035861
41080274,41081334,into_BD,1204.5,67.938,5,2,37,Chattogram,91.66004877230294,22.981250004410477
41080274,41081334,out_of_BD,1204.5,67.938,5,2,35,Chattogram,91.65857719532119,22.98125001351044
41080274,41081334,into_BD,1204.5,67.938,5,2,40,Chattogram,91.65166581946553,22.977500864355026
41080275,41081334,out_of_BD,941.2,53.217,4,2,37,Chattogram,91.66049995387708,22.981166716514792
41080276,41080276,into_BD,5.5,0.331,1,3,0,Chattogram,91.6770833409979,22.984231962939177
41080288,41080288,into_BD,10.9,0.727,2,4,1,Chattogram,92.38137412264778,22.97708338805039
41080493,41080493,into_BD,11.9,0.708,1,3,70,Chattogram,91.59375000197534,22.973709063730492
41080494,41081334,into_BD,1334.0,75.875,5,2,72,Chattogram,91.59649997143896,22.97566667777795
41080707,41080707,into_BD,31.2,1.845,2,3,48,Chattogram,91.63958333388332,22.969541649505437
41080708,41081334,out_of_BD,1209.9,68.259,5,2,48,Chattogram,91.64548771033402,22.978821086714632
41080708,41081334,into_BD,1209.9,68.259,5,2,39,Chattogram,91.6437500002889,22.976712093741398
41080897,41110806,into_BD,1113.9,24.456,4,1,23,Khulna,88.87038123930533,23.00625004662096
41080897,41110806,out_of_BD,1113.9,24.456,4,1,17,Khulna,88.86055948532297,23.00222615742274
41080897,41110806,into_BD,1113.9,24.456,4,1,27,Khulna,88.8645833518716,22.994747212926637
41080897,41110806,out_of_BD,1113.9,24.456,4,1,22,Khulna,88.86458334923306,22.987965605706812
41080897,41110806,into_BD,1113.9,24.456,4,1,22,Khulna,88.86569872491056,22.984301315156127
41080897,41110806,out_of_BD,1113.9,24.456,4,1,24,Khulna,88.86815205793953,22.98065210161434
41080897,41110806,into_BD,1113.9,24.456,4,1,27,Khulna,88.86041667208478,22.971704004369144
41081128,41081128,out_of_BD,3.0,0.195,1,3,27,Chattogram,92.37470833258493,22.960416695681506
41081129,41082865,out_of_BD,226.9,15.009,4,2,3,Chattogram,92.37708333629932,22.974914385531736
41081316,41081316,into_BD,77.1,1.779,2,2,20,Khulna,88.85615092341642,22.964583388286893
41081753,41110806,out_of_BD,1215.1,26.772,4,1,25,Khulna,88.86494836972298,22.947916680687506
41081753,41110806,into_BD,1215.1,26.772,4,1,17,Khulna,88.87395264601642,22.947916759510793
41081753,41110806,out_of_BD,1215.1,26.772,4,1,17,Khulna,88.87468272628756,22.947916743406857
41081753,41110806,into_BD,1215.1,26.772,4,1,25,Khulna,88.89350196139577,22.948164716690606
41081939,41081939,into_BD,6.5,0.155,1,2,25,Khulna,88.85960017920071,22.942933572035894
41081964,41081334,into_BD,1328.5,75.541,5,2,42,Chattogram,91.61352471152365,22.948975466393602
41081964,41081334,out_of_BD,1328.5,75.541,5,2,63,Chattogram,91.6096196192356,22.95208334180154
41081964,41081334,into_BD,1328.5,75.541,5,2,60,Chattogram,91.60742234493561,22.95208334440173
41081964,41081334,out_of_BD,1328.5,75.541,5,2,63,Chattogram,91.60306527465974,22.955268092950554
41081964,41081334,into_BD,1328.5,75.541,5,2,61,Chattogram,91.60740518709954,22.961572016905503
41081964,41081334,out_of_BD,1328.5,75.541,5,2,62,Chattogram,91.61022546363183,22.96439214614643
41081964,41081334,into_BD,1328.5,75.541,5,2,56,Chattogram,91.6059629851949,22.96903740786797
41081964,41081334,out_of_BD,1328.5,75.541,5,2,73,Chattogram,91.60247912969301,22.972521267543794
41081964,41081334,into_BD,1328.5,75.541,5,2,72,Chattogram,91.60065418140503,22.974346111745483
41081964,41081334,out_of_BD,1328.5,75.541,5,2,72,Chattogram,91.59833144874725,22.976668606239162
41081965,41081334,out_of_BD,1267.0,71.693,5,2,40,Chattogram,91.6241590513548,22.944992421663187
41082185,41082185,out_of_BD,51.6,3.242,3,3,0,Chattogram,91.61875000027688,22.94340277785851
41082865,41082865,into_BD,245.3,16.222,4,2,43,Chattogram,92.37703655909469,22.947919148190024
41082865,41082865,out_of_BD,245.3,16.222,4,2,42,Chattogram,92.37624358168308,22.947076944032656
41082865,41082865,into_BD,245.3,16.222,4,2,37,Chattogram,92.37342466552558,22.94425801816155
41082865,41082865,out_of_BD,245.3,16.222,4,2,34,Chattogram,92.37291666743081,22.93653209998489
41082865,41082865,into_BD,245.3,16.222,4,2,81,Chattogram,92.3770833337343,22.929456432635597
41083245,41110806,out_of_BD,1318.8,29.215,4,1,20,Khulna,88.90172274771217,22.92327728602998
41083246,41083246,out_of_BD,8.5,0.204,1,2,20,Khulna,88.90765015253045,22.920150189045604
41083267,41115117,into_BD,4667.0,317.313,6,1,81,Chattogram,92.3794942680912,22.929494312025984
41083693,41115117,out_of_BD,4651.0,316.244,6,1,82,Chattogram,92.40366645655962,22.917166920600593
41083694,41083694,into_BD,8.9,0.598,2,2,80,Chattogram,92.4205005542603,22.9121672648421
41084344,41115117,into_BD,4638.5,315.408,6,1,82,Chattogram,92.42600009083601,22.89900004154473
41084561,41084561,out_of_BD,3.2,0.211,1,2,82,Chattogram,92.4266626013682,22.897495951055586
41084751,41084751,out_of_BD,62.9,1.52,2,2,18,Khulna,88.90585671972379,22.9145833877305
41084776,41084776,into_BD,4.0,0.267,1,2,81,Chattogram,92.44375000034279,22.896347360377767
41084776,41084776,out_of_BD,4.0,0.267,1,2,81,Chattogram,92.43823268459825,22.889583345295417
41084973,41110806,into_BD,1402.2,31.193,4,1,24,Khulna,88.90117282123202,22.91367284916295
41084973,41110806,out_of_BD,1402.2,31.193,4,1,21,Khulna,88.89791667279962,22.908988149911163
41084995,41115117,out_of_BD,4623.3,314.386,6,1,80,Chattogram,92.43700003001759,22.888000013717726
41084996,41115117,into_BD,3859.4,260.994,6,1,74,Chattogram,92.44877539841653,22.88541712361463
41085615,41085615,into_BD,27.3,0.666,1,2,0,Khulna,88.93127948460548,22.87291683088873
41085615,41085615,out_of_BD,27.3,0.666,1,2,0,Khulna,88.92713249710405,22.872916804644806
41085615,41085615,into_BD,27.3,0.666,1,2,0,Khulna,88.91881496105589,22.877007693734548
41085615,41085615,out_of_BD,27.3,0.666,1,2,0,Khulna,88.91714299259762,22.87708336746205
41086273,41086273,into_BD,8.9,0.609,2,3,0,Chattogram,92.45566611736544,22.863999627204976
41086895,41085429,out_of_BD,743.3,51.998,3,2,0,Chattogram,92.4604166668976,22.851227869604514
41086895,41085429,into_BD,743.3,51.998,3,2,0,Chattogram,92.45920177226434,22.853298320030586
41086896,41086896,into_BD,24.7,1.696,2,3,0,Chattogram,92.46127450935549,22.84791668680689
41087354,41087354,out_of_BD,3.6,0.24,1,3,0,Chattogram,92.45732697488268,22.839583444833174
41087355,41085429,into_BD,715.0,50.061,3,2,1,Chattogram,92.46041666776846,22.841782408249955
41088088,41085429,into_BD,710.5,49.754,3,2,0,Chattogram,92.4564986600963,22.827332003517434
41088088,41085429,out_of_BD,710.5,49.754,3,2,0,Chattogram,92.46041666804555,22.8347233919582
41088724,41088724,out_of_BD,4.6,0.306,1,3,5,Chattogram,92.4562500002994,22.825835456575497
41089383,41089383,out_of_BD,3.2,0.214,1,3,0,Chattogram,92.4604166670089,22.812881743842333
41090235,41090234,out_of_BD,104.3,2.575,3,2,0,Khulna,88.95862019980659,22.79791700805535
41090235,41090234,into_BD,104.3,2.575,3,2,0,Khulna,88.94092179320452,22.790922154189353
41090235,41090234,out_of_BD,104.3,2.575,3,2,0,Khulna,88.93521537994005,22.785416669178527
41090481,41085429,out_of_BD,695.5,48.738,3,2,0,Chattogram,92.47291666739488,22.781817050559418
41090481,41085429,into_BD,695.5,48.738,3,2,0,Chattogram,92.46542842141527,22.805404979277807
41090481,41085429,out_of_BD,695.5,48.738,3,2,0,Chattogram,92.46449192712251,22.810508076843885
41090692,41090692,into_BD,21.6,1.487,2,4,0,Chattogram,92.47303922322222,22.7812500031529
41091286,41091286,out_of_BD,13.5,0.339,1,3,17,Khulna,88.92127535146552,22.770391547507575
41092148,41085429,into_BD,641.8,45.077,3,2,0,Chattogram,92.47785504540512,22.75131164907649
41092148,41085429,out_of_BD,641.8,45.077,3,2,0,Chattogram,92.47708333455702,22.75487067327419
41092148,41085429,into_BD,641.8,45.077,3,2,0,Chattogram,92.47452519195792,22.762974851756756
41092148,41085429,out_of_BD,641.8,45.077,3,2,0,Chattogram,92.47291667034558,22.777748970363582
41092148,41085429,into_BD,641.8,45.077,3,2,0,Chattogram,92.47291666766809,22.780459445054166
41093688,41093688,out_of_BD,4.6,0.313,1,3,6,Chattogram,92.5104166669809,22.733026366992977
41094068,41096367,out_of_BD,23.6,0.599,2,2,22,Khulna,88.93125000751023,22.716473368390695
41094311,41094311,out_of_BD,21.8,1.484,2,3,0,Chattogram,92.48125000385562,22.745768802194785
41095124,41095124,out_of_BD,4.8,0.327,1,3,0,Chattogram,92.51862599198232,22.68958333732
41096587,41096587,out_of_BD,36.1,2.467,2,3,0,Chattogram,92.52550151186638,22.668750012762526
41096981,41085429,into_BD,498.2,34.967,3,2,2,Chattogram,92.5265023806774,22.652664307984193
41096981,41085429,out_of_BD,498.2,34.967,3,2,8,Chattogram,92.52534046067892,22.65382625059279
41096981,41085429,into_BD,498.2,34.967,3,2,0,Chattogram,92.52334855225885,22.655818131439425
41096981,41085429,out_of_BD,498.2,34.967,3,2,0,Chattogram,92.52348073053324,22.656814084783434
41096981,41085429,into_BD,498.2,34.967,3,2,0,Chattogram,92.52580462139086,22.659137992736934
41096981,41085429,out_of_BD,498.2,34.967,3,2,0,Chattogram,92.52680059853769,22.66013394317494
41096981,41085429,into_BD,498.2,34.967,3,2,3,Chattogram,92.52708333403818,22.661842688634863
41096981,41085429,out_of_BD,498.2,34.967,3,2,0,Chattogram,92.52708333454528,22.66523972775231
41097170,41097170,out_of_BD,28.1,0.728,2,2,0,Khulna,88.94033329412389,22.659666735602887
41097170,41097170,into_BD,28.1,0.728,2,2,0,Khulna,88.93866652469355,22.65949995687302
41097170,41097170,out_of_BD,28.1,0.728,2,2,23,Khulna,88.934833024765,22.655666700730325
41097170,41097170,into_BD,28.1,0.728,2,2,23,Khulna,88.9316663798519,22.652500050867808
41097170,41097170,out_of_BD,28.1,0.728,2,2,64,Khulna,88.92983312500785,22.650666707855414
41097170,41097170,into_BD,28.1,0.728,2,2,65,Khulna,88.92949981113647,22.65033337123375
41097170,41097170,out_of_BD,28.1,0.728,2,2,67,Khulna,88.92749996144806,22.648333341630323
41097198,41097198,out_of_BD,2.2,0.15,1,3,0,Chattogram,92.52420833273024,22.647916696932395
41097834,41110806,into_BD,3008.4,69.305,5,1,67,Khulna,88.92766335464815,22.647336669481888
41097834,41110806,out_of_BD,3008.4,69.305,5,1,59,Khulna,88.93125000167163,22.635755819236593
41098076,41085429,out_of_BD,484.4,33.953,3,2,0,Chattogram,92.52916754673775,22.63333249904427
41098076,41085429,into_BD,484.4,33.953,3,2,0,Chattogram,92.52733493588147,22.635165074508425
41098076,41085429,out_of_BD,484.4,33.953,3,2,0,Chattogram,92.52708333433837,22.636664583319796
41098077,41098077,into_BD,8.7,0.61,1,3,0,Chattogram,92.53210297631433,22.63125000881101
41098489,41085429,out_of_BD,471.3,33.003,3,2,0,Chattogram,92.52935014750618,22.625183525107538
41098489,41085429,into_BD,471.3,33.003,3,2,0,Chattogram,92.53125000004418,22.6272404568079
41098848,41098848,out_of_BD,2.8,0.191,1,3,2,Chattogram,92.5296249995372,22.614583356748838
41098849,41085429,into_BD,466.0,32.615,3,2,4,Chattogram,92.52985393218006,22.620146108596735
41098849,41085429,out_of_BD,466.0,32.615,3,2,4,Chattogram,92.52918228206211,22.620817763692095
41098849,41085429,into_BD,466.0,32.615,3,2,0,Chattogram,92.52783896222584,22.62216106494697
41099014,41110806,into_BD,3029.2,69.768,5,1,75,Khulna,88.94870379910306,22.618750215382452
41099040,41085429,into_BD,462.4,32.35,3,2,2,Chattogram,92.53516667375325,22.610666669896638
41099040,41085429,out_of_BD,462.4,32.35,3,2,0,Chattogram,92.53383336293884,22.61200001349438
41099828,41099828,into_BD,6.7,0.179,1,2,70,Khulna,88.94375001040036,22.597249627890022
41100060,41085429,out_of_BD,452.3,31.635,3,2,0,Chattogram,92.53541666695779,22.589924354362225
41100060,41085429,into_BD,452.3,31.635,3,2,0,Chattogram,92.5354166683645,22.591970480234817
41100060,41085429,out_of_BD,452.3,31.635,3,2,0,Chattogram,92.53541666879899,22.59879089605951
41100060,41085429,into_BD,452.3,31.635,3,2,0,Chattogram,92.53350064599988,22.608500690297735
41100060,41085429,out_of_BD,452.3,31.635,3,2,2,Chattogram,92.53466691313778,22.609666939454836
41100253,41085429,into_BD,439.6,30.717,3,2,0,Chattogram,92.53716669723984,22.587833347270426
41101494,41101494,out_of_BD,9.1,0.624,2,3,0,Chattogram,92.52291666681359,22.560983313479912
41101495,41085429,into_BD,415.6,29.013,3,2,0,Chattogram,92.52415907526134,22.56165911249571
41101495,41085429,out_of_BD,415.6,29.013,3,2,0,Chattogram,92.52498736000793,22.56248740448853
41101495,41085429,into_BD,415.6,29.013,3,2,0,Chattogram,92.52708333341702,22.56488804600321
41101495,41085429,out_of_BD,415.6,29.013,3,2,0,Chattogram,92.52789807479127,22.56956476946009
41101495,41085429,into_BD,415.6,29.013,3,2,0,Chattogram,92.5310456774971,22.572712352465555
41101495,41085429,out_of_BD,415.6,29.013,3,2,0,Chattogram,92.53460141147455,22.572916675166713
41101495,41085429,into_BD,415.6,29.013,3,2,0,Chattogram,92.53635284403609,22.57385287505918
41101495,41085429,out_of_BD,415.6,29.013,3,2,0,Chattogram,92.53784382040789,22.57534386371827
41101908,41101908,out_of_BD,6.9,0.475,1,4,0,Chattogram,92.52181945843815,22.560416677139568
41102104,41085429,out_of_BD,395.0,27.559,3,2,0,Chattogram,92.52551217396432,22.5578213159393
41102432,41085429,out_of_BD,369.0,25.757,3,2,0,Chattogram,92.53500012398523,22.544166723236856
41102432,41085429,into_BD,369.0,25.757,3,2,0,Chattogram,92.53166669046297,22.547500010858304
41102433,41102433,into_BD,10.5,0.735,1,3,0,Chattogram,92.539705361994,22.539583334866755
41102983,41110806,out_of_BD,3104.7,71.597,5,1,74,Khulna,88.93958341273036,22.582303753922776
41102983,41110806,into_BD,3104.7,71.597,5,1,86,Khulna,88.93958336933143,22.56719603035271
41102983,41110806,out_of_BD,3104.7,71.597,5,1,76,Khulna,88.95519170813931,22.553141962283124
41102984,41102984,out_of_BD,10.1,0.273,1,2,86,Khulna,88.9710594572557,22.52708334671243
41103794,41103794,out_of_BD,13.9,0.379,1,2,84,Khulna,88.97330962231742,22.510809636035397
41104014,41085429,out_of_BD,356.3,24.857,3,2,0,Chattogram,92.54816559052978,22.50649893383993
41104014,41085429,into_BD,356.3,24.857,3,2,0,Chattogram,92.54882939185067,22.50716275556754
41104014,41085429,out_of_BD,356.3,24.857,3,2,0,Chattogram,92.55115274631741,22.509486110459875
41104014,41085429,into_BD,356.3,24.857,3,2,0,Chattogram,92.55052459810933,22.51197544451705
41104014,41085429,out_of_BD,356.3,24.857,3,2,0,Chattogram,92.54791666674339,22.514874561129833
41104014,41085429,into_BD,356.3,24.857,3,2,0,Chattogram,92.54119541114443,22.529637965414565
41104014,41085429,out_of_BD,356.3,24.857,3,2,0,Chattogram,92.53958333444999,22.534259869925997
41104014,41085429,into_BD,356.3,24.857,3,2,0,Chattogram,92.53958333352219,22.539243537901203
41104218,41085429,out_of_BD,334.5,23.281,3,2,0,Chattogram,92.54791666685229,22.50289351868633
41104218,41085429,into_BD,334.5,23.281,3,2,0,Chattogram,92.54791666694034,22.504745370617705
41104219,41104219,into_BD,12.7,0.888,2,3,0,Chattogram,92.54833334448026,22.505833338565065
41105363,41085429,into_BD,300.8,20.968,3,2,0,Chattogram,92.54409381713204,22.494093830569206
41105363,41085429,out_of_BD,300.8,20.968,3,2,0,Chattogram,92.54591612598692,22.495916170289576
41105363,41085429,into_BD,300.8,20.968,3,2,0,Chattogram,92.54791666688551,22.50106566522834
41105748,41105748,out_of_BD,35.5,0.981,2,2,88,Khulna,88.99607750096757,22.468750013324858
41106376,41085429,out_of_BD,282.8,19.699,3,2,0,Chattogram,92.54791667198738,22.461118664219843
41107136,41107136,into_BD,4.0,0.112,1,2,93,Khulna,88.99237499647987,22.43958335417813
41107137,41110806,into_BD,3237.0,75.188,5,1,89,Khulna,88.99375012865052,22.455071069314627
41107376,41107376,into_BD,36.1,2.521,2,3,0,Chattogram,92.54876721465148,22.45625001972007
41107533,41110806,out_of_BD,3242.5,75.344,5,1,95,Khulna,88.99375000222413,22.43832272008354
41107715,41107715,out_of_BD,7.9,0.224,1,2,96,Khulna,88.99998412712831,22.431250040272182
41108341,41085429,out_of_BD,229.2,15.969,3,2,0,Chattogram,92.55465598072665,22.417156022509968
41108341,41085429,into_BD,229.2,15.969,3,2,0,Chattogram,92.54866368198066,22.45550301140395
41109785,41110022,out_of_BD,18.5,0.526,1,3,91,Khulna,88.98958333444065,22.393253455731422
41110423,41110806,into_BD,3277.5,76.334,5,1,95,Khulna,88.99403469497474,22.427368038494365
41110423,41110806,out_of_BD,3277.5,76.334,5,1,95,Khulna,88.99344030982164,22.427083337045843
41110424,41110424,out_of_BD,6.4,0.182,1,4,87,Khulna,88.98964837243246,22.3853409316234
41110434,41085429,into_BD,196.8,13.731,3,2,0,Chattogram,92.56207461604092,22.379592093968544
41110434,41085429,out_of_BD,196.8,13.731,3,2,0,Chattogram,92.56091283819606,22.38075384744838
41110434,41085429,into_BD,196.8,13.731,3,2,0,Chattogram,92.56041666922061,22.38329219402608
41110434,41085429,out_of_BD,196.8,13.731,3,2,0,Chattogram,92.5604166736154,22.389638294443206
41110434,41085429,into_BD,196.8,13.731,3,2,0,Chattogram,92.5604166738856,22.391904757675487
41110434,41085429,out_of_BD,196.8,13.731,3,2,0,Chattogram,92.56041667385756,22.392358050246003
41110434,41085429,into_BD,196.8,13.731,3,2,0,Chattogram,92.56023567905358,22.402264328471656
41110434,41085429,out_of_BD,196.8,13.731,3,2,0,Chattogram,92.5594058003482,22.40309423293449
41110434,41085429,into_BD,196.8,13.731,3,2,0,Chattogram,92.55675012218452,22.405749896947277
41110434,41085429,out_of_BD,196.8,13.731,3,2,0,Chattogram,92.55625000017518,22.40964672120488
41110434,41085429,into_BD,196.8,13.731,3,2,0,Chattogram,92.55283027826874,22.413836415061414
41110612,41110611,out_of_BD,91.1,2.629,3,2,94,Khulna,88.9838450334477,22.378655013293724
41111016,41111016,out_of_BD,10.3,0.71,1,3,0,Chattogram,92.56458333358204,22.370085013293455
41111362,41085429,into_BD,161.1,11.24,3,2,0,Chattogram,92.57055660106204,22.358610109983573
41111362,41085429,out_of_BD,161.1,11.24,3,2,0,Chattogram,92.56955763767733,22.35960905722656
41111974,41111974,out_of_BD,19.7,1.355,2,3,0,Chattogram,92.57206551276694,22.352083352993844
41111975,41085429,into_BD,138.9,9.702,3,2,0,Chattogram,92.57319138996793,22.343475287817636
41111975,41085429,out_of_BD,138.9,9.702,3,2,0,Chattogram,92.57291666730609,22.3451843621247
41111975,41085429,into_BD,138.9,9.702,3,2,0,Chattogram,92.57291666766663,22.346541537251333
41111975,41085429,out_of_BD,138.9,9.702,3,2,0,Chattogram,92.57291666752562,22.34993447407643
41112971,41111342,out_of_BD,40.7,1.184,2,3,99,Khulna,89.00152461474919,22.322916672909322
41112971,41111342,into_BD,40.7,1.184,2,3,99,Khulna,88.9967364993297,22.324096874296362
41113212,41113212,out_of_BD,2.6,0.179,1,3,0,Chattogram,92.58012499968123,22.314583351109146
41113406,41111342,out_of_BD,18.3,0.532,2,3,99,Khulna,89.0111667881783,22.313833403711175
41113406,41111342,into_BD,18.3,0.532,2,3,99,Khulna,89.00733339014987,22.317666699576073
41113832,41085429,into_BD,112.3,7.84,3,2,0,Chattogram,92.58125000058988,22.302878788450446
41113832,41085429,out_of_BD,112.3,7.84,3,2,0,Chattogram,92.5812500014153,22.304242425613808
41114338,41114338,out_of_BD,7.9,0.549,1,3,0,Chattogram,92.58116696241997,22.3020002991925
41115105,41115105,out_of_BD,23.8,0.697,1,1,98,Khulna,89.01057963567226,22.29775370510778
41115105,41115105,into_BD,23.8,0.697,1,1,98,Khulna,89.01017039007523,22.297916672828944
41115105,41115105,out_of_BD,23.8,0.697,1,1,98,Khulna,89.00337345323085,22.297916694782426
41115105,41115105,into_BD,23.8,0.697,1,1,98,Khulna,89.00163925254958,22.297472617954163
41115105,41115105,out_of_BD,23.8,0.697,1,1,97,Khulna,88.9948592974316,22.29069270411305
41115105,41115105,into_BD,23.8,0.697,1,1,97,Khulna,88.99479045723405,22.288543061628022
41115105,41115105,out_of_BD,23.8,0.697,1,1,99,Khulna,89.00454691690007,22.27878713954896
41115128,41115128,out_of_BD,12.7,0.88,2,4,0,Chattogram,92.580147938462,22.27708335787083
41115786,41115786,into_BD,4.0,0.117,1,1,98,Khulna,89.01195832834851,22.256250029399666
41115967,41085429,out_of_BD,64.8,4.53,3,2,0,Chattogram,92.58958333356811,22.254911092441745
41115967,41085429,into_BD,64.8,4.53,3,2,0,Chattogram,92.58541666690384,22.26175551378107
41115967,41085429,out_of_BD,64.8,4.53,3,2,0,Chattogram,92.58541666689445,22.263339056409695
41116729,41085429,out_of_BD,55.5,3.878,3,2,0,Chattogram,92.58958333368024,22.235759132762478
41116729,41085429,into_BD,55.5,3.878,3,2,0,Chattogram,92.58958333390378,22.235987443485232
41118347,41085429,out_of_BD,39.2,2.742,2,2,0,Chattogram,92.59375000026989,22.20264924284264
41118347,41085429,into_BD,39.2,2.742,2,2,0,Chattogram,92.58958333605935,22.233039857064952
41119509,41085429,into_BD,26.8,1.88,2,2,0,Chattogram,92.59536691178805,22.19213313077526
41120119,41085429,out_of_BD,13.3,0.93,2,2,0,Chattogram,92.5963404397337,22.177083345860517
41120681,41120681,out_of_BD,8.3,0.586,1,3,0,Chattogram,92.59791666961365,22.173336663673446
